ISO-10303-21;
HEADER;
FILE_DESCRIPTION(('FreeCAD Model'),'2;1');
FILE_NAME('Open CASCADE Shape Model','2026-07-09T13:33:49',(''),(''),
  'Open CASCADE STEP processor 7.8','FreeCAD','Unknown');
FILE_SCHEMA(('AUTOMOTIVE_DESIGN { 1 0 10303 214 1 1 1 1 }'));
ENDSEC;
DATA;
#1 = APPLICATION_PROTOCOL_DEFINITION('international standard',
  'automotive_design',2000,#2);
#2 = APPLICATION_CONTEXT(
  'core data for automotive mechanical design processes');
#3 = SHAPE_DEFINITION_REPRESENTATION(#4,#10);
#4 = PRODUCT_DEFINITION_SHAPE('','',#5);
#5 = PRODUCT_DEFINITION('design','',#6,#9);
#6 = PRODUCT_DEFINITION_FORMATION('','',#7);
#7 = PRODUCT('Mount_bracket','Mount_bracket','',(#8));
#8 = PRODUCT_CONTEXT('',#2,'mechanical');
#9 = PRODUCT_DEFINITION_CONTEXT('part definition',#2,'design');
#10 = ADVANCED_BREP_SHAPE_REPRESENTATION('',(#11,#15),#4649);
#11 = AXIS2_PLACEMENT_3D('',#12,#13,#14);
#12 = CARTESIAN_POINT('',(0.,0.,0.));
#13 = DIRECTION('',(0.,0.,1.));
#14 = DIRECTION('',(1.,0.,-0.));
#15 = MANIFOLD_SOLID_BREP('',#16);
#16 = CLOSED_SHELL('',(#17,#57,#90,#128,#166,#204,#553,#584,#933,#1282,
    #1325,#1368,#1717,#1748,#1896,#1928,#2076,#2224,#2516,#2533,#2681,
    #2973,#3001,#3410,#3422,#3831,#4240));
#17 = ADVANCED_FACE('',(#18),#52,.T.);
#18 = FACE_BOUND('',#19,.T.);
#19 = EDGE_LOOP('',(#20,#30,#38,#46));
#20 = ORIENTED_EDGE('',*,*,#21,.F.);
#21 = EDGE_CURVE('',#22,#24,#26,.T.);
#22 = VERTEX_POINT('',#23);
#23 = CARTESIAN_POINT('',(19.143549254318,-56.,-2.));
#24 = VERTEX_POINT('',#25);
#25 = CARTESIAN_POINT('',(19.143549254318,-56.,-29.5));
#26 = LINE('',#27,#28);
#27 = CARTESIAN_POINT('',(19.143549254318,-56.,-2.));
#28 = VECTOR('',#29,1.);
#29 = DIRECTION('',(-0.,-0.,-1.));
#30 = ORIENTED_EDGE('',*,*,#31,.F.);
#31 = EDGE_CURVE('',#32,#22,#34,.T.);
#32 = VERTEX_POINT('',#33);
#33 = CARTESIAN_POINT('',(-19.14354925431,-56.,-2.));
#34 = LINE('',#35,#36);
#35 = CARTESIAN_POINT('',(-19.67944763918,-56.,-2.));
#36 = VECTOR('',#37,1.);
#37 = DIRECTION('',(1.,0.,0.));
#38 = ORIENTED_EDGE('',*,*,#39,.F.);
#39 = EDGE_CURVE('',#40,#32,#42,.T.);
#40 = VERTEX_POINT('',#41);
#41 = CARTESIAN_POINT('',(-19.14354925431,-56.,-29.5));
#42 = LINE('',#43,#44);
#43 = CARTESIAN_POINT('',(-19.14354925431,-56.,-29.5));
#44 = VECTOR('',#45,1.);
#45 = DIRECTION('',(0.,0.,1.));
#46 = ORIENTED_EDGE('',*,*,#47,.F.);
#47 = EDGE_CURVE('',#24,#40,#48,.T.);
#48 = LINE('',#49,#50);
#49 = CARTESIAN_POINT('',(19.67944763918,-56.,-29.5));
#50 = VECTOR('',#51,1.);
#51 = DIRECTION('',(-1.,-0.,-0.));
#52 = PLANE('',#53);
#53 = AXIS2_PLACEMENT_3D('',#54,#55,#56);
#54 = CARTESIAN_POINT('',(-21.75,-56.,0.));
#55 = DIRECTION('',(0.,-1.,0.));
#56 = DIRECTION('',(1.,0.,0.));
#57 = ADVANCED_FACE('',(#58),#85,.T.);
#58 = FACE_BOUND('',#59,.F.);
#59 = EDGE_LOOP('',(#60,#69,#77,#84));
#60 = ORIENTED_EDGE('',*,*,#61,.T.);
#61 = EDGE_CURVE('',#22,#62,#64,.T.);
#62 = VERTEX_POINT('',#63);
#63 = CARTESIAN_POINT('',(21.075400906896,-53.48236190979,-2.));
#64 = CIRCLE('',#65,2.);
#65 = AXIS2_PLACEMENT_3D('',#66,#67,#68);
#66 = CARTESIAN_POINT('',(19.143549254318,-54.,-2.));
#67 = DIRECTION('',(-0.,0.,1.));
#68 = DIRECTION('',(0.,-1.,0.));
#69 = ORIENTED_EDGE('',*,*,#70,.T.);
#70 = EDGE_CURVE('',#62,#71,#73,.T.);
#71 = VERTEX_POINT('',#72);
#72 = CARTESIAN_POINT('',(21.075400906896,-53.48236190979,-29.5));
#73 = LINE('',#74,#75);
#74 = CARTESIAN_POINT('',(21.075400906896,-53.48236190979,-2.));
#75 = VECTOR('',#76,1.);
#76 = DIRECTION('',(-0.,-0.,-1.));
#77 = ORIENTED_EDGE('',*,*,#78,.F.);
#78 = EDGE_CURVE('',#24,#71,#79,.T.);
#79 = CIRCLE('',#80,2.);
#80 = AXIS2_PLACEMENT_3D('',#81,#82,#83);
#81 = CARTESIAN_POINT('',(19.143549254318,-54.,-29.5));
#82 = DIRECTION('',(-0.,0.,1.));
#83 = DIRECTION('',(0.,-1.,0.));
#84 = ORIENTED_EDGE('',*,*,#21,.F.);
#85 = CYLINDRICAL_SURFACE('',#86,2.);
#86 = AXIS2_PLACEMENT_3D('',#87,#88,#89);
#87 = CARTESIAN_POINT('',(19.143549254318,-54.,-2.));
#88 = DIRECTION('',(-0.,-0.,-1.));
#89 = DIRECTION('',(0.,-1.,0.));
#90 = ADVANCED_FACE('',(#91),#123,.T.);
#91 = FACE_BOUND('',#92,.F.);
#92 = EDGE_LOOP('',(#93,#107,#115,#122));
#93 = ORIENTED_EDGE('',*,*,#94,.T.);
#94 = EDGE_CURVE('',#32,#95,#97,.T.);
#95 = VERTEX_POINT('',#96);
#96 = CARTESIAN_POINT('',(-19.14354925431,-54.,1.E-15));
#97 = B_SPLINE_CURVE_WITH_KNOTS('',8,(#98,#99,#100,#101,#102,#103,#104,
    #105,#106),.UNSPECIFIED.,.F.,.F.,(9,9),(0.,1.),
  .PIECEWISE_BEZIER_KNOTS.);
#98 = CARTESIAN_POINT('',(-19.14354925431,-56.,-2.));
#99 = CARTESIAN_POINT('',(-19.14354925431,-56.,-1.607300918301));
#100 = CARTESIAN_POINT('',(-19.14354925431,-55.91187842207,
    -1.214601712992));
#101 = CARTESIAN_POINT('',(-19.14354925431,-55.73563613174,
    -0.84497353133));
#102 = CARTESIAN_POINT('',(-19.14354925431,-55.47851751156,
    -0.52148248844));
#103 = CARTESIAN_POINT('',(-19.14354925431,-55.15502646867,
    -0.264363868257));
#104 = CARTESIAN_POINT('',(-19.14354925431,-54.785398287,
    -8.81215779224E-02));
#105 = CARTESIAN_POINT('',(-19.14354925431,-54.39269908169,1.13E-15));
#106 = CARTESIAN_POINT('',(-19.14354925431,-54.,5.6E-16));
#107 = ORIENTED_EDGE('',*,*,#108,.T.);
#108 = EDGE_CURVE('',#95,#109,#111,.T.);
#109 = VERTEX_POINT('',#110);
#110 = CARTESIAN_POINT('',(19.143549254318,-54.,0.));
#111 = LINE('',#112,#113);
#112 = CARTESIAN_POINT('',(-19.67944763918,-54.,4.4E-16));
#113 = VECTOR('',#114,1.);
#114 = DIRECTION('',(1.,0.,0.));
#115 = ORIENTED_EDGE('',*,*,#116,.F.);
#116 = EDGE_CURVE('',#22,#109,#117,.T.);
#117 = CIRCLE('',#118,2.);
#118 = AXIS2_PLACEMENT_3D('',#119,#120,#121);
#119 = CARTESIAN_POINT('',(19.143549254318,-54.,-2.));
#120 = DIRECTION('',(-1.,0.,0.));
#121 = DIRECTION('',(0.,-1.,0.));
#122 = ORIENTED_EDGE('',*,*,#31,.F.);
#123 = CYLINDRICAL_SURFACE('',#124,2.);
#124 = AXIS2_PLACEMENT_3D('',#125,#126,#127);
#125 = CARTESIAN_POINT('',(-19.67944763918,-54.,-2.));
#126 = DIRECTION('',(1.,0.,0.));
#127 = DIRECTION('',(0.,-1.,0.));
#128 = ADVANCED_FACE('',(#129),#161,.T.);
#129 = FACE_BOUND('',#130,.F.);
#130 = EDGE_LOOP('',(#131,#145,#153,#160));
#131 = ORIENTED_EDGE('',*,*,#132,.T.);
#132 = EDGE_CURVE('',#24,#133,#135,.T.);
#133 = VERTEX_POINT('',#134);
#134 = CARTESIAN_POINT('',(19.143549254318,-54.,-31.5));
#135 = B_SPLINE_CURVE_WITH_KNOTS('',8,(#136,#137,#138,#139,#140,#141,
    #142,#143,#144),.UNSPECIFIED.,.F.,.F.,(9,9),(0.,1.),
  .PIECEWISE_BEZIER_KNOTS.);
#136 = CARTESIAN_POINT('',(19.143549254318,-56.,-29.5));
#137 = CARTESIAN_POINT('',(19.143549254317,-56.,-29.89269908169));
#138 = CARTESIAN_POINT('',(19.143549254318,-55.91187842207,-30.285398287
    ));
#139 = CARTESIAN_POINT('',(19.143549254317,-55.73563613174,
    -30.65502646867));
#140 = CARTESIAN_POINT('',(19.143549254319,-55.47851751156,
    -30.97851751155));
#141 = CARTESIAN_POINT('',(19.143549254317,-55.15502646867,
    -31.23563613174));
#142 = CARTESIAN_POINT('',(19.143549254318,-54.785398287,-31.41187842207
    ));
#143 = CARTESIAN_POINT('',(19.143549254318,-54.39269908169,-31.5));
#144 = CARTESIAN_POINT('',(19.143549254318,-54.,-31.5));
#145 = ORIENTED_EDGE('',*,*,#146,.T.);
#146 = EDGE_CURVE('',#133,#147,#149,.T.);
#147 = VERTEX_POINT('',#148);
#148 = CARTESIAN_POINT('',(-19.14354925431,-54.,-31.5));
#149 = LINE('',#150,#151);
#150 = CARTESIAN_POINT('',(19.67944763918,-54.,-31.5));
#151 = VECTOR('',#152,1.);
#152 = DIRECTION('',(-1.,-0.,-0.));
#153 = ORIENTED_EDGE('',*,*,#154,.F.);
#154 = EDGE_CURVE('',#40,#147,#155,.T.);
#155 = CIRCLE('',#156,2.);
#156 = AXIS2_PLACEMENT_3D('',#157,#158,#159);
#157 = CARTESIAN_POINT('',(-19.14354925431,-54.,-29.5));
#158 = DIRECTION('',(1.,0.,0.));
#159 = DIRECTION('',(0.,-1.,0.));
#160 = ORIENTED_EDGE('',*,*,#47,.F.);
#161 = CYLINDRICAL_SURFACE('',#162,2.);
#162 = AXIS2_PLACEMENT_3D('',#163,#164,#165);
#163 = CARTESIAN_POINT('',(19.67944763918,-54.,-29.5));
#164 = DIRECTION('',(-1.,-0.,-0.));
#165 = DIRECTION('',(0.,-1.,0.));
#166 = ADVANCED_FACE('',(#167),#199,.T.);
#167 = FACE_BOUND('',#168,.F.);
#168 = EDGE_LOOP('',(#169,#183,#191,#198));
#169 = ORIENTED_EDGE('',*,*,#170,.T.);
#170 = EDGE_CURVE('',#40,#171,#173,.T.);
#171 = VERTEX_POINT('',#172);
#172 = CARTESIAN_POINT('',(-21.07540090689,-53.48236190979,-29.5));
#173 = B_SPLINE_CURVE_WITH_KNOTS('',8,(#174,#175,#176,#177,#178,#179,
    #180,#181,#182),.UNSPECIFIED.,.F.,.F.,(9,9),(0.,1.),
  .PIECEWISE_BEZIER_KNOTS.);
#174 = CARTESIAN_POINT('',(-19.14354925431,-56.,-29.5));
#175 = CARTESIAN_POINT('',(-19.60169818296,-56.,-29.5));
#176 = CARTESIAN_POINT('',(-20.0598475468,-55.8800563969,-29.5));
#177 = CARTESIAN_POINT('',(-20.48135926304,-55.64017308056,-29.5));
#178 = CARTESIAN_POINT('',(-20.82961320499,-55.29376237281,-29.5));
#179 = CARTESIAN_POINT('',(-21.0740855014,-54.86771720757,-29.5));
#180 = CARTESIAN_POINT('',(-21.19669973205,-54.39848178391,-29.5));
#181 = CARTESIAN_POINT('',(-21.19397857512,-53.92489979226,-29.5));
#182 = CARTESIAN_POINT('',(-21.07540090689,-53.48236190979,-29.5));
#183 = ORIENTED_EDGE('',*,*,#184,.T.);
#184 = EDGE_CURVE('',#171,#185,#187,.T.);
#185 = VERTEX_POINT('',#186);
#186 = CARTESIAN_POINT('',(-21.07540090689,-53.48236190979,-2.));
#187 = LINE('',#188,#189);
#188 = CARTESIAN_POINT('',(-21.07540090689,-53.48236190979,-29.5));
#189 = VECTOR('',#190,1.);
#190 = DIRECTION('',(0.,0.,1.));
#191 = ORIENTED_EDGE('',*,*,#192,.F.);
#192 = EDGE_CURVE('',#32,#185,#193,.T.);
#193 = CIRCLE('',#194,2.);
#194 = AXIS2_PLACEMENT_3D('',#195,#196,#197);
#195 = CARTESIAN_POINT('',(-19.14354925431,-54.,-2.));
#196 = DIRECTION('',(-0.,-0.,-1.));
#197 = DIRECTION('',(0.,-1.,0.));
#198 = ORIENTED_EDGE('',*,*,#39,.F.);
#199 = CYLINDRICAL_SURFACE('',#200,2.);
#200 = AXIS2_PLACEMENT_3D('',#201,#202,#203);
#201 = CARTESIAN_POINT('',(-19.14354925431,-54.,-29.5));
#202 = DIRECTION('',(0.,0.,1.));
#203 = DIRECTION('',(0.,-1.,0.));
#204 = ADVANCED_FACE('',(#205),#246,.T.);
#205 = FACE_BOUND('',#206,.T.);
#206 = EDGE_LOOP('',(#207,#208,#209));
#207 = ORIENTED_EDGE('',*,*,#116,.F.);
#208 = ORIENTED_EDGE('',*,*,#61,.T.);
#209 = ORIENTED_EDGE('',*,*,#210,.F.);
#210 = EDGE_CURVE('',#109,#62,#211,.T.);
#211 = B_SPLINE_CURVE_WITH_KNOTS('',9,(#212,#213,#214,#215,#216,#217,
    #218,#219,#220,#221,#222,#223,#224,#225,#226,#227,#228,#229,#230,
    #231,#232,#233,#234,#235,#236,#237,#238,#239,#240,#241,#242,#243,
    #244,#245),.UNSPECIFIED.,.F.,.F.,(10,8,8,8,10),(0.,0.125,0.25,0.5,1.
    ),.UNSPECIFIED.);
#212 = CARTESIAN_POINT('',(19.143549254318,-54.,5.6E-16));
#213 = CARTESIAN_POINT('',(19.185690871047,-53.98870818783,5.6E-16));
#214 = CARTESIAN_POINT('',(19.22783200751,-53.97741613702,
    -1.070285442929E-03));
#215 = CARTESIAN_POINT('',(19.26994010607,-53.96611036399,
    -3.211480324383E-03));
#216 = CARTESIAN_POINT('',(19.311981344921,-53.95477664753,
    -6.422961527313E-03));
#217 = CARTESIAN_POINT('',(19.353920638058,-53.94340002868,
    -1.070285882202E-02));
#218 = CARTESIAN_POINT('',(19.395721635324,-53.9319648109,
    -1.604805486615E-02));
#219 = CARTESIAN_POINT('',(19.437346722358,-53.92045455986,
    -2.245418520472E-02));
#220 = CARTESIAN_POINT('',(19.478757020636,-53.90885210367,
    -2.991563827007E-02));
#221 = CARTESIAN_POINT('',(19.561067754258,-53.88542696167,
    -4.693547249376E-02));
#222 = CARTESIAN_POINT('',(19.602071308567,-53.87351947768,
    -5.653682254613E-02));
#223 = CARTESIAN_POINT('',(19.64157257083,-53.86260087686,
    -6.67262587753E-02));
#224 = CARTESIAN_POINT('',(19.685450726973,-53.8468800173,
    -7.966452826887E-02));
#225 = CARTESIAN_POINT('',(19.720487173331,-53.841999358,
    -9.035884992426E-02));
#226 = CARTESIAN_POINT('',(19.764973697846,-53.82576639815,
    -0.105756488087));
#227 = CARTESIAN_POINT('',(19.802527178301,-53.81658108553,
    -0.119747261714));
#228 = CARTESIAN_POINT('',(19.84203994181,-53.805137307,-0.135570996398)
  );
#229 = CARTESIAN_POINT('',(19.95832362034,-53.77222659341,
    -0.185627141314));
#230 = CARTESIAN_POINT('',(20.034418961949,-53.75070189728,
    -0.22302914947));
#231 = CARTESIAN_POINT('',(20.108706113767,-53.72973381828,
    -0.264276680806));
#232 = CARTESIAN_POINT('',(20.180935012581,-53.70942151088,
    -0.309239697807));
#233 = CARTESIAN_POINT('',(20.250940997715,-53.68983566361,
    -0.357817819121));
#234 = CARTESIAN_POINT('',(20.318599197655,-53.67103171621,
    -0.409914291537));
#235 = CARTESIAN_POINT('',(20.383778916776,-53.65306307665,
    -0.465409961966));
#236 = CARTESIAN_POINT('',(20.446298021966,-53.63599433829,
    -0.524137249418));
#237 = CARTESIAN_POINT('',(20.625035944068,-53.5877548143,
    -0.709287852109));
#238 = CARTESIAN_POINT('',(20.732710738337,-53.55947172792,
    -0.844913164631));
#239 = CARTESIAN_POINT('',(20.827342443735,-53.53558666122,
    -0.990763871767));
#240 = CARTESIAN_POINT('',(20.908493737719,-53.51618229251,
    -1.146780351555));
#241 = CARTESIAN_POINT('',(20.974542445009,-53.50172666276,
    -1.309813877449));
#242 = CARTESIAN_POINT('',(21.024589498877,-53.49186040004,
    -1.478058902295));
#243 = CARTESIAN_POINT('',(21.058554532827,-53.48551116836,
    -1.651075128404));
#244 = CARTESIAN_POINT('',(21.075400906896,-53.48236190979,
    -1.825445438472));
#245 = CARTESIAN_POINT('',(21.075400906896,-53.48236190979,-2.));
#246 = B_SPLINE_SURFACE_WITH_KNOTS('',9,8,(
    (#247,#248,#249,#250,#251,#252,#253,#254,#255)
    ,(#256,#257,#258,#259,#260,#261,#262,#263,#264)
    ,(#265,#266,#267,#268,#269,#270,#271,#272,#273)
    ,(#274,#275,#276,#277,#278,#279,#280,#281,#282)
    ,(#283,#284,#285,#286,#287,#288,#289,#290,#291)
    ,(#292,#293,#294,#295,#296,#297,#298,#299,#300)
    ,(#301,#302,#303,#304,#305,#306,#307,#308,#309)
    ,(#310,#311,#312,#313,#314,#315,#316,#317,#318)
    ,(#319,#320,#321,#322,#323,#324,#325,#326,#327)
    ,(#328,#329,#330,#331,#332,#333,#334,#335,#336)
    ,(#337,#338,#339,#340,#341,#342,#343,#344,#345)
    ,(#346,#347,#348,#349,#350,#351,#352,#353,#354)
    ,(#355,#356,#357,#358,#359,#360,#361,#362,#363)
    ,(#364,#365,#366,#367,#368,#369,#370,#371,#372)
    ,(#373,#374,#375,#376,#377,#378,#379,#380,#381)
    ,(#382,#383,#384,#385,#386,#387,#388,#389,#390)
    ,(#391,#392,#393,#394,#395,#396,#397,#398,#399)
    ,(#400,#401,#402,#403,#404,#405,#406,#407,#408)
    ,(#409,#410,#411,#412,#413,#414,#415,#416,#417)
    ,(#418,#419,#420,#421,#422,#423,#424,#425,#426)
    ,(#427,#428,#429,#430,#431,#432,#433,#434,#435)
    ,(#436,#437,#438,#439,#440,#441,#442,#443,#444)
    ,(#445,#446,#447,#448,#449,#450,#451,#452,#453)
    ,(#454,#455,#456,#457,#458,#459,#460,#461,#462)
    ,(#463,#464,#465,#466,#467,#468,#469,#470,#471)
    ,(#472,#473,#474,#475,#476,#477,#478,#479,#480)
    ,(#481,#482,#483,#484,#485,#486,#487,#488,#489)
    ,(#490,#491,#492,#493,#494,#495,#496,#497,#498)
    ,(#499,#500,#501,#502,#503,#504,#505,#506,#507)
    ,(#508,#509,#510,#511,#512,#513,#514,#515,#516)
    ,(#517,#518,#519,#520,#521,#522,#523,#524,#525)
    ,(#526,#527,#528,#529,#530,#531,#532,#533,#534)
    ,(#535,#536,#537,#538,#539,#540,#541,#542,#543)
    ,(#544,#545,#546,#547,#548,#549,#550,#551,#552
  )),.UNSPECIFIED.,.F.,.F.,.F.,(10,8,8,8,10),(9,9),(0.,0.125,0.25,0.5,1.
    ),(0.,1.),.UNSPECIFIED.);
#247 = CARTESIAN_POINT('',(19.143549254318,-56.,-2.));
#248 = CARTESIAN_POINT('',(19.143549254317,-56.,-1.607300918301));
#249 = CARTESIAN_POINT('',(19.143549254318,-55.91187842207,
    -1.214601712992));
#250 = CARTESIAN_POINT('',(19.143549254317,-55.73563613174,
    -0.84497353133));
#251 = CARTESIAN_POINT('',(19.143549254319,-55.47851751156,
    -0.52148248844));
#252 = CARTESIAN_POINT('',(19.143549254317,-55.15502646867,
    -0.264363868257));
#253 = CARTESIAN_POINT('',(19.143549254318,-54.785398287,
    -8.81215779224E-02));
#254 = CARTESIAN_POINT('',(19.143549254318,-54.39269908169,-2.E-17));
#255 = CARTESIAN_POINT('',(19.143549254318,-54.,5.6E-16));
#256 = CARTESIAN_POINT('',(19.143549254318,-56.,-2.));
#257 = CARTESIAN_POINT('',(19.151826226854,-56.,-1.609282849992));
#258 = CARTESIAN_POINT('',(19.160103205436,-55.91277792644,
    -1.218324861106));
#259 = CARTESIAN_POINT('',(19.167871327799,-55.73807053618,
    -0.848911153825));
#260 = CARTESIAN_POINT('',(19.174621981077,-55.48186557075,
    -0.522607593371));
#261 = CARTESIAN_POINT('',(19.179931222609,-55.15476807316,
    -0.261348722435));
#262 = CARTESIAN_POINT('',(19.183547991008,-54.7794955771,
    -8.424176197243E-02));
#263 = CARTESIAN_POINT('',(19.185423990133,-54.38261227437,
    2.217142135007E-03));
#264 = CARTESIAN_POINT('',(19.185690871047,-53.98870818783,5.6E-16));
#265 = CARTESIAN_POINT('',(19.143549254318,-56.,-2.));
#266 = CARTESIAN_POINT('',(19.172218208035,-56.,-1.621816819972));
#267 = CARTESIAN_POINT('',(19.187278955519,-55.91581981608,
    -1.229821412682));
#268 = CARTESIAN_POINT('',(19.206340945812,-55.74199764662,
    -0.863915648077));
#269 = CARTESIAN_POINT('',(19.221506908397,-55.48536633768,
    -0.537020662963));
#270 = CARTESIAN_POINT('',(19.23145456151,-55.1532777866,-0.272143411843
    ));
#271 = CARTESIAN_POINT('',(19.235495489579,-54.77154892536,
    -9.234279644266E-02));
#272 = CARTESIAN_POINT('',(19.227568187274,-54.3724529437,
    3.392127882883E-03));
#273 = CARTESIAN_POINT('',(19.22783200751,-53.97741613702,
    -1.070285442929E-03));
#274 = CARTESIAN_POINT('',(19.143549254318,-56.,-2.));
#275 = CARTESIAN_POINT('',(19.185654553546,-56.,-1.628556134407));
#276 = CARTESIAN_POINT('',(19.208442319305,-55.91753154743,-1.2372207118
    ));
#277 = CARTESIAN_POINT('',(19.236939212889,-55.74478950353,
    -0.873146940916));
#278 = CARTESIAN_POINT('',(19.259845227899,-55.48830508128,
    -0.544828447312));
#279 = CARTESIAN_POINT('',(19.275035947534,-55.15201053287,
    -0.27655930419));
#280 = CARTESIAN_POINT('',(19.281254065402,-54.7644644894,
    -9.530620241613E-02));
#281 = CARTESIAN_POINT('',(19.269944494395,-54.36221166648,
    3.50366336611E-03));
#282 = CARTESIAN_POINT('',(19.26994010607,-53.96611036399,
    -3.211480324383E-03));
#283 = CARTESIAN_POINT('',(19.143549254318,-56.,-2.));
#284 = CARTESIAN_POINT('',(19.198517337333,-56.,-1.63497071511));
#285 = CARTESIAN_POINT('',(19.229150456998,-55.91907095787,
    -1.244506954395));
#286 = CARTESIAN_POINT('',(19.267016312749,-55.74732108916,
    -0.882265220098));
#287 = CARTESIAN_POINT('',(19.297755067763,-55.49091751412,
    -0.552720192133));
#288 = CARTESIAN_POINT('',(19.318352467266,-55.15047788275,
    -0.281385289053));
#289 = CARTESIAN_POINT('',(19.326842551124,-54.75726595478,
    -9.889321641985E-02));
#290 = CARTESIAN_POINT('',(19.312513102403,-54.35187873626,
    2.532740466821E-03));
#291 = CARTESIAN_POINT('',(19.311981344921,-53.95477664753,
    -6.422961527313E-03));
#292 = CARTESIAN_POINT('',(19.143549254318,-56.,-2.));
#293 = CARTESIAN_POINT('',(19.210825453774,-56.,-1.641076329985));
#294 = CARTESIAN_POINT('',(19.249411871091,-55.92043822128,
    -1.251699862769));
#295 = CARTESIAN_POINT('',(19.296578501021,-55.7495917102,
    -0.891304096198));
#296 = CARTESIAN_POINT('',(19.335232826784,-55.49320192588,
    -0.56073725601));
#297 = CARTESIAN_POINT('',(19.361387985717,-55.14867748033,
    -0.286663046508));
#298 = CARTESIAN_POINT('',(19.372237333488,-54.74994774487,
    -0.103142122225));
#299 = CARTESIAN_POINT('',(19.355231744414,-54.34144416322,
    4.626368267808E-04));
#300 = CARTESIAN_POINT('',(19.353920638058,-53.94340002868,
    -1.070285882202E-02));
#301 = CARTESIAN_POINT('',(19.143549254318,-56.,-2.));
#302 = CARTESIAN_POINT('',(19.22259779725,-56.,-1.646888746932));
#303 = CARTESIAN_POINT('',(19.269234407018,-55.92163345696,
    -1.258818550692));
#304 = CARTESIAN_POINT('',(19.325630706715,-55.75160072131,
    -0.900295970234));
#305 = CARTESIAN_POINT('',(19.372272907583,-55.49515675674,
    -0.568919186944));
#306 = CARTESIAN_POINT('',(19.404123872681,-55.1466071578,
    -0.292431993407));
#307 = CARTESIAN_POINT('',(19.417412145998,-54.74250437892,
    -0.108088784487));
#308 = CARTESIAN_POINT('',(19.398055695808,-54.33089767432,
    -2.721084152584E-03));
#309 = CARTESIAN_POINT('',(19.395721635324,-53.9319648109,
    -1.604805486615E-02));
#310 = CARTESIAN_POINT('',(19.143549254318,-56.,-2.));
#311 = CARTESIAN_POINT('',(19.233853262142,-56.,-1.652423733854));
#312 = CARTESIAN_POINT('',(19.288625253136,-55.92265672961,
    -1.265881523397));
#313 = CARTESIAN_POINT('',(19.354176532202,-55.75334752501,
    -0.909272033669));
#314 = CARTESIAN_POINT('',(19.40886771658,-55.49678059727,
    -0.577303722357));
#315 = CARTESIAN_POINT('',(19.4465390027,-55.14426493537,-0.298729283371
    ));
#316 = CARTESIAN_POINT('',(19.462338068883,-54.73493047197,
    -0.113766648744));
#317 = CARTESIAN_POINT('',(19.440937774174,-54.32022871312,
    -7.030573310222E-03));
#318 = CARTESIAN_POINT('',(19.437346722358,-53.92045455986,
    -2.245418520472E-02));
#319 = CARTESIAN_POINT('',(19.143549254318,-56.,-2.));
#320 = CARTESIAN_POINT('',(19.244610742828,-56.,-1.657697058653));
#321 = CARTESIAN_POINT('',(19.307590940736,-55.92350804932,
    -1.272906677586));
#322 = CARTESIAN_POINT('',(19.382218253235,-55.75483157181,
    -0.918262268402));
#323 = CARTESIAN_POINT('',(19.445007664016,-55.49807218852,
    -0.585926789086));
#324 = CARTESIAN_POINT('',(19.488609755093,-55.14164902133,
    -0.305589806798));
#325 = CARTESIAN_POINT('',(19.506983529128,-54.72722073495,
    -0.120206741421));
#326 = CARTESIAN_POINT('',(19.483828339354,-54.30942643994,
    -1.247569572542E-02));
#327 = CARTESIAN_POINT('',(19.478757020636,-53.90885210367,
    -2.991563827007E-02));
#328 = CARTESIAN_POINT('',(19.143549254318,-56.,-2.));
#329 = CARTESIAN_POINT('',(19.26516752455,-56.,-1.667751919808));
#330 = CARTESIAN_POINT('',(19.344683747341,-55.92486669388,
    -1.286915925261));
#331 = CARTESIAN_POINT('',(19.437295384625,-55.75727314838,
    -0.936328625158));
#332 = CARTESIAN_POINT('',(19.516354663862,-55.49998865541,
    -0.603718217694));
#333 = CARTESIAN_POINT('',(19.572010272783,-55.13586660268,
    -0.320502574916));
#334 = CARTESIAN_POINT('',(19.59564507178,-54.71151921431,
    -0.134668598228));
#335 = CARTESIAN_POINT('',(19.569522247474,-54.28753302365,
    -2.565236571026E-02));
#336 = CARTESIAN_POINT('',(19.561067754258,-53.88542696167,
    -4.693547249376E-02));
#337 = CARTESIAN_POINT('',(19.143549254318,-56.,-2.));
#338 = CARTESIAN_POINT('',(19.274966825587,-56.,-1.672533456165));
#339 = CARTESIAN_POINT('',(19.362834816938,-55.92535535099,
    -1.293908051534));
#340 = CARTESIAN_POINT('',(19.46436489172,-55.75820520836,
    -0.945414086926));
#341 = CARTESIAN_POINT('',(19.551605959157,-55.50058125923,
    -0.612897226276));
#342 = CARTESIAN_POINT('',(19.613395341686,-55.13265975829,
    -0.328568127985));
#343 = CARTESIAN_POINT('',(19.639729347663,-54.70347649111,
    -0.14270904185));
#344 = CARTESIAN_POINT('',(19.612422307357,-54.27636594368,
    -3.341739914835E-02));
#345 = CARTESIAN_POINT('',(19.602071308567,-53.87351947768,
    -5.653682254613E-02));
#346 = CARTESIAN_POINT('',(19.143549254318,-56.,-2.));
#347 = CARTESIAN_POINT('',(19.284305931178,-56.,-1.677084866202));
#348 = CARTESIAN_POINT('',(19.380294647259,-55.92591643195,
    -1.300814483763));
#349 = CARTESIAN_POINT('',(19.490539424067,-55.75920544583,
    -0.954478514833));
#350 = CARTESIAN_POINT('',(19.585871513127,-55.50125880611,
    -0.62227995085));
#351 = CARTESIAN_POINT('',(19.653749166293,-55.12970027669,
    -0.337133359056));
#352 = CARTESIAN_POINT('',(19.682679171288,-54.69595142656,
    -0.151383428806));
#353 = CARTESIAN_POINT('',(19.654103353758,-54.26603854947,
    -4.198795307909E-02));
#354 = CARTESIAN_POINT('',(19.64157257083,-53.86260087686,
    -6.67262587753E-02));
#355 = CARTESIAN_POINT('',(19.143549254318,-56.,-2.));
#356 = CARTESIAN_POINT('',(19.293203735704,-56.,-1.681421917821));
#357 = CARTESIAN_POINT('',(19.398430335062,-55.92528790674,
    -1.308040757012));
#358 = CARTESIAN_POINT('',(19.517743154969,-55.75856170338,
    -0.963979397032));
#359 = CARTESIAN_POINT('',(19.621624965654,-55.49985886153,
    -0.63236969239));
#360 = CARTESIAN_POINT('',(19.696152162974,-55.12428489668,
    -0.346817376193));
#361 = CARTESIAN_POINT('',(19.728306764746,-54.68551551585,
    -0.161577798023));
#362 = CARTESIAN_POINT('',(19.700017483708,-54.25140111458,
    -5.300142169381E-02));
#363 = CARTESIAN_POINT('',(19.685450726973,-53.8468800173,
    -7.966452826887E-02));
#364 = CARTESIAN_POINT('',(19.143549254318,-56.,-2.));
#365 = CARTESIAN_POINT('',(19.301679133545,-56.,-1.685560378925));
#366 = CARTESIAN_POINT('',(19.414209311352,-55.9268829958,
    -1.314712434277));
#367 = CARTESIAN_POINT('',(19.541675540743,-55.7608915497,
    -0.972962673548));
#368 = CARTESIAN_POINT('',(19.6532901884,-55.50220319253,-0.642126627683
    ));
#369 = CARTESIAN_POINT('',(19.733622537824,-55.12369060907,
    -0.356310382228));
#370 = CARTESIAN_POINT('',(19.767974916155,-54.68139970628,
    -0.171355092166));
#371 = CARTESIAN_POINT('',(19.737830740399,-54.24634648949,
    -6.2721105913E-02));
#372 = CARTESIAN_POINT('',(19.720487173331,-53.841999358,
    -9.035884992426E-02));
#373 = CARTESIAN_POINT('',(19.143549254318,-56.,-2.));
#374 = CARTESIAN_POINT('',(19.309751019082,-56.,-1.689516017415));
#375 = CARTESIAN_POINT('',(19.431864026517,-55.92587002588,
    -1.322087184386));
#376 = CARTESIAN_POINT('',(19.568320988264,-55.75965905905,
    -0.982819537623));
#377 = CARTESIAN_POINT('',(19.68859593476,-55.50005147108,
    -0.653069334124));
#378 = CARTESIAN_POINT('',(19.775809599103,-55.1176167858,
    -0.367500580751));
#379 = CARTESIAN_POINT('',(19.813616314752,-54.67052795633,
    -0.183468760342));
#380 = CARTESIAN_POINT('',(19.784575533818,-54.23118102657,
    -7.636518275234E-02));
#381 = CARTESIAN_POINT('',(19.764973697846,-53.82576639815,
    -0.105756488087));
#382 = CARTESIAN_POINT('',(19.143549254318,-56.,-2.));
#383 = CARTESIAN_POINT('',(19.317438286693,-56.,-1.693304601194));
#384 = CARTESIAN_POINT('',(19.447635399019,-55.92626607701,
    -1.329090223122));
#385 = CARTESIAN_POINT('',(19.59235380213,-55.76030207683,
    -0.992374411241));
#386 = CARTESIAN_POINT('',(19.720642285499,-55.50026215816,
    -0.663915299625));
#387 = CARTESIAN_POINT('',(19.814076814287,-55.11463628506,
    -0.378774813501));
#388 = CARTESIAN_POINT('',(19.854543445214,-54.6637717668,
    -0.195538709132));
#389 = CARTESIAN_POINT('',(19.824979548438,-54.22225577093,
    -8.935606290212E-02));
#390 = CARTESIAN_POINT('',(19.802527178301,-53.81658108553,
    -0.119747261714));
#391 = CARTESIAN_POINT('',(19.143549254318,-56.,-2.));
#392 = CARTESIAN_POINT('',(19.324759830759,-56.,-1.696941898163));
#393 = CARTESIAN_POINT('',(19.463582679736,-55.92604345649,
    -1.336314580932));
#394 = CARTESIAN_POINT('',(19.616675255649,-55.76007303181,
    -1.002283751377));
#395 = CARTESIAN_POINT('',(19.753164926387,-55.49936765417,
    -0.675378267429));
#396 = CARTESIAN_POINT('',(19.853082157106,-55.11041438935,
    -0.391015241379));
#397 = CARTESIAN_POINT('',(19.896522729642,-54.65563180516,
    -0.208848915109));
#398 = CARTESIAN_POINT('',(19.867294063361,-54.21130180538,
    -0.104122259196));
#399 = CARTESIAN_POINT('',(19.84203994181,-53.805137307,-0.135570996398)
  );
#400 = CARTESIAN_POINT('',(19.143549254318,-56.,-2.));
#401 = CARTESIAN_POINT('',(19.345683975462,-56.,-1.707447232347));
#402 = CARTESIAN_POINT('',(19.51012608563,-55.92532125763,
    -1.358180803784));
#403 = CARTESIAN_POINT('',(19.68790193187,-55.75921029436,
    -1.032578149203));
#404 = CARTESIAN_POINT('',(19.848757843911,-55.49644761392,
    -0.711076520473));
#405 = CARTESIAN_POINT('',(19.968022823529,-55.09787266938,
    -0.429927984341));
#406 = CARTESIAN_POINT('',(20.02030146469,-54.63192920588,
    -0.251419448181));
#407 = CARTESIAN_POINT('',(19.992358068636,-54.17965796777,
    -0.151578510655));
#408 = CARTESIAN_POINT('',(19.95832362034,-53.77222659341,
    -0.185627141314));
#409 = CARTESIAN_POINT('',(19.143549254318,-56.,-2.));
#410 = CARTESIAN_POINT('',(19.358246088603,-56.,-1.713908712838));
#411 = CARTESIAN_POINT('',(19.539786878173,-55.92444391708,
    -1.373121302781));
#412 = CARTESIAN_POINT('',(19.733582469643,-55.75796203296,
    -1.053647131381));
#413 = CARTESIAN_POINT('',(19.910516010598,-55.49363104112,
    -0.736750764953));
#414 = CARTESIAN_POINT('',(20.042711404093,-55.08898367698,
    -0.458953770764));
#415 = CARTESIAN_POINT('',(20.100967795887,-54.61620592068,
    -0.283554784556));
#416 = CARTESIAN_POINT('',(20.074696261998,-54.15886936955,
    -0.187868506397));
#417 = CARTESIAN_POINT('',(20.034418961949,-53.75070189728,
    -0.22302914947));
#418 = CARTESIAN_POINT('',(19.143549254318,-56.,-2.));
#419 = CARTESIAN_POINT('',(19.369572040125,-56.,-1.719954260914));
#420 = CARTESIAN_POINT('',(19.56810383338,-55.92323386488,
    -1.388512109675));
#421 = CARTESIAN_POINT('',(19.777424955716,-55.75612442454,
    -1.075724186033));
#422 = CARTESIAN_POINT('',(19.970150267842,-55.49004773968,
    -0.764434716645));
#423 = CARTESIAN_POINT('',(20.115176555854,-55.07969403298,
    -0.491151242369));
#424 = CARTESIAN_POINT('',(20.179424028135,-54.60069507503,
    -0.319484313897));
#425 = CARTESIAN_POINT('',(20.155492967249,-54.13855691169,
    -0.228676724103));
#426 = CARTESIAN_POINT('',(20.108706113767,-53.72973381828,
    -0.264276680806));
#427 = CARTESIAN_POINT('',(19.143549254318,-56.,-2.));
#428 = CARTESIAN_POINT('',(19.379812985066,-56.,-1.725710019791));
#429 = CARTESIAN_POINT('',(19.595131251968,-55.92174481789,
    -1.404443204195));
#430 = CARTESIAN_POINT('',(19.819437480801,-55.75376803061,
    -1.098937469943));
#431 = CARTESIAN_POINT('',(20.027561616614,-55.48578391717,
    -0.794245587265));
#432 = CARTESIAN_POINT('',(20.185201462165,-55.07010975272,
    -0.526586768581));
#433 = CARTESIAN_POINT('',(20.255397346734,-54.58550427163,
    -0.359232850724));
#434 = CARTESIAN_POINT('',(20.234365860077,-54.11885116914,
    -0.273885262738));
#435 = CARTESIAN_POINT('',(20.180935012581,-53.70942151088,
    -0.309239697807));
#436 = CARTESIAN_POINT('',(19.143549254318,-56.,-2.));
#437 = CARTESIAN_POINT('',(19.389120078466,-56.,-1.731302132683));
#438 = CARTESIAN_POINT('',(19.620944150515,-55.92002374594,
    -1.421002484742));
#439 = CARTESIAN_POINT('',(19.859658574632,-55.75095366157,
    -1.123402522543));
#440 = CARTESIAN_POINT('',(20.08269122006,-55.48091302606,
    -0.826277435145));
#441 = CARTESIAN_POINT('',(20.252619509097,-55.06032090765,
    -0.565297777094));
#442 = CARTESIAN_POINT('',(20.328675815024,-54.57072161102,
    -0.402799974847));
#443 = CARTESIAN_POINT('',(20.311015797004,-54.09985554401,
    -0.323372643648));
#444 = CARTESIAN_POINT('',(20.250940997715,-53.68983566361,
    -0.357817819121));
#445 = CARTESIAN_POINT('',(19.143549254318,-56.,-2.));
#446 = CARTESIAN_POINT('',(19.397644475366,-56.,-1.736856742807));
#447 = CARTESIAN_POINT('',(19.645628983966,-55.91811357095,
    -1.438270998142));
#448 = CARTESIAN_POINT('',(19.898145415571,-55.74773582031,
    -1.149216847283));
#449 = CARTESIAN_POINT('',(20.13550610022,-55.47549995161,
    -0.860595098232));
#450 = CARTESIAN_POINT('',(20.317296406341,-55.05040686016,
    -0.607285170122));
#451 = CARTESIAN_POINT('',(20.399084793605,-54.55642257863,
    -0.450149194114));
#452 = CARTESIAN_POINT('',(20.385188642486,-54.08165736467,
    -0.37699386117));
#453 = CARTESIAN_POINT('',(20.318599197655,-53.67103171621,
    -0.409914291537));
#454 = CARTESIAN_POINT('',(19.143549254318,-56.,-2.));
#455 = CARTESIAN_POINT('',(19.405537330805,-56.,-1.742499993377));
#456 = CARTESIAN_POINT('',(19.669274368172,-55.91605586607,
    -1.456318169388));
#457 = CARTESIAN_POINT('',(19.934962040267,-55.74416614561,
    -1.176454493004));
#458 = CARTESIAN_POINT('',(20.185984834798,-55.46960519976,
    -0.897228127087));
#459 = CARTESIAN_POINT('',(20.379112308166,-55.04044149855,
    -0.652505740649));
#460 = CARTESIAN_POINT('',(20.466463359647,-54.54267693179,
    -0.501197107154));
#461 = CARTESIAN_POINT('',(20.456637096122,-54.06433898471,
    -0.434560433249));
#462 = CARTESIAN_POINT('',(20.383778916776,-53.65306307665,
    -0.465409961966));
#463 = CARTESIAN_POINT('',(19.143549254318,-56.,-2.));
#464 = CARTESIAN_POINT('',(19.412949799824,-56.,-1.74835802761));
#465 = CARTESIAN_POINT('',(19.691961802392,-55.91389355475,
    -1.475197031388));
#466 = CARTESIAN_POINT('',(19.970167553263,-55.74029685579,
    -1.205160635311));
#467 = CARTESIAN_POINT('',(20.234103253881,-55.4632890851,
    -0.936164717886));
#468 = CARTESIAN_POINT('',(20.43794393432,-55.03049847191,
    -0.700864588673));
#469 = CARTESIAN_POINT('',(20.53064072611,-54.52955558681,
    -0.555802566129));
#470 = CARTESIAN_POINT('',(20.525082519763,-54.04798888207,
    -0.495820452046));
#471 = CARTESIAN_POINT('',(20.446298021966,-53.63599433829,
    -0.524137249418));
#472 = CARTESIAN_POINT('',(19.143549254318,-56.,-2.));
#473 = CARTESIAN_POINT('',(19.434199512738,-56.,-1.766954910942));
#474 = CARTESIAN_POINT('',(19.757345570679,-55.90723372022,
    -1.534424301367));
#475 = CARTESIAN_POINT('',(20.071077903398,-55.72795886482,
    -1.29571720322));
#476 = CARTESIAN_POINT('',(20.371253902332,-55.44326958606,
    -1.059707500468));
#477 = CARTESIAN_POINT('',(20.605052204302,-55.00097233117,
    -0.854893435023));
#478 = CARTESIAN_POINT('',(20.71295653088,-54.49230134429,
    -0.729662386153));
#479 = CARTESIAN_POINT('',(20.720365254548,-54.00216051008,
    -0.689674999569));
#480 = CARTESIAN_POINT('',(20.625035944068,-53.5877548143,
    -0.709287852109));
#481 = CARTESIAN_POINT('',(19.143549254318,-56.,-2.));
#482 = CARTESIAN_POINT('',(19.447049062492,-56.,-1.780716540676));
#483 = CARTESIAN_POINT('',(19.797427121568,-55.90254509868,
    -1.577414574734));
#484 = CARTESIAN_POINT('',(20.132167086961,-55.71873429576,
    -1.362075409098));
#485 = CARTESIAN_POINT('',(20.453198842258,-55.42846175158,
    -1.151134799607));
#486 = CARTESIAN_POINT('',(20.70408888884,-54.98165053743,-0.96962585709
    ));
#487 = CARTESIAN_POINT('',(20.821059745118,-54.47022674638,
    -0.859099468883));
#488 = CARTESIAN_POINT('',(20.837406580081,-53.97583061053,
    -0.832552311479));
#489 = CARTESIAN_POINT('',(20.732710738337,-53.55947172792,
    -0.844913164631));
#490 = CARTESIAN_POINT('',(19.143549254318,-56.,-2.));
#491 = CARTESIAN_POINT('',(19.459790927042,-56.,-1.796851023646));
#492 = CARTESIAN_POINT('',(19.834678266683,-55.89793950699,
    -1.624154236504));
#493 = CARTESIAN_POINT('',(20.187633344866,-55.7088979971,
    -1.434487810183));
#494 = CARTESIAN_POINT('',(20.525613611427,-55.41262608958,
    -1.251124673322));
#495 = CARTESIAN_POINT('',(20.789960520401,-54.96321918345,
    -1.095135055011));
#496 = CARTESIAN_POINT('',(20.91453324981,-54.4514205742,-1.000349164444
    ));
#497 = CARTESIAN_POINT('',(20.939147159079,-53.95439077639,
    -0.986346060174));
#498 = CARTESIAN_POINT('',(20.827342443735,-53.53558666122,
    -0.990763871767));
#499 = CARTESIAN_POINT('',(19.143549254318,-56.,-2.));
#500 = CARTESIAN_POINT('',(19.473634346708,-56.,-1.816367505577));
#501 = CARTESIAN_POINT('',(19.870127538866,-55.89362497615,
    -1.675242061998));
#502 = CARTESIAN_POINT('',(20.2386359248,-55.69863784059,-1.51343183496)
  );
#503 = CARTESIAN_POINT('',(20.589301134442,-55.39592072419,
    -1.35964022624));
#504 = CARTESIAN_POINT('',(20.862926211858,-54.94586197119,
    -1.230733747817));
#505 = CARTESIAN_POINT('',(20.993383571321,-54.43599040888,
    -1.152514337395));
#506 = CARTESIAN_POINT('',(21.024803239824,-53.93802082412,
    -1.149811903378));
#507 = CARTESIAN_POINT('',(20.908493737719,-53.51618229251,
    -1.146780351555));
#508 = CARTESIAN_POINT('',(19.143549254318,-56.,-2.));
#509 = CARTESIAN_POINT('',(19.48978856181,-56.,-1.840275132193));
#510 = CARTESIAN_POINT('',(19.904652798607,-55.88986445592,
    -1.730547057422));
#511 = CARTESIAN_POINT('',(20.286253606762,-55.68818265417,
    -1.598332765262));
#512 = CARTESIAN_POINT('',(20.645054072882,-55.3785307732,
    -1.475270038803));
#513 = CARTESIAN_POINT('',(20.9232322473,-54.92979634471,-1.374016499301
    ));
#514 = CARTESIAN_POINT('',(21.057456300635,-54.42412574396,
    -1.312593558987));
#515 = CARTESIAN_POINT('',(21.092915610784,-53.92714095614,
    -1.318765168819));
#516 = CARTESIAN_POINT('',(20.974542445009,-53.50172666276,
    -1.309813877449));
#517 = CARTESIAN_POINT('',(19.143549254318,-56.,-2.));
#518 = CARTESIAN_POINT('',(19.509462812667,-56.,-1.869583049219));
#519 = CARTESIAN_POINT('',(19.939432490154,-55.88670457134,
    -1.790259887924));
#520 = CARTESIAN_POINT('',(20.332135852996,-55.6774273072,
    -1.689084235442));
#521 = CARTESIAN_POINT('',(20.694505869062,-55.36018976194,
    -1.59721773754));
#522 = CARTESIAN_POINT('',(20.97217588674,-54.91467525752,
    -1.523346680867));
#523 = CARTESIAN_POINT('',(21.107738393235,-54.41534815585,
    -1.478522105506));
#524 = CARTESIAN_POINT('',(21.143167492137,-53.92131081174,
    -1.490314887963));
#525 = CARTESIAN_POINT('',(21.024589498877,-53.49186040004,
    -1.478058902295));
#526 = CARTESIAN_POINT('',(19.143549254318,-56.,-2.));
#527 = CARTESIAN_POINT('',(19.533866339599,-56.,-1.905300402379));
#528 = CARTESIAN_POINT('',(19.975949048607,-55.8840047232,
    -1.854954018842));
#529 = CARTESIAN_POINT('',(20.37848742783,-55.66597684946,
    -1.786195567953));
#530 = CARTESIAN_POINT('',(20.740096578606,-55.34023880083,
    -1.725535525002));
#531 = CARTESIAN_POINT('',(21.012062656825,-54.89966114444,
    -1.678148383948));
#532 = CARTESIAN_POINT('',(21.146327408764,-54.40859958173,
    -1.649466629448));
#533 = CARTESIAN_POINT('',(21.176408409582,-53.91934562481,
    -1.663080549119));
#534 = CARTESIAN_POINT('',(21.058554532827,-53.48551116836,
    -1.651075128404));
#535 = CARTESIAN_POINT('',(19.143549254318,-56.,-2.));
#536 = CARTESIAN_POINT('',(19.589661101184,-56.,-1.970252953048));
#537 = CARTESIAN_POINT('',(20.03772740479,-55.88640174636,
    -1.940505899229));
#538 = CARTESIAN_POINT('',(20.456748802738,-55.65711790134,
    -1.912040568945));
#539 = CARTESIAN_POINT('',(20.816625299366,-55.31917964847,
    -1.886138413038));
#540 = CARTESIAN_POINT('',(21.075811126363,-54.88223584289,
    -1.863923613948));
#541 = CARTESIAN_POINT('',(21.199210680068,-54.39929674446,
    -1.846201944294));
#542 = CARTESIAN_POINT('',(21.192845080801,-53.92066953386,
    -1.833375869774));
#543 = CARTESIAN_POINT('',(21.075400906896,-53.48236190979,
    -1.825445438472));
#544 = CARTESIAN_POINT('',(19.143549254318,-56.,-2.));
#545 = CARTESIAN_POINT('',(19.601698182966,-56.,-2.));
#546 = CARTESIAN_POINT('',(20.059847546807,-55.8800563969,-2.));
#547 = CARTESIAN_POINT('',(20.48135926304,-55.64017308056,-2.));
#548 = CARTESIAN_POINT('',(20.829613204992,-55.29376237281,-2.));
#549 = CARTESIAN_POINT('',(21.074085501408,-54.86771720757,-2.));
#550 = CARTESIAN_POINT('',(21.196699732055,-54.39848178391,-2.));
#551 = CARTESIAN_POINT('',(21.193978575123,-53.92489979226,-2.));
#552 = CARTESIAN_POINT('',(21.075400906896,-53.48236190979,-2.));
#553 = ADVANCED_FACE('',(#554),#579,.T.);
#554 = FACE_BOUND('',#555,.T.);
#555 = EDGE_LOOP('',(#556,#564,#565,#573));
#556 = ORIENTED_EDGE('',*,*,#557,.F.);
#557 = EDGE_CURVE('',#62,#558,#560,.T.);
#558 = VERTEX_POINT('',#559);
#559 = CARTESIAN_POINT('',(15.879250256515,-34.09006367879,-2.));
#560 = LINE('',#561,#562);
#561 = CARTESIAN_POINT('',(21.75,-56.,-2.));
#562 = VECTOR('',#563,1.);
#563 = DIRECTION('',(-0.258819045103,0.965925826289,0.));
#564 = ORIENTED_EDGE('',*,*,#70,.T.);
#565 = ORIENTED_EDGE('',*,*,#566,.T.);
#566 = EDGE_CURVE('',#71,#567,#569,.T.);
#567 = VERTEX_POINT('',#568);
#568 = CARTESIAN_POINT('',(15.879250256515,-34.09006367879,-29.5));
#569 = LINE('',#570,#571);
#570 = CARTESIAN_POINT('',(21.75,-56.,-29.5));
#571 = VECTOR('',#572,1.);
#572 = DIRECTION('',(-0.258819045103,0.965925826289,0.));
#573 = ORIENTED_EDGE('',*,*,#574,.F.);
#574 = EDGE_CURVE('',#558,#567,#575,.T.);
#575 = LINE('',#576,#577);
#576 = CARTESIAN_POINT('',(15.879250256515,-34.09006367879,-2.));
#577 = VECTOR('',#578,1.);
#578 = DIRECTION('',(-0.,-0.,-1.));
#579 = PLANE('',#580);
#580 = AXIS2_PLACEMENT_3D('',#581,#582,#583);
#581 = CARTESIAN_POINT('',(21.75,-56.,0.));
#582 = DIRECTION('',(0.965925826289,0.258819045103,0.));
#583 = DIRECTION('',(-0.258819045103,0.965925826289,0.));
#584 = ADVANCED_FACE('',(#585),#626,.T.);
#585 = FACE_BOUND('',#586,.T.);
#586 = EDGE_LOOP('',(#587,#588,#589));
#587 = ORIENTED_EDGE('',*,*,#78,.F.);
#588 = ORIENTED_EDGE('',*,*,#132,.T.);
#589 = ORIENTED_EDGE('',*,*,#590,.F.);
#590 = EDGE_CURVE('',#71,#133,#591,.T.);
#591 = B_SPLINE_CURVE_WITH_KNOTS('',9,(#592,#593,#594,#595,#596,#597,
    #598,#599,#600,#601,#602,#603,#604,#605,#606,#607,#608,#609,#610,
    #611,#612,#613,#614,#615,#616,#617,#618,#619,#620,#621,#622,#623,
    #624,#625),.UNSPECIFIED.,.F.,.F.,(10,8,8,8,10),(0.,0.5,0.75,0.875,1.
    ),.UNSPECIFIED.);
#592 = CARTESIAN_POINT('',(21.075400906896,-53.48236190979,-29.5));
#593 = CARTESIAN_POINT('',(21.075400906896,-53.48236190979,
    -29.67455456152));
#594 = CARTESIAN_POINT('',(21.058554532826,-53.48551116836,
    -29.8489248716));
#595 = CARTESIAN_POINT('',(21.024589498877,-53.49186040004,
    -30.02194109769));
#596 = CARTESIAN_POINT('',(20.974542445008,-53.50172666276,
    -30.19018612255));
#597 = CARTESIAN_POINT('',(20.908493737718,-53.5161822925,
    -30.35321964844));
#598 = CARTESIAN_POINT('',(20.827342443733,-53.53558666122,
    -30.50923612822));
#599 = CARTESIAN_POINT('',(20.732710738336,-53.55947172791,
    -30.65508683537));
#600 = CARTESIAN_POINT('',(20.625035944066,-53.58775481429,
    -30.79071214789));
#601 = CARTESIAN_POINT('',(20.446298021964,-53.63599433828,
    -30.97586275058));
#602 = CARTESIAN_POINT('',(20.383778916772,-53.65306307665,
    -31.03459003803));
#603 = CARTESIAN_POINT('',(20.318599197654,-53.67103171621,
    -31.09008570846));
#604 = CARTESIAN_POINT('',(20.25094099771,-53.68983566361,
    -31.14218218087));
#605 = CARTESIAN_POINT('',(20.180935012581,-53.70942151087,
    -31.19076030219));
#606 = CARTESIAN_POINT('',(20.108706113763,-53.72973381827,
    -31.23572331919));
#607 = CARTESIAN_POINT('',(20.034418961947,-53.75070189728,
    -31.27697085053));
#608 = CARTESIAN_POINT('',(19.958323620337,-53.7722265934,
    -31.31437285868));
#609 = CARTESIAN_POINT('',(19.842039941807,-53.805137307,-31.3644290036)
  );
#610 = CARTESIAN_POINT('',(19.8025271783,-53.81658108552,-31.38025273828
    ));
#611 = CARTESIAN_POINT('',(19.764973697838,-53.82576639815,
    -31.39424351191));
#612 = CARTESIAN_POINT('',(19.720487173337,-53.84199935798,
    -31.40964115007));
#613 = CARTESIAN_POINT('',(19.685450726967,-53.8468800173,
    -31.42033547173));
#614 = CARTESIAN_POINT('',(19.64157257083,-53.86260087685,
    -31.43327374122));
#615 = CARTESIAN_POINT('',(19.602071308564,-53.87351947767,
    -31.44346317745));
#616 = CARTESIAN_POINT('',(19.561067754257,-53.88542696167,
    -31.4530645275));
#617 = CARTESIAN_POINT('',(19.478757020634,-53.90885210366,
    -31.47008436172));
#618 = CARTESIAN_POINT('',(19.437346722358,-53.92045455986,
    -31.47754581479));
#619 = CARTESIAN_POINT('',(19.395721635321,-53.93196481089,
    -31.48395194513));
#620 = CARTESIAN_POINT('',(19.35392063806,-53.94340002869,
    -31.48929714117));
#621 = CARTESIAN_POINT('',(19.311981344917,-53.95477664752,
    -31.49357703847));
#622 = CARTESIAN_POINT('',(19.269940106071,-53.96611036399,
    -31.49678851967));
#623 = CARTESIAN_POINT('',(19.227832007509,-53.97741613701,
    -31.49892971455));
#624 = CARTESIAN_POINT('',(19.185690871047,-53.98870818783,-31.5));
#625 = CARTESIAN_POINT('',(19.143549254318,-54.,-31.5));
#626 = B_SPLINE_SURFACE_WITH_KNOTS('',9,8,(
    (#627,#628,#629,#630,#631,#632,#633,#634,#635)
    ,(#636,#637,#638,#639,#640,#641,#642,#643,#644)
    ,(#645,#646,#647,#648,#649,#650,#651,#652,#653)
    ,(#654,#655,#656,#657,#658,#659,#660,#661,#662)
    ,(#663,#664,#665,#666,#667,#668,#669,#670,#671)
    ,(#672,#673,#674,#675,#676,#677,#678,#679,#680)
    ,(#681,#682,#683,#684,#685,#686,#687,#688,#689)
    ,(#690,#691,#692,#693,#694,#695,#696,#697,#698)
    ,(#699,#700,#701,#702,#703,#704,#705,#706,#707)
    ,(#708,#709,#710,#711,#712,#713,#714,#715,#716)
    ,(#717,#718,#719,#720,#721,#722,#723,#724,#725)
    ,(#726,#727,#728,#729,#730,#731,#732,#733,#734)
    ,(#735,#736,#737,#738,#739,#740,#741,#742,#743)
    ,(#744,#745,#746,#747,#748,#749,#750,#751,#752)
    ,(#753,#754,#755,#756,#757,#758,#759,#760,#761)
    ,(#762,#763,#764,#765,#766,#767,#768,#769,#770)
    ,(#771,#772,#773,#774,#775,#776,#777,#778,#779)
    ,(#780,#781,#782,#783,#784,#785,#786,#787,#788)
    ,(#789,#790,#791,#792,#793,#794,#795,#796,#797)
    ,(#798,#799,#800,#801,#802,#803,#804,#805,#806)
    ,(#807,#808,#809,#810,#811,#812,#813,#814,#815)
    ,(#816,#817,#818,#819,#820,#821,#822,#823,#824)
    ,(#825,#826,#827,#828,#829,#830,#831,#832,#833)
    ,(#834,#835,#836,#837,#838,#839,#840,#841,#842)
    ,(#843,#844,#845,#846,#847,#848,#849,#850,#851)
    ,(#852,#853,#854,#855,#856,#857,#858,#859,#860)
    ,(#861,#862,#863,#864,#865,#866,#867,#868,#869)
    ,(#870,#871,#872,#873,#874,#875,#876,#877,#878)
    ,(#879,#880,#881,#882,#883,#884,#885,#886,#887)
    ,(#888,#889,#890,#891,#892,#893,#894,#895,#896)
    ,(#897,#898,#899,#900,#901,#902,#903,#904,#905)
    ,(#906,#907,#908,#909,#910,#911,#912,#913,#914)
    ,(#915,#916,#917,#918,#919,#920,#921,#922,#923)
    ,(#924,#925,#926,#927,#928,#929,#930,#931,#932
  )),.UNSPECIFIED.,.F.,.F.,.F.,(10,8,8,8,10),(9,9),(0.,0.5,0.75,0.875,1.
    ),(0.,1.),.UNSPECIFIED.);
#627 = CARTESIAN_POINT('',(19.143549254318,-56.,-29.5));
#628 = CARTESIAN_POINT('',(19.601698182966,-56.,-29.5));
#629 = CARTESIAN_POINT('',(20.059847546807,-55.8800563969,-29.5));
#630 = CARTESIAN_POINT('',(20.48135926304,-55.64017308056,-29.5));
#631 = CARTESIAN_POINT('',(20.829613204992,-55.29376237281,
    -29.49999999999));
#632 = CARTESIAN_POINT('',(21.074085501408,-54.86771720757,-29.5));
#633 = CARTESIAN_POINT('',(21.196699732055,-54.39848178391,-29.5));
#634 = CARTESIAN_POINT('',(21.193978575123,-53.92489979226,-29.5));
#635 = CARTESIAN_POINT('',(21.075400906896,-53.48236190979,-29.5));
#636 = CARTESIAN_POINT('',(19.143549254318,-56.,-29.5));
#637 = CARTESIAN_POINT('',(19.589661101184,-56.,-29.52974704695));
#638 = CARTESIAN_POINT('',(20.03772740479,-55.88640174636,
    -29.55949410077));
#639 = CARTESIAN_POINT('',(20.456748802738,-55.65711790134,
    -29.58795943105));
#640 = CARTESIAN_POINT('',(20.816625299366,-55.31917964847,
    -29.61386158696));
#641 = CARTESIAN_POINT('',(21.075811126363,-54.88223584289,
    -29.63607638605));
#642 = CARTESIAN_POINT('',(21.199210680067,-54.39929674446,
    -29.6537980557));
#643 = CARTESIAN_POINT('',(21.192845080801,-53.92066953386,
    -29.66662413022));
#644 = CARTESIAN_POINT('',(21.075400906896,-53.48236190979,
    -29.67455456152));
#645 = CARTESIAN_POINT('',(19.143549254318,-56.,-29.5));
#646 = CARTESIAN_POINT('',(19.533866339599,-56.,-29.59469959762));
#647 = CARTESIAN_POINT('',(19.975949048607,-55.8840047232,
    -29.64504598115));
#648 = CARTESIAN_POINT('',(20.378487427829,-55.66597684946,
    -29.71380443205));
#649 = CARTESIAN_POINT('',(20.740096578606,-55.34023880083,-29.774464475
    ));
#650 = CARTESIAN_POINT('',(21.012062656825,-54.89966114444,
    -29.82185161605));
#651 = CARTESIAN_POINT('',(21.146327408764,-54.40859958173,
    -29.85053337055));
#652 = CARTESIAN_POINT('',(21.176408409582,-53.91934562481,
    -29.83691945088));
#653 = CARTESIAN_POINT('',(21.058554532826,-53.48551116836,
    -29.8489248716));
#654 = CARTESIAN_POINT('',(19.143549254318,-56.,-29.5));
#655 = CARTESIAN_POINT('',(19.509462812667,-56.,-29.63041695078));
#656 = CARTESIAN_POINT('',(19.939432490154,-55.88670457134,
    -29.70974011207));
#657 = CARTESIAN_POINT('',(20.332135852996,-55.6774273072,
    -29.81091576455));
#658 = CARTESIAN_POINT('',(20.694505869062,-55.36018976194,
    -29.90278226245));
#659 = CARTESIAN_POINT('',(20.97217588674,-54.91467525752,
    -29.97665331912));
#660 = CARTESIAN_POINT('',(21.107738393235,-54.41534815585,
    -30.02147789448));
#661 = CARTESIAN_POINT('',(21.143167492137,-53.92131081173,
    -30.00968511203));
#662 = CARTESIAN_POINT('',(21.024589498877,-53.49186040004,
    -30.02194109769));
#663 = CARTESIAN_POINT('',(19.143549254318,-56.,-29.5));
#664 = CARTESIAN_POINT('',(19.48978856181,-56.,-29.6597248678));
#665 = CARTESIAN_POINT('',(19.904652798607,-55.88986445592,
    -29.76945294257));
#666 = CARTESIAN_POINT('',(20.286253606761,-55.68818265417,
    -29.90166723473));
#667 = CARTESIAN_POINT('',(20.645054072881,-55.3785307732,
    -30.02472996119));
#668 = CARTESIAN_POINT('',(20.923232247299,-54.92979634472,
    -30.1259835007));
#669 = CARTESIAN_POINT('',(21.057456300634,-54.42412574397,
    -30.18740644101));
#670 = CARTESIAN_POINT('',(21.092915610783,-53.92714095614,
    -30.18123483118));
#671 = CARTESIAN_POINT('',(20.974542445008,-53.50172666276,
    -30.19018612255));
#672 = CARTESIAN_POINT('',(19.143549254318,-56.,-29.5));
#673 = CARTESIAN_POINT('',(19.473634346708,-56.,-29.68363249442));
#674 = CARTESIAN_POINT('',(19.870127538865,-55.89362497615,-29.824757938
    ));
#675 = CARTESIAN_POINT('',(20.2386359248,-55.69863784059,-29.98656816504
    ));
#676 = CARTESIAN_POINT('',(20.589301134442,-55.39592072419,
    -30.14035977375));
#677 = CARTESIAN_POINT('',(20.862926211858,-54.94586197119,
    -30.26926625218));
#678 = CARTESIAN_POINT('',(20.99338357132,-54.43599040887,-30.3474856626
    ));
#679 = CARTESIAN_POINT('',(21.024803239823,-53.93802082411,
    -30.35018809662));
#680 = CARTESIAN_POINT('',(20.908493737718,-53.5161822925,
    -30.35321964844));
#681 = CARTESIAN_POINT('',(19.143549254318,-56.,-29.5));
#682 = CARTESIAN_POINT('',(19.459790927042,-56.,-29.70314897635));
#683 = CARTESIAN_POINT('',(19.834678266683,-55.89793950699,
    -29.87584576349));
#684 = CARTESIAN_POINT('',(20.187633344866,-55.7088979971,
    -30.06551218981));
#685 = CARTESIAN_POINT('',(20.525613611426,-55.41262608958,
    -30.24887532667));
#686 = CARTESIAN_POINT('',(20.7899605204,-54.96321918345,-30.40486494498
    ));
#687 = CARTESIAN_POINT('',(20.914533249809,-54.4514205742,
    -30.49965083555));
#688 = CARTESIAN_POINT('',(20.939147159077,-53.95439077639,
    -30.51365393982));
#689 = CARTESIAN_POINT('',(20.827342443733,-53.53558666122,
    -30.50923612822));
#690 = CARTESIAN_POINT('',(19.143549254318,-56.,-29.5));
#691 = CARTESIAN_POINT('',(19.447049062492,-56.,-29.71928345932));
#692 = CARTESIAN_POINT('',(19.797427121568,-55.90254509868,
    -29.92258542526));
#693 = CARTESIAN_POINT('',(20.132167086961,-55.71873429576,
    -30.1379245909));
#694 = CARTESIAN_POINT('',(20.453198842258,-55.42846175158,
    -30.34886520039));
#695 = CARTESIAN_POINT('',(20.704088888839,-54.98165053743,
    -30.53037414291));
#696 = CARTESIAN_POINT('',(20.821059745117,-54.47022674638,
    -30.64090053111));
#697 = CARTESIAN_POINT('',(20.83740658008,-53.97583061052,
    -30.66744768852));
#698 = CARTESIAN_POINT('',(20.732710738336,-53.55947172791,
    -30.65508683537));
#699 = CARTESIAN_POINT('',(19.143549254318,-56.,-29.5));
#700 = CARTESIAN_POINT('',(19.434199512738,-56.,-29.73304508905));
#701 = CARTESIAN_POINT('',(19.757345570678,-55.90723372021,
    -29.96557569863));
#702 = CARTESIAN_POINT('',(20.071077903398,-55.72795886482,
    -30.20428279678));
#703 = CARTESIAN_POINT('',(20.371253902331,-55.44326958606,
    -30.44029249953));
#704 = CARTESIAN_POINT('',(20.6050522043,-55.00097233117,-30.64510656497
    ));
#705 = CARTESIAN_POINT('',(20.712956530878,-54.49230134429,
    -30.77033761384));
#706 = CARTESIAN_POINT('',(20.720365254546,-54.00216051008,
    -30.81032500043));
#707 = CARTESIAN_POINT('',(20.625035944066,-53.58775481429,
    -30.79071214789));
#708 = CARTESIAN_POINT('',(19.143549254318,-56.,-29.5));
#709 = CARTESIAN_POINT('',(19.412949799824,-56.,-29.75164197239));
#710 = CARTESIAN_POINT('',(19.691961802391,-55.91389355475,
    -30.02480296861));
#711 = CARTESIAN_POINT('',(19.970167553262,-55.74029685579,
    -30.29483936468));
#712 = CARTESIAN_POINT('',(20.23410325388,-55.46328908509,
    -30.56383528211));
#713 = CARTESIAN_POINT('',(20.437943934319,-55.0304984719,
    -30.79913541132));
#714 = CARTESIAN_POINT('',(20.530640726108,-54.52955558681,
    -30.94419743387));
#715 = CARTESIAN_POINT('',(20.525082519761,-54.04798888207,
    -31.00417954795));
#716 = CARTESIAN_POINT('',(20.446298021964,-53.63599433828,
    -30.97586275058));
#717 = CARTESIAN_POINT('',(19.143549254318,-56.,-29.5));
#718 = CARTESIAN_POINT('',(19.405537330806,-56.,-29.75750000662));
#719 = CARTESIAN_POINT('',(19.669274368172,-55.91605586607,
    -30.04368183061));
#720 = CARTESIAN_POINT('',(19.934962040266,-55.74416614561,
    -30.32354550699));
#721 = CARTESIAN_POINT('',(20.185984834796,-55.46960519975,
    -30.60277187291));
#722 = CARTESIAN_POINT('',(20.379112308164,-55.04044149854,
    -30.84749425935));
#723 = CARTESIAN_POINT('',(20.466463359645,-54.54267693179,
    -30.99880289284));
#724 = CARTESIAN_POINT('',(20.456637096119,-54.0643389847,
    -31.06543956675));
#725 = CARTESIAN_POINT('',(20.383778916772,-53.65306307665,
    -31.03459003803));
#726 = CARTESIAN_POINT('',(19.143549254318,-56.,-29.5));
#727 = CARTESIAN_POINT('',(19.397644475366,-56.,-29.76314325719));
#728 = CARTESIAN_POINT('',(19.645628983966,-55.91811357095,
    -30.06172900185));
#729 = CARTESIAN_POINT('',(19.898145415571,-55.7477358203,
    -30.35078315271));
#730 = CARTESIAN_POINT('',(20.13550610022,-55.4754999516,-30.63940490176
    ));
#731 = CARTESIAN_POINT('',(20.31729640634,-55.05040686015,
    -30.89271482987));
#732 = CARTESIAN_POINT('',(20.399084793605,-54.55642257863,
    -31.04985080588));
#733 = CARTESIAN_POINT('',(20.385188642485,-54.08165736466,
    -31.12300613883));
#734 = CARTESIAN_POINT('',(20.318599197654,-53.67103171621,
    -31.09008570846));
#735 = CARTESIAN_POINT('',(19.143549254318,-56.,-29.5));
#736 = CARTESIAN_POINT('',(19.389120078466,-56.,-29.76869786731));
#737 = CARTESIAN_POINT('',(19.620944150513,-55.92002374594,
    -30.07899751525));
#738 = CARTESIAN_POINT('',(19.85965857463,-55.75095366157,
    -30.37659747745));
#739 = CARTESIAN_POINT('',(20.082691220058,-55.48091302606,
    -30.67372256485));
#740 = CARTESIAN_POINT('',(20.252619509094,-55.06032090764,
    -30.9347022229));
#741 = CARTESIAN_POINT('',(20.32867581502,-54.57072161102,
    -31.09720002515));
#742 = CARTESIAN_POINT('',(20.311015796999,-54.09985554401,
    -31.17662735635));
#743 = CARTESIAN_POINT('',(20.25094099771,-53.68983566361,
    -31.14218218087));
#744 = CARTESIAN_POINT('',(19.143549254318,-56.,-29.5));
#745 = CARTESIAN_POINT('',(19.379812985066,-56.,-29.7742899802));
#746 = CARTESIAN_POINT('',(19.595131251968,-55.92174481789,
    -30.0955567958));
#747 = CARTESIAN_POINT('',(19.819437480801,-55.7537680306,
    -30.40106253005));
#748 = CARTESIAN_POINT('',(20.027561616614,-55.48578391717,
    -30.70575441273));
#749 = CARTESIAN_POINT('',(20.185201462165,-55.07010975272,
    -30.97341323142));
#750 = CARTESIAN_POINT('',(20.255397346734,-54.58550427163,
    -31.14076714927));
#751 = CARTESIAN_POINT('',(20.234365860078,-54.11885116913,
    -31.22611473726));
#752 = CARTESIAN_POINT('',(20.180935012581,-53.70942151087,
    -31.19076030219));
#753 = CARTESIAN_POINT('',(19.143549254318,-56.,-29.5));
#754 = CARTESIAN_POINT('',(19.369572040125,-56.,-29.78004573908));
#755 = CARTESIAN_POINT('',(19.568103833379,-55.92323386488,
    -30.11148789032));
#756 = CARTESIAN_POINT('',(19.777424955714,-55.75612442453,
    -30.42427581396));
#757 = CARTESIAN_POINT('',(19.97015026784,-55.49004773967,
    -30.73556528335));
#758 = CARTESIAN_POINT('',(20.115176555852,-55.07969403297,
    -31.00884875762));
#759 = CARTESIAN_POINT('',(20.179424028132,-54.60069507502,
    -31.1805156861));
#760 = CARTESIAN_POINT('',(20.155492967244,-54.13855691168,
    -31.27132327589));
#761 = CARTESIAN_POINT('',(20.108706113763,-53.72973381827,
    -31.23572331919));
#762 = CARTESIAN_POINT('',(19.143549254318,-56.,-29.5));
#763 = CARTESIAN_POINT('',(19.358246088604,-56.,-29.78609128716));
#764 = CARTESIAN_POINT('',(19.539786878173,-55.92444391708,
    -30.12687869721));
#765 = CARTESIAN_POINT('',(19.733582469643,-55.75796203295,
    -30.44635286861));
#766 = CARTESIAN_POINT('',(19.910516010597,-55.49363104112,
    -30.76324923504));
#767 = CARTESIAN_POINT('',(20.042711404092,-55.08898367697,
    -31.04104622923));
#768 = CARTESIAN_POINT('',(20.100967795886,-54.61620592068,
    -31.21644521544));
#769 = CARTESIAN_POINT('',(20.074696261997,-54.15886936955,
    -31.3121314936));
#770 = CARTESIAN_POINT('',(20.034418961947,-53.75070189728,
    -31.27697085053));
#771 = CARTESIAN_POINT('',(19.143549254318,-56.,-29.5));
#772 = CARTESIAN_POINT('',(19.345683975462,-56.,-29.79255276765));
#773 = CARTESIAN_POINT('',(19.510126085629,-55.92532125763,
    -30.14181919621));
#774 = CARTESIAN_POINT('',(19.687901931869,-55.75921029436,
    -30.46742185079));
#775 = CARTESIAN_POINT('',(19.84875784391,-55.49644761392,
    -30.78892347952));
#776 = CARTESIAN_POINT('',(19.968022823527,-55.09787266937,
    -31.07007201565));
#777 = CARTESIAN_POINT('',(20.020301464689,-54.63192920587,
    -31.24858055181));
#778 = CARTESIAN_POINT('',(19.992358068634,-54.17965796776,
    -31.34842148934));
#779 = CARTESIAN_POINT('',(19.958323620337,-53.7722265934,
    -31.31437285868));
#780 = CARTESIAN_POINT('',(19.143549254318,-56.,-29.5));
#781 = CARTESIAN_POINT('',(19.324759830759,-56.,-29.80305810183));
#782 = CARTESIAN_POINT('',(19.463582679735,-55.92604345648,
    -30.16368541906));
#783 = CARTESIAN_POINT('',(19.616675255648,-55.7600730318,
    -30.49771624862));
#784 = CARTESIAN_POINT('',(19.753164926386,-55.49936765417,
    -30.82462173257));
#785 = CARTESIAN_POINT('',(19.853082157104,-55.11041438934,
    -31.10898475862));
#786 = CARTESIAN_POINT('',(19.896522729641,-54.65563180515,
    -31.29115108489));
#787 = CARTESIAN_POINT('',(19.867294063358,-54.21130180537,
    -31.3958777408));
#788 = CARTESIAN_POINT('',(19.842039941807,-53.805137307,-31.3644290036)
  );
#789 = CARTESIAN_POINT('',(19.143549254318,-56.,-29.5));
#790 = CARTESIAN_POINT('',(19.317438286693,-56.,-29.8066953988));
#791 = CARTESIAN_POINT('',(19.447635399018,-55.92626607701,
    -30.17090977687));
#792 = CARTESIAN_POINT('',(19.59235380213,-55.76030207683,
    -30.50762558875));
#793 = CARTESIAN_POINT('',(19.720642285498,-55.50026215816,
    -30.83608470037));
#794 = CARTESIAN_POINT('',(19.814076814286,-55.11463628506,
    -31.12122518649));
#795 = CARTESIAN_POINT('',(19.854543445213,-54.66377176679,
    -31.30446129086));
#796 = CARTESIAN_POINT('',(19.824979548437,-54.22225577092,
    -31.41064393709));
#797 = CARTESIAN_POINT('',(19.8025271783,-53.81658108552,-31.38025273828
    ));
#798 = CARTESIAN_POINT('',(19.143549254318,-56.,-29.5));
#799 = CARTESIAN_POINT('',(19.309751019082,-56.,-29.81048398258));
#800 = CARTESIAN_POINT('',(19.431864026515,-55.92587002588,
    -30.17791281561));
#801 = CARTESIAN_POINT('',(19.568320988262,-55.75965905905,
    -30.51718046237));
#802 = CARTESIAN_POINT('',(19.688595934756,-55.50005147108,
    -30.84693066587));
#803 = CARTESIAN_POINT('',(19.775809599099,-55.1176167858,
    -31.13249941924));
#804 = CARTESIAN_POINT('',(19.813616314747,-54.67052795633,
    -31.31653123965));
#805 = CARTESIAN_POINT('',(19.784575533811,-54.23118102657,
    -31.42363481724));
#806 = CARTESIAN_POINT('',(19.764973697838,-53.82576639815,
    -31.39424351191));
#807 = CARTESIAN_POINT('',(19.143549254318,-56.,-29.5));
#808 = CARTESIAN_POINT('',(19.301679133546,-56.,-29.81443962107));
#809 = CARTESIAN_POINT('',(19.414209311353,-55.9268829958,
    -30.18528756572));
#810 = CARTESIAN_POINT('',(19.541675540745,-55.7608915497,
    -30.52703732645));
#811 = CARTESIAN_POINT('',(19.653290188403,-55.50220319252,
    -30.85787337231));
#812 = CARTESIAN_POINT('',(19.733622537827,-55.12369060906,
    -31.14368961777));
#813 = CARTESIAN_POINT('',(19.767974916159,-54.68139970627,
    -31.32864490783));
#814 = CARTESIAN_POINT('',(19.737830740404,-54.24634648947,
    -31.43727889408));
#815 = CARTESIAN_POINT('',(19.720487173337,-53.84199935798,
    -31.40964115007));
#816 = CARTESIAN_POINT('',(19.143549254318,-56.,-29.5));
#817 = CARTESIAN_POINT('',(19.293203735704,-56.,-29.81857808217));
#818 = CARTESIAN_POINT('',(19.398430335061,-55.92528790674,
    -30.19195924298));
#819 = CARTESIAN_POINT('',(19.517743154967,-55.75856170338,
    -30.53602060296));
#820 = CARTESIAN_POINT('',(19.621624965651,-55.49985886153,
    -30.8676303076));
#821 = CARTESIAN_POINT('',(19.69615216297,-55.12428489668,-31.1531826238
    ));
#822 = CARTESIAN_POINT('',(19.728306764741,-54.68551551585,
    -31.33842220197));
#823 = CARTESIAN_POINT('',(19.700017483702,-54.25140111458,
    -31.4469985783));
#824 = CARTESIAN_POINT('',(19.685450726967,-53.8468800173,
    -31.42033547173));
#825 = CARTESIAN_POINT('',(19.143549254318,-56.,-29.5));
#826 = CARTESIAN_POINT('',(19.284305931178,-56.,-29.82291513379));
#827 = CARTESIAN_POINT('',(19.380294647259,-55.92591643195,
    -30.19918551623));
#828 = CARTESIAN_POINT('',(19.490539424068,-55.75920544582,
    -30.54552148516));
#829 = CARTESIAN_POINT('',(19.585871513127,-55.50125880611,
    -30.87772004914));
#830 = CARTESIAN_POINT('',(19.653749166293,-55.12970027669,
    -31.16286664094));
#831 = CARTESIAN_POINT('',(19.682679171288,-54.69595142656,
    -31.34861657119));
#832 = CARTESIAN_POINT('',(19.654103353758,-54.26603854946,
    -31.45801204692));
#833 = CARTESIAN_POINT('',(19.64157257083,-53.86260087685,
    -31.43327374122));
#834 = CARTESIAN_POINT('',(19.143549254318,-56.,-29.5));
#835 = CARTESIAN_POINT('',(19.274966825587,-56.,-29.82746654383));
#836 = CARTESIAN_POINT('',(19.362834816937,-55.92535535098,
    -30.20609194846));
#837 = CARTESIAN_POINT('',(19.464364891719,-55.75820520836,
    -30.55458591307));
#838 = CARTESIAN_POINT('',(19.551605959156,-55.50058125922,
    -30.88710277372));
#839 = CARTESIAN_POINT('',(19.613395341684,-55.13265975829,
    -31.17143187201));
#840 = CARTESIAN_POINT('',(19.639729347661,-54.70347649111,
    -31.35729095815));
#841 = CARTESIAN_POINT('',(19.612422307354,-54.27636594367,
    -31.46658260085));
#842 = CARTESIAN_POINT('',(19.602071308564,-53.87351947767,
    -31.44346317745));
#843 = CARTESIAN_POINT('',(19.143549254318,-56.,-29.5));
#844 = CARTESIAN_POINT('',(19.265167524551,-56.,-29.83224808019));
#845 = CARTESIAN_POINT('',(19.344683747341,-55.92486669388,
    -30.21308407473));
#846 = CARTESIAN_POINT('',(19.437295384624,-55.75727314837,
    -30.56367137484));
#847 = CARTESIAN_POINT('',(19.516354663861,-55.49998865541,
    -30.8962817823));
#848 = CARTESIAN_POINT('',(19.572010272782,-55.13586660268,
    -31.17949742508));
#849 = CARTESIAN_POINT('',(19.59564507178,-54.7115192143,-31.36533140177
    ));
#850 = CARTESIAN_POINT('',(19.569522247473,-54.28753302364,
    -31.47434763428));
#851 = CARTESIAN_POINT('',(19.561067754257,-53.88542696167,
    -31.4530645275));
#852 = CARTESIAN_POINT('',(19.143549254318,-56.,-29.5));
#853 = CARTESIAN_POINT('',(19.244610742828,-56.,-29.84230294134));
#854 = CARTESIAN_POINT('',(19.307590940735,-55.92350804932,
    -30.22709332241));
#855 = CARTESIAN_POINT('',(19.382218253234,-55.75483157181,
    -30.58173773159));
#856 = CARTESIAN_POINT('',(19.445007664015,-55.49807218851,
    -30.91407321091));
#857 = CARTESIAN_POINT('',(19.488609755092,-55.14164902133,
    -31.1944101932));
#858 = CARTESIAN_POINT('',(19.506983529127,-54.72722073495,
    -31.37979325857));
#859 = CARTESIAN_POINT('',(19.483828339352,-54.30942643994,
    -31.48752430427));
#860 = CARTESIAN_POINT('',(19.478757020634,-53.90885210366,
    -31.47008436172));
#861 = CARTESIAN_POINT('',(19.143549254318,-56.,-29.5));
#862 = CARTESIAN_POINT('',(19.233853262142,-56.,-29.84757626614));
#863 = CARTESIAN_POINT('',(19.288625253136,-55.92265672961,
    -30.2341184766));
#864 = CARTESIAN_POINT('',(19.354176532202,-55.75334752501,
    -30.59072796633));
#865 = CARTESIAN_POINT('',(19.40886771658,-55.49678059727,
    -30.92269627764));
#866 = CARTESIAN_POINT('',(19.4465390027,-55.14426493537,-31.20127071662
    ));
#867 = CARTESIAN_POINT('',(19.462338068883,-54.73493047196,
    -31.38623335125));
#868 = CARTESIAN_POINT('',(19.440937774174,-54.32022871311,
    -31.49296942669));
#869 = CARTESIAN_POINT('',(19.437346722358,-53.92045455986,
    -31.47754581479));
#870 = CARTESIAN_POINT('',(19.143549254318,-56.,-29.5));
#871 = CARTESIAN_POINT('',(19.22259779725,-56.,-29.85311125306));
#872 = CARTESIAN_POINT('',(19.269234407017,-55.92163345696,
    -30.2411814493));
#873 = CARTESIAN_POINT('',(19.325630706713,-55.7516007213,
    -30.59970402976));
#874 = CARTESIAN_POINT('',(19.372272907582,-55.49515675673,
    -30.93108081305));
#875 = CARTESIAN_POINT('',(19.404123872679,-55.1466071578,
    -31.20756800659));
#876 = CARTESIAN_POINT('',(19.417412145996,-54.74250437891,
    -31.39191121551));
#877 = CARTESIAN_POINT('',(19.398055695805,-54.33089767431,
    -31.49727891584));
#878 = CARTESIAN_POINT('',(19.395721635321,-53.93196481089,
    -31.48395194513));
#879 = CARTESIAN_POINT('',(19.143549254318,-56.,-29.5));
#880 = CARTESIAN_POINT('',(19.210825453774,-56.,-29.85892367001));
#881 = CARTESIAN_POINT('',(19.249411871091,-55.92043822128,
    -30.24830013723));
#882 = CARTESIAN_POINT('',(19.296578501022,-55.7495917102,-30.6086959038
    ));
#883 = CARTESIAN_POINT('',(19.335232826785,-55.49320192588,
    -30.93926274399));
#884 = CARTESIAN_POINT('',(19.361387985718,-55.14867748033,
    -31.21333695349));
#885 = CARTESIAN_POINT('',(19.372237333489,-54.74994774487,
    -31.39685787777));
#886 = CARTESIAN_POINT('',(19.355231744415,-54.34144416323,
    -31.50046263682));
#887 = CARTESIAN_POINT('',(19.35392063806,-53.94340002869,
    -31.48929714117));
#888 = CARTESIAN_POINT('',(19.143549254318,-56.,-29.5));
#889 = CARTESIAN_POINT('',(19.198517337333,-56.,-29.86502928489));
#890 = CARTESIAN_POINT('',(19.229150456997,-55.91907095787,
    -30.2554930456));
#891 = CARTESIAN_POINT('',(19.267016312748,-55.74732108915,
    -30.6177347799));
#892 = CARTESIAN_POINT('',(19.297755067761,-55.49091751411,
    -30.94727980786));
#893 = CARTESIAN_POINT('',(19.318352467264,-55.15047788274,
    -31.21861471094));
#894 = CARTESIAN_POINT('',(19.326842551121,-54.75726595477,
    -31.40110678357));
#895 = CARTESIAN_POINT('',(19.312513102399,-54.35187873625,
    -31.50253274046));
#896 = CARTESIAN_POINT('',(19.311981344917,-53.95477664752,
    -31.49357703847));
#897 = CARTESIAN_POINT('',(19.143549254318,-56.,-29.5));
#898 = CARTESIAN_POINT('',(19.185654553546,-56.,-29.87144386559));
#899 = CARTESIAN_POINT('',(19.208442319306,-55.91753154743,
    -30.2627792882));
#900 = CARTESIAN_POINT('',(19.23693921289,-55.74478950353,
    -30.62685305908));
#901 = CARTESIAN_POINT('',(19.2598452279,-55.48830508128,-30.95517155268
    ));
#902 = CARTESIAN_POINT('',(19.275035947535,-55.15201053287,
    -31.22344069581));
#903 = CARTESIAN_POINT('',(19.281254065403,-54.7644644894,
    -31.40469379758));
#904 = CARTESIAN_POINT('',(19.269944494396,-54.36221166648,
    -31.50350366336));
#905 = CARTESIAN_POINT('',(19.269940106071,-53.96611036399,
    -31.49678851967));
#906 = CARTESIAN_POINT('',(19.143549254318,-56.,-29.5));
#907 = CARTESIAN_POINT('',(19.172218208035,-56.,-29.87818318002));
#908 = CARTESIAN_POINT('',(19.187278955519,-55.91581981608,
    -30.27017858731));
#909 = CARTESIAN_POINT('',(19.206340945811,-55.74199764662,
    -30.63608435192));
#910 = CARTESIAN_POINT('',(19.221506908396,-55.48536633767,
    -30.96297933703));
#911 = CARTESIAN_POINT('',(19.231454561509,-55.15327778659,
    -31.22785658815));
#912 = CARTESIAN_POINT('',(19.235495489578,-54.77154892536,
    -31.40765720355));
#913 = CARTESIAN_POINT('',(19.227568187272,-54.37245294369,
    -31.50339212788));
#914 = CARTESIAN_POINT('',(19.227832007509,-53.97741613701,
    -31.49892971455));
#915 = CARTESIAN_POINT('',(19.143549254318,-56.,-29.5));
#916 = CARTESIAN_POINT('',(19.151826226854,-56.,-29.89071715));
#917 = CARTESIAN_POINT('',(19.160103205436,-55.91277792644,
    -30.28167513889));
#918 = CARTESIAN_POINT('',(19.167871327799,-55.73807053618,
    -30.65108884617));
#919 = CARTESIAN_POINT('',(19.174621981077,-55.48186557075,
    -30.97739240662));
#920 = CARTESIAN_POINT('',(19.179931222609,-55.15476807316,
    -31.23865127756));
#921 = CARTESIAN_POINT('',(19.183547991008,-54.7794955771,
    -31.41575823802));
#922 = CARTESIAN_POINT('',(19.185423990134,-54.38261227437,
    -31.50221714213));
#923 = CARTESIAN_POINT('',(19.185690871047,-53.98870818783,-31.5));
#924 = CARTESIAN_POINT('',(19.143549254318,-56.,-29.5));
#925 = CARTESIAN_POINT('',(19.143549254317,-56.,-29.89269908169));
#926 = CARTESIAN_POINT('',(19.143549254318,-55.91187842207,-30.285398287
    ));
#927 = CARTESIAN_POINT('',(19.143549254317,-55.73563613174,
    -30.65502646867));
#928 = CARTESIAN_POINT('',(19.143549254319,-55.47851751156,
    -30.97851751155));
#929 = CARTESIAN_POINT('',(19.143549254317,-55.15502646867,
    -31.23563613174));
#930 = CARTESIAN_POINT('',(19.143549254318,-54.785398287,-31.41187842207
    ));
#931 = CARTESIAN_POINT('',(19.143549254318,-54.39269908169,-31.5));
#932 = CARTESIAN_POINT('',(19.143549254318,-54.,-31.5));
#933 = ADVANCED_FACE('',(#934),#975,.T.);
#934 = FACE_BOUND('',#935,.T.);
#935 = EDGE_LOOP('',(#936,#937,#938));
#936 = ORIENTED_EDGE('',*,*,#192,.F.);
#937 = ORIENTED_EDGE('',*,*,#94,.T.);
#938 = ORIENTED_EDGE('',*,*,#939,.F.);
#939 = EDGE_CURVE('',#185,#95,#940,.T.);
#940 = B_SPLINE_CURVE_WITH_KNOTS('',9,(#941,#942,#943,#944,#945,#946,
    #947,#948,#949,#950,#951,#952,#953,#954,#955,#956,#957,#958,#959,
    #960,#961,#962,#963,#964,#965,#966,#967,#968,#969,#970,#971,#972,
    #973,#974),.UNSPECIFIED.,.F.,.F.,(10,8,8,8,10),(0.,0.5,0.75,0.875,1.
    ),.UNSPECIFIED.);
#941 = CARTESIAN_POINT('',(-21.07540090689,-53.48236190979,-2.));
#942 = CARTESIAN_POINT('',(-21.07540090689,-53.48236190979,
    -1.825445438473));
#943 = CARTESIAN_POINT('',(-21.05855453282,-53.48551116836,
    -1.651075128398));
#944 = CARTESIAN_POINT('',(-21.02458949887,-53.49186040004,
    -1.478058902301));
#945 = CARTESIAN_POINT('',(-20.97454244501,-53.50172666276,
    -1.309813877448));
#946 = CARTESIAN_POINT('',(-20.90849373771,-53.5161822925,
    -1.146780351551));
#947 = CARTESIAN_POINT('',(-20.82734244373,-53.53558666122,
    -0.990763871771));
#948 = CARTESIAN_POINT('',(-20.73271073833,-53.55947172791,
    -0.84491316463));
#949 = CARTESIAN_POINT('',(-20.62503594406,-53.58775481429,
    -0.709287852109));
#950 = CARTESIAN_POINT('',(-20.44629802196,-53.63599433828,
    -0.524137249418));
#951 = CARTESIAN_POINT('',(-20.38377891677,-53.65306307664,
    -0.465409961966));
#952 = CARTESIAN_POINT('',(-20.31859919765,-53.6710317162,
    -0.409914291537));
#953 = CARTESIAN_POINT('',(-20.25094099771,-53.68983566361,
    -0.357817819121));
#954 = CARTESIAN_POINT('',(-20.18093501258,-53.70942151087,
    -0.309239697807));
#955 = CARTESIAN_POINT('',(-20.10870611376,-53.72973381827,
    -0.264276680806));
#956 = CARTESIAN_POINT('',(-20.03441896194,-53.75070189728,
    -0.22302914947));
#957 = CARTESIAN_POINT('',(-19.95832362034,-53.7722265934,
    -0.185627141314));
#958 = CARTESIAN_POINT('',(-19.8420399418,-53.805137307,-0.135570996398)
  );
#959 = CARTESIAN_POINT('',(-19.8025271783,-53.81658108552,
    -0.119747261714));
#960 = CARTESIAN_POINT('',(-19.76497369784,-53.82576639814,
    -0.105756488087));
#961 = CARTESIAN_POINT('',(-19.72048717333,-53.84199935799,
    -9.035884992443E-02));
#962 = CARTESIAN_POINT('',(-19.68545072697,-53.8468800173,
    -7.96645282692E-02));
#963 = CARTESIAN_POINT('',(-19.64157257083,-53.86260087686,
    -6.672625877499E-02));
#964 = CARTESIAN_POINT('',(-19.60207130856,-53.87351947767,
    -5.653682254622E-02));
#965 = CARTESIAN_POINT('',(-19.56106775425,-53.88542696167,
    -4.693547249379E-02));
#966 = CARTESIAN_POINT('',(-19.47875702063,-53.90885210366,
    -2.991563827009E-02));
#967 = CARTESIAN_POINT('',(-19.43734672235,-53.92045455986,
    -2.245418520474E-02));
#968 = CARTESIAN_POINT('',(-19.39572163532,-53.93196481089,
    -1.604805486617E-02));
#969 = CARTESIAN_POINT('',(-19.35392063805,-53.94340002869,
    -1.070285882203E-02));
#970 = CARTESIAN_POINT('',(-19.31198134492,-53.95477664752,
    -6.422961527322E-03));
#971 = CARTESIAN_POINT('',(-19.26994010607,-53.96611036399,
    -3.211480324391E-03));
#972 = CARTESIAN_POINT('',(-19.22783200751,-53.97741613701,
    -1.07028544293E-03));
#973 = CARTESIAN_POINT('',(-19.18569087104,-53.98870818783,5.6E-16));
#974 = CARTESIAN_POINT('',(-19.14354925431,-54.,5.6E-16));
#975 = B_SPLINE_SURFACE_WITH_KNOTS('',9,8,(
    (#976,#977,#978,#979,#980,#981,#982,#983,#984)
    ,(#985,#986,#987,#988,#989,#990,#991,#992,#993)
    ,(#994,#995,#996,#997,#998,#999,#1000,#1001,#1002)
    ,(#1003,#1004,#1005,#1006,#1007,#1008,#1009,#1010,#1011)
    ,(#1012,#1013,#1014,#1015,#1016,#1017,#1018,#1019,#1020)
    ,(#1021,#1022,#1023,#1024,#1025,#1026,#1027,#1028,#1029)
    ,(#1030,#1031,#1032,#1033,#1034,#1035,#1036,#1037,#1038)
    ,(#1039,#1040,#1041,#1042,#1043,#1044,#1045,#1046,#1047)
    ,(#1048,#1049,#1050,#1051,#1052,#1053,#1054,#1055,#1056)
    ,(#1057,#1058,#1059,#1060,#1061,#1062,#1063,#1064,#1065)
    ,(#1066,#1067,#1068,#1069,#1070,#1071,#1072,#1073,#1074)
    ,(#1075,#1076,#1077,#1078,#1079,#1080,#1081,#1082,#1083)
    ,(#1084,#1085,#1086,#1087,#1088,#1089,#1090,#1091,#1092)
    ,(#1093,#1094,#1095,#1096,#1097,#1098,#1099,#1100,#1101)
    ,(#1102,#1103,#1104,#1105,#1106,#1107,#1108,#1109,#1110)
    ,(#1111,#1112,#1113,#1114,#1115,#1116,#1117,#1118,#1119)
    ,(#1120,#1121,#1122,#1123,#1124,#1125,#1126,#1127,#1128)
    ,(#1129,#1130,#1131,#1132,#1133,#1134,#1135,#1136,#1137)
    ,(#1138,#1139,#1140,#1141,#1142,#1143,#1144,#1145,#1146)
    ,(#1147,#1148,#1149,#1150,#1151,#1152,#1153,#1154,#1155)
    ,(#1156,#1157,#1158,#1159,#1160,#1161,#1162,#1163,#1164)
    ,(#1165,#1166,#1167,#1168,#1169,#1170,#1171,#1172,#1173)
    ,(#1174,#1175,#1176,#1177,#1178,#1179,#1180,#1181,#1182)
    ,(#1183,#1184,#1185,#1186,#1187,#1188,#1189,#1190,#1191)
    ,(#1192,#1193,#1194,#1195,#1196,#1197,#1198,#1199,#1200)
    ,(#1201,#1202,#1203,#1204,#1205,#1206,#1207,#1208,#1209)
    ,(#1210,#1211,#1212,#1213,#1214,#1215,#1216,#1217,#1218)
    ,(#1219,#1220,#1221,#1222,#1223,#1224,#1225,#1226,#1227)
    ,(#1228,#1229,#1230,#1231,#1232,#1233,#1234,#1235,#1236)
    ,(#1237,#1238,#1239,#1240,#1241,#1242,#1243,#1244,#1245)
    ,(#1246,#1247,#1248,#1249,#1250,#1251,#1252,#1253,#1254)
    ,(#1255,#1256,#1257,#1258,#1259,#1260,#1261,#1262,#1263)
    ,(#1264,#1265,#1266,#1267,#1268,#1269,#1270,#1271,#1272)
    ,(#1273,#1274,#1275,#1276,#1277,#1278,#1279,#1280,#1281
  )),.UNSPECIFIED.,.F.,.F.,.F.,(10,8,8,8,10),(9,9),(0.,0.5,0.75,0.875,1.
    ),(0.,1.),.UNSPECIFIED.);
#976 = CARTESIAN_POINT('',(-19.14354925431,-56.,-2.));
#977 = CARTESIAN_POINT('',(-19.60169818296,-56.,-2.));
#978 = CARTESIAN_POINT('',(-20.0598475468,-55.8800563969,-2.));
#979 = CARTESIAN_POINT('',(-20.48135926304,-55.64017308056,-2.));
#980 = CARTESIAN_POINT('',(-20.82961320499,-55.29376237281,-2.));
#981 = CARTESIAN_POINT('',(-21.0740855014,-54.86771720757,-2.));
#982 = CARTESIAN_POINT('',(-21.19669973205,-54.39848178391,-2.));
#983 = CARTESIAN_POINT('',(-21.19397857512,-53.92489979226,-2.));
#984 = CARTESIAN_POINT('',(-21.07540090689,-53.48236190979,-2.));
#985 = CARTESIAN_POINT('',(-19.14354925431,-56.,-2.));
#986 = CARTESIAN_POINT('',(-19.58966110118,-56.,-1.970252953048));
#987 = CARTESIAN_POINT('',(-20.03772740478,-55.88640174636,
    -1.940505899229));
#988 = CARTESIAN_POINT('',(-20.45674880273,-55.65711790134,
    -1.912040568946));
#989 = CARTESIAN_POINT('',(-20.81662529936,-55.31917964847,
    -1.886138413039));
#990 = CARTESIAN_POINT('',(-21.07581112636,-54.88223584289,
    -1.863923613949));
#991 = CARTESIAN_POINT('',(-21.19921068006,-54.39929674446,
    -1.846201944295));
#992 = CARTESIAN_POINT('',(-21.1928450808,-53.92066953386,
    -1.833375869775));
#993 = CARTESIAN_POINT('',(-21.07540090689,-53.48236190979,
    -1.825445438473));
#994 = CARTESIAN_POINT('',(-19.14354925431,-56.,-2.));
#995 = CARTESIAN_POINT('',(-19.5338663396,-56.,-1.90530040238));
#996 = CARTESIAN_POINT('',(-19.9759490486,-55.8840047232,-1.854954018841
    ));
#997 = CARTESIAN_POINT('',(-20.37848742783,-55.66597684946,
    -1.786195567951));
#998 = CARTESIAN_POINT('',(-20.7400965786,-55.34023880083,-1.725535525)
  );
#999 = CARTESIAN_POINT('',(-21.01206265682,-54.89966114444,
    -1.678148383946));
#1000 = CARTESIAN_POINT('',(-21.14632740876,-54.40859958173,
    -1.649466629445));
#1001 = CARTESIAN_POINT('',(-21.17640840958,-53.91934562481,
    -1.663080549114));
#1002 = CARTESIAN_POINT('',(-21.05855453282,-53.48551116836,
    -1.651075128398));
#1003 = CARTESIAN_POINT('',(-19.14354925431,-56.,-2.));
#1004 = CARTESIAN_POINT('',(-19.50946281266,-56.,-1.869583049219));
#1005 = CARTESIAN_POINT('',(-19.93943249015,-55.88670457134,
    -1.790259887925));
#1006 = CARTESIAN_POINT('',(-20.33213585299,-55.6774273072,
    -1.689084235444));
#1007 = CARTESIAN_POINT('',(-20.69450586906,-55.36018976194,
    -1.597217737543));
#1008 = CARTESIAN_POINT('',(-20.97217588674,-54.91467525752,
    -1.523346680871));
#1009 = CARTESIAN_POINT('',(-21.10773839323,-54.41534815585,
    -1.47852210551));
#1010 = CARTESIAN_POINT('',(-21.14316749213,-53.92131081173,
    -1.490314887969));
#1011 = CARTESIAN_POINT('',(-21.02458949887,-53.49186040004,
    -1.478058902301));
#1012 = CARTESIAN_POINT('',(-19.14354925431,-56.,-2.));
#1013 = CARTESIAN_POINT('',(-19.48978856181,-56.,-1.840275132194));
#1014 = CARTESIAN_POINT('',(-19.9046527986,-55.88986445592,
    -1.730547057422));
#1015 = CARTESIAN_POINT('',(-20.28625360676,-55.68818265417,
    -1.598332765263));
#1016 = CARTESIAN_POINT('',(-20.64505407288,-55.3785307732,
    -1.475270038804));
#1017 = CARTESIAN_POINT('',(-20.9232322473,-54.92979634472,
    -1.374016499301));
#1018 = CARTESIAN_POINT('',(-21.05745630063,-54.42412574397,
    -1.312593558987));
#1019 = CARTESIAN_POINT('',(-21.09291561078,-53.92714095615,
    -1.318765168818));
#1020 = CARTESIAN_POINT('',(-20.97454244501,-53.50172666276,
    -1.309813877448));
#1021 = CARTESIAN_POINT('',(-19.14354925431,-56.,-2.));
#1022 = CARTESIAN_POINT('',(-19.4736343467,-56.,-1.816367505577));
#1023 = CARTESIAN_POINT('',(-19.87012753886,-55.89362497615,
    -1.675242061998));
#1024 = CARTESIAN_POINT('',(-20.2386359248,-55.69863784059,
    -1.513431834959));
#1025 = CARTESIAN_POINT('',(-20.58930113444,-55.39592072419,
    -1.35964022624));
#1026 = CARTESIAN_POINT('',(-20.86292621185,-54.94586197119,
    -1.230733747817));
#1027 = CARTESIAN_POINT('',(-20.99338357131,-54.43599040887,
    -1.152514337394));
#1028 = CARTESIAN_POINT('',(-21.02480323982,-53.93802082411,
    -1.149811903374));
#1029 = CARTESIAN_POINT('',(-20.90849373771,-53.5161822925,
    -1.146780351551));
#1030 = CARTESIAN_POINT('',(-19.14354925431,-56.,-2.));
#1031 = CARTESIAN_POINT('',(-19.45979092704,-56.,-1.796851023647));
#1032 = CARTESIAN_POINT('',(-19.83467826668,-55.89793950699,
    -1.624154236505));
#1033 = CARTESIAN_POINT('',(-20.18763334486,-55.7088979971,
    -1.434487810184));
#1034 = CARTESIAN_POINT('',(-20.52561361142,-55.41262608958,
    -1.251124673324));
#1035 = CARTESIAN_POINT('',(-20.7899605204,-54.96321918345,
    -1.095135055014));
#1036 = CARTESIAN_POINT('',(-20.91453324981,-54.4514205742,
    -1.000349164447));
#1037 = CARTESIAN_POINT('',(-20.93914715907,-53.95439077639,
    -0.986346060177));
#1038 = CARTESIAN_POINT('',(-20.82734244373,-53.53558666122,
    -0.990763871771));
#1039 = CARTESIAN_POINT('',(-19.14354925431,-56.,-2.));
#1040 = CARTESIAN_POINT('',(-19.44704906249,-56.,-1.780716540677));
#1041 = CARTESIAN_POINT('',(-19.79742712156,-55.90254509868,
    -1.577414574734));
#1042 = CARTESIAN_POINT('',(-20.13216708696,-55.71873429576,
    -1.362075409099));
#1043 = CARTESIAN_POINT('',(-20.45319884225,-55.42846175158,
    -1.151134799608));
#1044 = CARTESIAN_POINT('',(-20.70408888884,-54.98165053743,
    -0.96962585709));
#1045 = CARTESIAN_POINT('',(-20.82105974511,-54.47022674638,
    -0.859099468884));
#1046 = CARTESIAN_POINT('',(-20.83740658008,-53.97583061052,
    -0.832552311478));
#1047 = CARTESIAN_POINT('',(-20.73271073833,-53.55947172791,
    -0.84491316463));
#1048 = CARTESIAN_POINT('',(-19.14354925431,-56.,-2.));
#1049 = CARTESIAN_POINT('',(-19.43419951273,-56.,-1.766954910943));
#1050 = CARTESIAN_POINT('',(-19.75734557067,-55.90723372022,
    -1.534424301367));
#1051 = CARTESIAN_POINT('',(-20.07107790339,-55.72795886482,
    -1.29571720322));
#1052 = CARTESIAN_POINT('',(-20.37125390233,-55.44326958606,
    -1.059707500468));
#1053 = CARTESIAN_POINT('',(-20.6050522043,-55.00097233117,
    -0.854893435024));
#1054 = CARTESIAN_POINT('',(-20.71295653087,-54.49230134429,
    -0.729662386154));
#1055 = CARTESIAN_POINT('',(-20.72036525454,-54.00216051007,
    -0.689674999569));
#1056 = CARTESIAN_POINT('',(-20.62503594406,-53.58775481429,
    -0.709287852109));
#1057 = CARTESIAN_POINT('',(-19.14354925431,-56.,-2.));
#1058 = CARTESIAN_POINT('',(-19.41294979982,-56.,-1.74835802761));
#1059 = CARTESIAN_POINT('',(-19.69196180239,-55.91389355475,
    -1.475197031388));
#1060 = CARTESIAN_POINT('',(-19.97016755326,-55.74029685579,
    -1.205160635311));
#1061 = CARTESIAN_POINT('',(-20.23410325388,-55.46328908509,
    -0.936164717886));
#1062 = CARTESIAN_POINT('',(-20.43794393432,-55.0304984719,
    -0.700864588674));
#1063 = CARTESIAN_POINT('',(-20.53064072611,-54.52955558681,
    -0.55580256613));
#1064 = CARTESIAN_POINT('',(-20.52508251976,-54.04798888207,
    -0.495820452046));
#1065 = CARTESIAN_POINT('',(-20.44629802196,-53.63599433828,
    -0.524137249418));
#1066 = CARTESIAN_POINT('',(-19.14354925431,-56.,-2.));
#1067 = CARTESIAN_POINT('',(-19.4055373308,-56.,-1.742499993378));
#1068 = CARTESIAN_POINT('',(-19.66927436817,-55.91605586607,
    -1.456318169388));
#1069 = CARTESIAN_POINT('',(-19.93496204026,-55.74416614561,
    -1.176454493004));
#1070 = CARTESIAN_POINT('',(-20.18598483479,-55.46960519975,
    -0.897228127088));
#1071 = CARTESIAN_POINT('',(-20.37911230816,-55.04044149854,
    -0.65250574065));
#1072 = CARTESIAN_POINT('',(-20.46646335964,-54.54267693179,
    -0.501197107155));
#1073 = CARTESIAN_POINT('',(-20.45663709612,-54.0643389847,
    -0.434560433249));
#1074 = CARTESIAN_POINT('',(-20.38377891677,-53.65306307664,
    -0.465409961966));
#1075 = CARTESIAN_POINT('',(-19.14354925431,-56.,-2.));
#1076 = CARTESIAN_POINT('',(-19.39764447536,-56.,-1.736856742807));
#1077 = CARTESIAN_POINT('',(-19.64562898396,-55.91811357095,
    -1.438270998142));
#1078 = CARTESIAN_POINT('',(-19.89814541557,-55.7477358203,
    -1.149216847283));
#1079 = CARTESIAN_POINT('',(-20.13550610022,-55.4754999516,
    -0.860595098233));
#1080 = CARTESIAN_POINT('',(-20.31729640634,-55.05040686015,
    -0.607285170123));
#1081 = CARTESIAN_POINT('',(-20.3990847936,-54.55642257863,
    -0.450149194114));
#1082 = CARTESIAN_POINT('',(-20.38518864248,-54.08165736466,
    -0.37699386117));
#1083 = CARTESIAN_POINT('',(-20.31859919765,-53.6710317162,
    -0.409914291537));
#1084 = CARTESIAN_POINT('',(-19.14354925431,-56.,-2.));
#1085 = CARTESIAN_POINT('',(-19.38912007846,-56.,-1.731302132684));
#1086 = CARTESIAN_POINT('',(-19.62094415051,-55.92002374594,
    -1.421002484742));
#1087 = CARTESIAN_POINT('',(-19.85965857463,-55.75095366157,
    -1.123402522544));
#1088 = CARTESIAN_POINT('',(-20.08269122006,-55.48091302606,
    -0.826277435146));
#1089 = CARTESIAN_POINT('',(-20.25261950909,-55.06032090764,
    -0.565297777094));
#1090 = CARTESIAN_POINT('',(-20.32867581502,-54.57072161102,
    -0.402799974848));
#1091 = CARTESIAN_POINT('',(-20.311015797,-54.09985554401,
    -0.323372643648));
#1092 = CARTESIAN_POINT('',(-20.25094099771,-53.68983566361,
    -0.357817819121));
#1093 = CARTESIAN_POINT('',(-19.14354925431,-56.,-2.));
#1094 = CARTESIAN_POINT('',(-19.37981298506,-56.,-1.725710019791));
#1095 = CARTESIAN_POINT('',(-19.59513125196,-55.92174481789,
    -1.404443204195));
#1096 = CARTESIAN_POINT('',(-19.8194374808,-55.7537680306,
    -1.098937469943));
#1097 = CARTESIAN_POINT('',(-20.02756161661,-55.48578391716,
    -0.794245587266));
#1098 = CARTESIAN_POINT('',(-20.18520146216,-55.07010975272,
    -0.526586768581));
#1099 = CARTESIAN_POINT('',(-20.25539734673,-54.58550427163,
    -0.359232850725));
#1100 = CARTESIAN_POINT('',(-20.23436586007,-54.11885116913,
    -0.273885262738));
#1101 = CARTESIAN_POINT('',(-20.18093501258,-53.70942151087,
    -0.309239697807));
#1102 = CARTESIAN_POINT('',(-19.14354925431,-56.,-2.));
#1103 = CARTESIAN_POINT('',(-19.36957204012,-56.,-1.719954260915));
#1104 = CARTESIAN_POINT('',(-19.56810383338,-55.92323386488,
    -1.388512109675));
#1105 = CARTESIAN_POINT('',(-19.77742495571,-55.75612442454,
    -1.075724186033));
#1106 = CARTESIAN_POINT('',(-19.97015026784,-55.49004773967,
    -0.764434716646));
#1107 = CARTESIAN_POINT('',(-20.11517655585,-55.07969403297,
    -0.49115124237));
#1108 = CARTESIAN_POINT('',(-20.17942402813,-54.60069507502,
    -0.319484313898));
#1109 = CARTESIAN_POINT('',(-20.15549296724,-54.13855691168,
    -0.228676724103));
#1110 = CARTESIAN_POINT('',(-20.10870611376,-53.72973381827,
    -0.264276680806));
#1111 = CARTESIAN_POINT('',(-19.14354925431,-56.,-2.));
#1112 = CARTESIAN_POINT('',(-19.3582460886,-56.,-1.713908712838));
#1113 = CARTESIAN_POINT('',(-19.53978687817,-55.92444391708,
    -1.373121302781));
#1114 = CARTESIAN_POINT('',(-19.73358246964,-55.75796203295,
    -1.053647131382));
#1115 = CARTESIAN_POINT('',(-19.91051601059,-55.49363104112,
    -0.736750764953));
#1116 = CARTESIAN_POINT('',(-20.04271140409,-55.08898367697,
    -0.458953770764));
#1117 = CARTESIAN_POINT('',(-20.10096779588,-54.61620592068,
    -0.283554784556));
#1118 = CARTESIAN_POINT('',(-20.07469626199,-54.15886936954,
    -0.187868506397));
#1119 = CARTESIAN_POINT('',(-20.03441896194,-53.75070189728,
    -0.22302914947));
#1120 = CARTESIAN_POINT('',(-19.14354925431,-56.,-2.));
#1121 = CARTESIAN_POINT('',(-19.34568397546,-56.,-1.707447232347));
#1122 = CARTESIAN_POINT('',(-19.51012608563,-55.92532125763,
    -1.358180803784));
#1123 = CARTESIAN_POINT('',(-19.68790193187,-55.75921029436,
    -1.032578149203));
#1124 = CARTESIAN_POINT('',(-19.84875784391,-55.49644761392,
    -0.711076520474));
#1125 = CARTESIAN_POINT('',(-19.96802282352,-55.09787266937,
    -0.429927984341));
#1126 = CARTESIAN_POINT('',(-20.02030146469,-54.63192920587,
    -0.251419448182));
#1127 = CARTESIAN_POINT('',(-19.99235806863,-54.17965796776,
    -0.151578510655));
#1128 = CARTESIAN_POINT('',(-19.95832362034,-53.7722265934,
    -0.185627141314));
#1129 = CARTESIAN_POINT('',(-19.14354925431,-56.,-2.));
#1130 = CARTESIAN_POINT('',(-19.32475983075,-56.,-1.696941898163));
#1131 = CARTESIAN_POINT('',(-19.46358267973,-55.92604345648,
    -1.336314580932));
#1132 = CARTESIAN_POINT('',(-19.61667525564,-55.7600730318,
    -1.002283751377));
#1133 = CARTESIAN_POINT('',(-19.75316492638,-55.49936765417,
    -0.675378267429));
#1134 = CARTESIAN_POINT('',(-19.8530821571,-55.11041438934,
    -0.391015241379));
#1135 = CARTESIAN_POINT('',(-19.89652272964,-54.65563180515,
    -0.20884891511));
#1136 = CARTESIAN_POINT('',(-19.86729406336,-54.21130180537,
    -0.104122259196));
#1137 = CARTESIAN_POINT('',(-19.8420399418,-53.805137307,-0.135570996398
    ));
#1138 = CARTESIAN_POINT('',(-19.14354925431,-56.,-2.));
#1139 = CARTESIAN_POINT('',(-19.31743828669,-56.,-1.693304601194));
#1140 = CARTESIAN_POINT('',(-19.44763539901,-55.92626607701,
    -1.329090223122));
#1141 = CARTESIAN_POINT('',(-19.59235380213,-55.76030207683,
    -0.992374411241));
#1142 = CARTESIAN_POINT('',(-19.72064228549,-55.50026215816,
    -0.663915299625));
#1143 = CARTESIAN_POINT('',(-19.81407681428,-55.11463628506,
    -0.378774813501));
#1144 = CARTESIAN_POINT('',(-19.85454344521,-54.66377176679,
    -0.195538709132));
#1145 = CARTESIAN_POINT('',(-19.82497954843,-54.22225577092,
    -8.93560629022E-02));
#1146 = CARTESIAN_POINT('',(-19.8025271783,-53.81658108552,
    -0.119747261714));
#1147 = CARTESIAN_POINT('',(-19.14354925431,-56.,-2.));
#1148 = CARTESIAN_POINT('',(-19.30975101908,-56.,-1.689516017415));
#1149 = CARTESIAN_POINT('',(-19.43186402651,-55.92587002588,
    -1.322087184386));
#1150 = CARTESIAN_POINT('',(-19.56832098826,-55.75965905905,
    -0.982819537623));
#1151 = CARTESIAN_POINT('',(-19.68859593475,-55.50005147108,
    -0.653069334124));
#1152 = CARTESIAN_POINT('',(-19.7758095991,-55.11761678579,
    -0.367500580751));
#1153 = CARTESIAN_POINT('',(-19.81361631475,-54.67052795632,
    -0.183468760342));
#1154 = CARTESIAN_POINT('',(-19.78457553381,-54.23118102657,
    -7.636518275225E-02));
#1155 = CARTESIAN_POINT('',(-19.76497369784,-53.82576639814,
    -0.105756488087));
#1156 = CARTESIAN_POINT('',(-19.14354925431,-56.,-2.));
#1157 = CARTESIAN_POINT('',(-19.30167913354,-56.,-1.685560378925));
#1158 = CARTESIAN_POINT('',(-19.41420931135,-55.9268829958,
    -1.314712434277));
#1159 = CARTESIAN_POINT('',(-19.54167554074,-55.7608915497,
    -0.972962673548));
#1160 = CARTESIAN_POINT('',(-19.6532901884,-55.50220319252,
    -0.642126627683));
#1161 = CARTESIAN_POINT('',(-19.73362253782,-55.12369060907,
    -0.356310382229));
#1162 = CARTESIAN_POINT('',(-19.76797491615,-54.68139970627,
    -0.171355092166));
#1163 = CARTESIAN_POINT('',(-19.7378307404,-54.24634648948,
    -6.272110591318E-02));
#1164 = CARTESIAN_POINT('',(-19.72048717333,-53.84199935799,
    -9.035884992443E-02));
#1165 = CARTESIAN_POINT('',(-19.14354925431,-56.,-2.));
#1166 = CARTESIAN_POINT('',(-19.2932037357,-56.,-1.681421917821));
#1167 = CARTESIAN_POINT('',(-19.39843033506,-55.92528790673,
    -1.308040757012));
#1168 = CARTESIAN_POINT('',(-19.51774315496,-55.75856170338,
    -0.963979397033));
#1169 = CARTESIAN_POINT('',(-19.62162496565,-55.49985886152,
    -0.63236969239));
#1170 = CARTESIAN_POINT('',(-19.69615216297,-55.12428489667,
    -0.346817376194));
#1171 = CARTESIAN_POINT('',(-19.72830676474,-54.68551551584,
    -0.161577798023));
#1172 = CARTESIAN_POINT('',(-19.7000174837,-54.25140111457,
    -5.300142169409E-02));
#1173 = CARTESIAN_POINT('',(-19.68545072697,-53.8468800173,
    -7.96645282692E-02));
#1174 = CARTESIAN_POINT('',(-19.14354925431,-56.,-2.));
#1175 = CARTESIAN_POINT('',(-19.28430593117,-56.,-1.677084866202));
#1176 = CARTESIAN_POINT('',(-19.38029464725,-55.92591643195,
    -1.300814483762));
#1177 = CARTESIAN_POINT('',(-19.49053942406,-55.75920544582,
    -0.954478514833));
#1178 = CARTESIAN_POINT('',(-19.58587151312,-55.50125880611,
    -0.62227995085));
#1179 = CARTESIAN_POINT('',(-19.65374916629,-55.12970027669,
    -0.337133359056));
#1180 = CARTESIAN_POINT('',(-19.68267917128,-54.69595142656,
    -0.151383428806));
#1181 = CARTESIAN_POINT('',(-19.65410335375,-54.26603854947,
    -4.198795307889E-02));
#1182 = CARTESIAN_POINT('',(-19.64157257083,-53.86260087686,
    -6.672625877499E-02));
#1183 = CARTESIAN_POINT('',(-19.14354925431,-56.,-2.));
#1184 = CARTESIAN_POINT('',(-19.27496682558,-56.,-1.672533456165));
#1185 = CARTESIAN_POINT('',(-19.36283481693,-55.92535535098,
    -1.293908051534));
#1186 = CARTESIAN_POINT('',(-19.46436489172,-55.75820520836,
    -0.945414086926));
#1187 = CARTESIAN_POINT('',(-19.55160595915,-55.50058125922,
    -0.612897226276));
#1188 = CARTESIAN_POINT('',(-19.61339534168,-55.13265975829,
    -0.328568127985));
#1189 = CARTESIAN_POINT('',(-19.63972934766,-54.70347649111,
    -0.14270904185));
#1190 = CARTESIAN_POINT('',(-19.61242230735,-54.27636594367,
    -3.341739914845E-02));
#1191 = CARTESIAN_POINT('',(-19.60207130856,-53.87351947767,
    -5.653682254622E-02));
#1192 = CARTESIAN_POINT('',(-19.14354925431,-56.,-2.));
#1193 = CARTESIAN_POINT('',(-19.26516752455,-56.,-1.667751919809));
#1194 = CARTESIAN_POINT('',(-19.34468374734,-55.92486669388,
    -1.286915925261));
#1195 = CARTESIAN_POINT('',(-19.43729538462,-55.75727314837,
    -0.936328625159));
#1196 = CARTESIAN_POINT('',(-19.51635466386,-55.49998865541,
    -0.603718217694));
#1197 = CARTESIAN_POINT('',(-19.57201027278,-55.13586660268,
    -0.320502574916));
#1198 = CARTESIAN_POINT('',(-19.59564507178,-54.7115192143,
    -0.134668598228));
#1199 = CARTESIAN_POINT('',(-19.56952224747,-54.28753302364,
    -2.565236571031E-02));
#1200 = CARTESIAN_POINT('',(-19.56106775425,-53.88542696167,
    -4.693547249379E-02));
#1201 = CARTESIAN_POINT('',(-19.14354925431,-56.,-2.));
#1202 = CARTESIAN_POINT('',(-19.24461074282,-56.,-1.657697058653));
#1203 = CARTESIAN_POINT('',(-19.30759094073,-55.92350804932,
    -1.272906677586));
#1204 = CARTESIAN_POINT('',(-19.38221825323,-55.75483157181,
    -0.918262268402));
#1205 = CARTESIAN_POINT('',(-19.44500766401,-55.49807218851,
    -0.585926789086));
#1206 = CARTESIAN_POINT('',(-19.48860975509,-55.14164902133,
    -0.305589806798));
#1207 = CARTESIAN_POINT('',(-19.50698352912,-54.72722073495,
    -0.120206741421));
#1208 = CARTESIAN_POINT('',(-19.48382833935,-54.30942643994,
    -1.247569572546E-02));
#1209 = CARTESIAN_POINT('',(-19.47875702063,-53.90885210366,
    -2.991563827009E-02));
#1210 = CARTESIAN_POINT('',(-19.14354925431,-56.,-2.));
#1211 = CARTESIAN_POINT('',(-19.23385326214,-56.,-1.652423733855));
#1212 = CARTESIAN_POINT('',(-19.28862525313,-55.92265672961,
    -1.265881523398));
#1213 = CARTESIAN_POINT('',(-19.3541765322,-55.75334752501,
    -0.909272033669));
#1214 = CARTESIAN_POINT('',(-19.40886771658,-55.49678059727,
    -0.577303722357));
#1215 = CARTESIAN_POINT('',(-19.4465390027,-55.14426493537,
    -0.298729283372));
#1216 = CARTESIAN_POINT('',(-19.46233806888,-54.73493047196,
    -0.113766648744));
#1217 = CARTESIAN_POINT('',(-19.44093777417,-54.32022871311,
    -7.030573310258E-03));
#1218 = CARTESIAN_POINT('',(-19.43734672235,-53.92045455986,
    -2.245418520474E-02));
#1219 = CARTESIAN_POINT('',(-19.14354925431,-56.,-2.));
#1220 = CARTESIAN_POINT('',(-19.22259779725,-56.,-1.646888746932));
#1221 = CARTESIAN_POINT('',(-19.26923440701,-55.92163345696,
    -1.258818550692));
#1222 = CARTESIAN_POINT('',(-19.32563070671,-55.7516007213,
    -0.900295970235));
#1223 = CARTESIAN_POINT('',(-19.37227290758,-55.49515675673,
    -0.568919186945));
#1224 = CARTESIAN_POINT('',(-19.40412387268,-55.14660715779,
    -0.292431993407));
#1225 = CARTESIAN_POINT('',(-19.41741214599,-54.74250437891,
    -0.108088784487));
#1226 = CARTESIAN_POINT('',(-19.3980556958,-54.33089767431,
    -2.721084152616E-03));
#1227 = CARTESIAN_POINT('',(-19.39572163532,-53.93196481089,
    -1.604805486617E-02));
#1228 = CARTESIAN_POINT('',(-19.14354925431,-56.,-2.));
#1229 = CARTESIAN_POINT('',(-19.21082545377,-56.,-1.641076329985));
#1230 = CARTESIAN_POINT('',(-19.24941187109,-55.92043822128,
    -1.251699862769));
#1231 = CARTESIAN_POINT('',(-19.29657850102,-55.7495917102,
    -0.891304096198));
#1232 = CARTESIAN_POINT('',(-19.33523282678,-55.49320192588,
    -0.56073725601));
#1233 = CARTESIAN_POINT('',(-19.36138798571,-55.14867748033,
    -0.286663046508));
#1234 = CARTESIAN_POINT('',(-19.37223733348,-54.74994774487,
    -0.103142122225));
#1235 = CARTESIAN_POINT('',(-19.35523174441,-54.34144416323,
    4.626368267545E-04));
#1236 = CARTESIAN_POINT('',(-19.35392063805,-53.94340002869,
    -1.070285882203E-02));
#1237 = CARTESIAN_POINT('',(-19.14354925431,-56.,-2.));
#1238 = CARTESIAN_POINT('',(-19.19851733733,-56.,-1.63497071511));
#1239 = CARTESIAN_POINT('',(-19.22915045699,-55.91907095787,
    -1.244506954395));
#1240 = CARTESIAN_POINT('',(-19.26701631274,-55.74732108915,
    -0.882265220098));
#1241 = CARTESIAN_POINT('',(-19.29775506776,-55.49091751411,
    -0.552720192133));
#1242 = CARTESIAN_POINT('',(-19.31835246726,-55.15047788274,
    -0.281385289053));
#1243 = CARTESIAN_POINT('',(-19.32684255112,-54.75726595477,
    -9.889321641991E-02));
#1244 = CARTESIAN_POINT('',(-19.3125131024,-54.35187873625,
    2.532740466804E-03));
#1245 = CARTESIAN_POINT('',(-19.31198134492,-53.95477664752,
    -6.422961527322E-03));
#1246 = CARTESIAN_POINT('',(-19.14354925431,-56.,-2.));
#1247 = CARTESIAN_POINT('',(-19.18565455354,-56.,-1.628556134407));
#1248 = CARTESIAN_POINT('',(-19.2084423193,-55.91753154743,-1.2372207118
    ));
#1249 = CARTESIAN_POINT('',(-19.23693921289,-55.74478950353,
    -0.873146940916));
#1250 = CARTESIAN_POINT('',(-19.25984522789,-55.48830508128,
    -0.544828447312));
#1251 = CARTESIAN_POINT('',(-19.27503594753,-55.15201053287,
    -0.27655930419));
#1252 = CARTESIAN_POINT('',(-19.2812540654,-54.7644644894,
    -9.530620241613E-02));
#1253 = CARTESIAN_POINT('',(-19.26994449439,-54.36221166648,
    3.503663366103E-03));
#1254 = CARTESIAN_POINT('',(-19.26994010607,-53.96611036399,
    -3.211480324391E-03));
#1255 = CARTESIAN_POINT('',(-19.14354925431,-56.,-2.));
#1256 = CARTESIAN_POINT('',(-19.17221820803,-56.,-1.621816819972));
#1257 = CARTESIAN_POINT('',(-19.18727895551,-55.91581981608,
    -1.229821412682));
#1258 = CARTESIAN_POINT('',(-19.20634094581,-55.74199764662,
    -0.863915648077));
#1259 = CARTESIAN_POINT('',(-19.22150690839,-55.48536633767,
    -0.537020662963));
#1260 = CARTESIAN_POINT('',(-19.23145456151,-55.15327778659,
    -0.272143411843));
#1261 = CARTESIAN_POINT('',(-19.23549548957,-54.77154892536,
    -9.234279644266E-02));
#1262 = CARTESIAN_POINT('',(-19.22756818727,-54.37245294369,
    3.392127882886E-03));
#1263 = CARTESIAN_POINT('',(-19.22783200751,-53.97741613701,
    -1.07028544293E-03));
#1264 = CARTESIAN_POINT('',(-19.14354925431,-56.,-2.));
#1265 = CARTESIAN_POINT('',(-19.15182622685,-56.,-1.609282849992));
#1266 = CARTESIAN_POINT('',(-19.16010320543,-55.91277792644,
    -1.218324861106));
#1267 = CARTESIAN_POINT('',(-19.16787132779,-55.73807053618,
    -0.848911153825));
#1268 = CARTESIAN_POINT('',(-19.17462198107,-55.48186557075,
    -0.522607593371));
#1269 = CARTESIAN_POINT('',(-19.1799312226,-55.15476807316,
    -0.261348722435));
#1270 = CARTESIAN_POINT('',(-19.183547991,-54.7794955771,
    -8.424176197242E-02));
#1271 = CARTESIAN_POINT('',(-19.18542399013,-54.38261227437,
    2.217142135015E-03));
#1272 = CARTESIAN_POINT('',(-19.18569087104,-53.98870818783,5.6E-16));
#1273 = CARTESIAN_POINT('',(-19.14354925431,-56.,-2.));
#1274 = CARTESIAN_POINT('',(-19.14354925431,-56.,-1.607300918301));
#1275 = CARTESIAN_POINT('',(-19.14354925431,-55.91187842207,
    -1.214601712992));
#1276 = CARTESIAN_POINT('',(-19.14354925431,-55.73563613174,
    -0.84497353133));
#1277 = CARTESIAN_POINT('',(-19.14354925431,-55.47851751156,
    -0.52148248844));
#1278 = CARTESIAN_POINT('',(-19.14354925431,-55.15502646867,
    -0.264363868257));
#1279 = CARTESIAN_POINT('',(-19.14354925431,-54.785398287,
    -8.81215779224E-02));
#1280 = CARTESIAN_POINT('',(-19.14354925431,-54.39269908169,1.13E-15));
#1281 = CARTESIAN_POINT('',(-19.14354925431,-54.,5.6E-16));
#1282 = ADVANCED_FACE('',(#1283,#1309),#1320,.T.);
#1283 = FACE_BOUND('',#1284,.T.);
#1284 = EDGE_LOOP('',(#1285,#1293,#1294,#1302));
#1285 = ORIENTED_EDGE('',*,*,#1286,.F.);
#1286 = EDGE_CURVE('',#95,#1287,#1289,.T.);
#1287 = VERTEX_POINT('',#1288);
#1288 = CARTESIAN_POINT('',(-13.08190276842,-31.37762733713,0.));
#1289 = LINE('',#1290,#1291);
#1290 = CARTESIAN_POINT('',(-19.81814834742,-56.5176380902,4.4E-16));
#1291 = VECTOR('',#1292,1.);
#1292 = DIRECTION('',(0.258819045103,0.965925826289,0.));
#1293 = ORIENTED_EDGE('',*,*,#108,.T.);
#1294 = ORIENTED_EDGE('',*,*,#1295,.T.);
#1295 = EDGE_CURVE('',#109,#1296,#1298,.T.);
#1296 = VERTEX_POINT('',#1297);
#1297 = CARTESIAN_POINT('',(13.081902768426,-31.37762733713,0.));
#1298 = LINE('',#1299,#1300);
#1299 = CARTESIAN_POINT('',(19.818148347422,-56.5176380902,4.4E-16));
#1300 = VECTOR('',#1301,1.);
#1301 = DIRECTION('',(-0.258819045103,0.965925826289,0.));
#1302 = ORIENTED_EDGE('',*,*,#1303,.T.);
#1303 = EDGE_CURVE('',#1296,#1287,#1304,.T.);
#1304 = CIRCLE('',#1305,34.207281191572);
#1305 = AXIS2_PLACEMENT_3D('',#1306,#1307,#1308);
#1306 = CARTESIAN_POINT('',(-2.48E-15,0.229364080538,0.));
#1307 = DIRECTION('',(-0.,0.,1.));
#1308 = DIRECTION('',(0.426893763697,-0.904301782878,0.));
#1309 = FACE_BOUND('',#1310,.F.);
#1310 = EDGE_LOOP('',(#1311));
#1311 = ORIENTED_EDGE('',*,*,#1312,.T.);
#1312 = EDGE_CURVE('',#1313,#1313,#1315,.T.);
#1313 = VERTEX_POINT('',#1314);
#1314 = CARTESIAN_POINT('',(32.5,0.,0.));
#1315 = CIRCLE('',#1316,32.5);
#1316 = AXIS2_PLACEMENT_3D('',#1317,#1318,#1319);
#1317 = CARTESIAN_POINT('',(0.,0.,0.));
#1318 = DIRECTION('',(0.,0.,1.));
#1319 = DIRECTION('',(1.,0.,0.));
#1320 = PLANE('',#1321);
#1321 = AXIS2_PLACEMENT_3D('',#1322,#1323,#1324);
#1322 = CARTESIAN_POINT('',(2.6E-16,-8.936864521467,0.));
#1323 = DIRECTION('',(0.,0.,1.));
#1324 = DIRECTION('',(1.,0.,0.));
#1325 = ADVANCED_FACE('',(#1326,#1352),#1363,.F.);
#1326 = FACE_BOUND('',#1327,.F.);
#1327 = EDGE_LOOP('',(#1328,#1336,#1337,#1345));
#1328 = ORIENTED_EDGE('',*,*,#1329,.F.);
#1329 = EDGE_CURVE('',#147,#1330,#1332,.T.);
#1330 = VERTEX_POINT('',#1331);
#1331 = CARTESIAN_POINT('',(-13.08190276842,-31.37762733713,-31.5));
#1332 = LINE('',#1333,#1334);
#1333 = CARTESIAN_POINT('',(-19.81814834742,-56.5176380902,-31.5));
#1334 = VECTOR('',#1335,1.);
#1335 = DIRECTION('',(0.258819045103,0.965925826289,0.));
#1336 = ORIENTED_EDGE('',*,*,#146,.F.);
#1337 = ORIENTED_EDGE('',*,*,#1338,.T.);
#1338 = EDGE_CURVE('',#133,#1339,#1341,.T.);
#1339 = VERTEX_POINT('',#1340);
#1340 = CARTESIAN_POINT('',(13.081902768426,-31.37762733713,-31.5));
#1341 = LINE('',#1342,#1343);
#1342 = CARTESIAN_POINT('',(19.818148347422,-56.5176380902,-31.5));
#1343 = VECTOR('',#1344,1.);
#1344 = DIRECTION('',(-0.258819045103,0.965925826289,0.));
#1345 = ORIENTED_EDGE('',*,*,#1346,.T.);
#1346 = EDGE_CURVE('',#1339,#1330,#1347,.T.);
#1347 = CIRCLE('',#1348,34.207281191572);
#1348 = AXIS2_PLACEMENT_3D('',#1349,#1350,#1351);
#1349 = CARTESIAN_POINT('',(-2.48E-15,0.229364080538,-31.5));
#1350 = DIRECTION('',(-0.,0.,1.));
#1351 = DIRECTION('',(0.426893763697,-0.904301782878,0.));
#1352 = FACE_BOUND('',#1353,.T.);
#1353 = EDGE_LOOP('',(#1354));
#1354 = ORIENTED_EDGE('',*,*,#1355,.T.);
#1355 = EDGE_CURVE('',#1356,#1356,#1358,.T.);
#1356 = VERTEX_POINT('',#1357);
#1357 = CARTESIAN_POINT('',(32.5,0.,-31.5));
#1358 = CIRCLE('',#1359,32.5);
#1359 = AXIS2_PLACEMENT_3D('',#1360,#1361,#1362);
#1360 = CARTESIAN_POINT('',(0.,0.,-31.5));
#1361 = DIRECTION('',(0.,0.,1.));
#1362 = DIRECTION('',(1.,0.,0.));
#1363 = PLANE('',#1364);
#1364 = AXIS2_PLACEMENT_3D('',#1365,#1366,#1367);
#1365 = CARTESIAN_POINT('',(2.6E-16,-8.936864521467,-31.5));
#1366 = DIRECTION('',(0.,0.,1.));
#1367 = DIRECTION('',(1.,0.,0.));
#1368 = ADVANCED_FACE('',(#1369),#1410,.T.);
#1369 = FACE_BOUND('',#1370,.T.);
#1370 = EDGE_LOOP('',(#1371,#1372,#1373));
#1371 = ORIENTED_EDGE('',*,*,#154,.F.);
#1372 = ORIENTED_EDGE('',*,*,#170,.T.);
#1373 = ORIENTED_EDGE('',*,*,#1374,.F.);
#1374 = EDGE_CURVE('',#147,#171,#1375,.T.);
#1375 = B_SPLINE_CURVE_WITH_KNOTS('',9,(#1376,#1377,#1378,#1379,#1380,
    #1381,#1382,#1383,#1384,#1385,#1386,#1387,#1388,#1389,#1390,#1391,
    #1392,#1393,#1394,#1395,#1396,#1397,#1398,#1399,#1400,#1401,#1402,
    #1403,#1404,#1405,#1406,#1407,#1408,#1409),.UNSPECIFIED.,.F.,.F.,(10
    ,8,8,8,10),(0.,0.125,0.25,0.5,1.),.UNSPECIFIED.);
#1376 = CARTESIAN_POINT('',(-19.14354925431,-54.,-31.5));
#1377 = CARTESIAN_POINT('',(-19.18569087104,-53.98870818783,-31.5));
#1378 = CARTESIAN_POINT('',(-19.22783200751,-53.97741613701,
    -31.49892971455));
#1379 = CARTESIAN_POINT('',(-19.26994010607,-53.96611036399,
    -31.49678851967));
#1380 = CARTESIAN_POINT('',(-19.31198134492,-53.95477664753,
    -31.49357703847));
#1381 = CARTESIAN_POINT('',(-19.35392063805,-53.94340002869,
    -31.48929714117));
#1382 = CARTESIAN_POINT('',(-19.39572163532,-53.93196481089,
    -31.48395194513));
#1383 = CARTESIAN_POINT('',(-19.43734672235,-53.92045455986,
    -31.47754581479));
#1384 = CARTESIAN_POINT('',(-19.47875702063,-53.90885210366,
    -31.47008436173));
#1385 = CARTESIAN_POINT('',(-19.56106775425,-53.88542696167,
    -31.4530645275));
#1386 = CARTESIAN_POINT('',(-19.60207130856,-53.87351947767,
    -31.44346317745));
#1387 = CARTESIAN_POINT('',(-19.64157257083,-53.86260087685,
    -31.43327374122));
#1388 = CARTESIAN_POINT('',(-19.68545072697,-53.84688001731,
    -31.42033547173));
#1389 = CARTESIAN_POINT('',(-19.72048717333,-53.84199935798,
    -31.40964115007));
#1390 = CARTESIAN_POINT('',(-19.76497369784,-53.82576639815,
    -31.39424351191));
#1391 = CARTESIAN_POINT('',(-19.8025271783,-53.81658108552,
    -31.38025273828));
#1392 = CARTESIAN_POINT('',(-19.8420399418,-53.805137307,-31.3644290036)
  );
#1393 = CARTESIAN_POINT('',(-19.95832362034,-53.7722265934,
    -31.31437285868));
#1394 = CARTESIAN_POINT('',(-20.03441896194,-53.75070189728,
    -31.27697085053));
#1395 = CARTESIAN_POINT('',(-20.10870611376,-53.72973381828,
    -31.23572331919));
#1396 = CARTESIAN_POINT('',(-20.18093501258,-53.70942151087,
    -31.19076030219));
#1397 = CARTESIAN_POINT('',(-20.25094099771,-53.68983566361,
    -31.14218218088));
#1398 = CARTESIAN_POINT('',(-20.31859919765,-53.67103171621,
    -31.09008570846));
#1399 = CARTESIAN_POINT('',(-20.38377891677,-53.65306307665,
    -31.03459003803));
#1400 = CARTESIAN_POINT('',(-20.44629802196,-53.63599433829,
    -30.97586275058));
#1401 = CARTESIAN_POINT('',(-20.62503594406,-53.58775481429,
    -30.79071214789));
#1402 = CARTESIAN_POINT('',(-20.73271073833,-53.55947172791,
    -30.65508683537));
#1403 = CARTESIAN_POINT('',(-20.82734244373,-53.53558666122,
    -30.50923612823));
#1404 = CARTESIAN_POINT('',(-20.90849373771,-53.51618229251,
    -30.35321964845));
#1405 = CARTESIAN_POINT('',(-20.974542445,-53.50172666276,
    -30.19018612255));
#1406 = CARTESIAN_POINT('',(-21.02458949887,-53.49186040004,
    -30.02194109769));
#1407 = CARTESIAN_POINT('',(-21.05855453282,-53.48551116835,
    -29.8489248716));
#1408 = CARTESIAN_POINT('',(-21.07540090689,-53.48236190979,
    -29.67455456152));
#1409 = CARTESIAN_POINT('',(-21.07540090689,-53.48236190979,-29.5));
#1410 = B_SPLINE_SURFACE_WITH_KNOTS('',9,8,(
    (#1411,#1412,#1413,#1414,#1415,#1416,#1417,#1418,#1419)
    ,(#1420,#1421,#1422,#1423,#1424,#1425,#1426,#1427,#1428)
    ,(#1429,#1430,#1431,#1432,#1433,#1434,#1435,#1436,#1437)
    ,(#1438,#1439,#1440,#1441,#1442,#1443,#1444,#1445,#1446)
    ,(#1447,#1448,#1449,#1450,#1451,#1452,#1453,#1454,#1455)
    ,(#1456,#1457,#1458,#1459,#1460,#1461,#1462,#1463,#1464)
    ,(#1465,#1466,#1467,#1468,#1469,#1470,#1471,#1472,#1473)
    ,(#1474,#1475,#1476,#1477,#1478,#1479,#1480,#1481,#1482)
    ,(#1483,#1484,#1485,#1486,#1487,#1488,#1489,#1490,#1491)
    ,(#1492,#1493,#1494,#1495,#1496,#1497,#1498,#1499,#1500)
    ,(#1501,#1502,#1503,#1504,#1505,#1506,#1507,#1508,#1509)
    ,(#1510,#1511,#1512,#1513,#1514,#1515,#1516,#1517,#1518)
    ,(#1519,#1520,#1521,#1522,#1523,#1524,#1525,#1526,#1527)
    ,(#1528,#1529,#1530,#1531,#1532,#1533,#1534,#1535,#1536)
    ,(#1537,#1538,#1539,#1540,#1541,#1542,#1543,#1544,#1545)
    ,(#1546,#1547,#1548,#1549,#1550,#1551,#1552,#1553,#1554)
    ,(#1555,#1556,#1557,#1558,#1559,#1560,#1561,#1562,#1563)
    ,(#1564,#1565,#1566,#1567,#1568,#1569,#1570,#1571,#1572)
    ,(#1573,#1574,#1575,#1576,#1577,#1578,#1579,#1580,#1581)
    ,(#1582,#1583,#1584,#1585,#1586,#1587,#1588,#1589,#1590)
    ,(#1591,#1592,#1593,#1594,#1595,#1596,#1597,#1598,#1599)
    ,(#1600,#1601,#1602,#1603,#1604,#1605,#1606,#1607,#1608)
    ,(#1609,#1610,#1611,#1612,#1613,#1614,#1615,#1616,#1617)
    ,(#1618,#1619,#1620,#1621,#1622,#1623,#1624,#1625,#1626)
    ,(#1627,#1628,#1629,#1630,#1631,#1632,#1633,#1634,#1635)
    ,(#1636,#1637,#1638,#1639,#1640,#1641,#1642,#1643,#1644)
    ,(#1645,#1646,#1647,#1648,#1649,#1650,#1651,#1652,#1653)
    ,(#1654,#1655,#1656,#1657,#1658,#1659,#1660,#1661,#1662)
    ,(#1663,#1664,#1665,#1666,#1667,#1668,#1669,#1670,#1671)
    ,(#1672,#1673,#1674,#1675,#1676,#1677,#1678,#1679,#1680)
    ,(#1681,#1682,#1683,#1684,#1685,#1686,#1687,#1688,#1689)
    ,(#1690,#1691,#1692,#1693,#1694,#1695,#1696,#1697,#1698)
    ,(#1699,#1700,#1701,#1702,#1703,#1704,#1705,#1706,#1707)
    ,(#1708,#1709,#1710,#1711,#1712,#1713,#1714,#1715,#1716
  )),.UNSPECIFIED.,.F.,.F.,.F.,(10,8,8,8,10),(9,9),(0.,0.125,0.25,0.5,1.
    ),(0.,1.),.UNSPECIFIED.);
#1411 = CARTESIAN_POINT('',(-19.14354925431,-56.,-29.5));
#1412 = CARTESIAN_POINT('',(-19.14354925431,-56.,-29.89269908169));
#1413 = CARTESIAN_POINT('',(-19.14354925431,-55.91187842207,
    -30.285398287));
#1414 = CARTESIAN_POINT('',(-19.14354925431,-55.73563613174,
    -30.65502646867));
#1415 = CARTESIAN_POINT('',(-19.14354925431,-55.47851751156,
    -30.97851751155));
#1416 = CARTESIAN_POINT('',(-19.14354925431,-55.15502646867,
    -31.23563613174));
#1417 = CARTESIAN_POINT('',(-19.14354925431,-54.785398287,
    -31.41187842207));
#1418 = CARTESIAN_POINT('',(-19.14354925431,-54.39269908169,-31.5));
#1419 = CARTESIAN_POINT('',(-19.14354925431,-54.,-31.5));
#1420 = CARTESIAN_POINT('',(-19.14354925431,-56.,-29.5));
#1421 = CARTESIAN_POINT('',(-19.15182622685,-56.,-29.89071715));
#1422 = CARTESIAN_POINT('',(-19.16010320543,-55.91277792644,
    -30.28167513889));
#1423 = CARTESIAN_POINT('',(-19.16787132779,-55.73807053618,
    -30.65108884617));
#1424 = CARTESIAN_POINT('',(-19.17462198107,-55.48186557075,
    -30.97739240662));
#1425 = CARTESIAN_POINT('',(-19.1799312226,-55.15476807316,
    -31.23865127756));
#1426 = CARTESIAN_POINT('',(-19.183547991,-54.7794955771,-31.41575823802
    ));
#1427 = CARTESIAN_POINT('',(-19.18542399013,-54.38261227437,
    -31.50221714213));
#1428 = CARTESIAN_POINT('',(-19.18569087104,-53.98870818783,-31.5));
#1429 = CARTESIAN_POINT('',(-19.14354925431,-56.,-29.5));
#1430 = CARTESIAN_POINT('',(-19.17221820803,-56.,-29.87818318002));
#1431 = CARTESIAN_POINT('',(-19.18727895551,-55.91581981608,
    -30.27017858731));
#1432 = CARTESIAN_POINT('',(-19.20634094581,-55.74199764662,
    -30.63608435192));
#1433 = CARTESIAN_POINT('',(-19.22150690839,-55.48536633768,
    -30.96297933703));
#1434 = CARTESIAN_POINT('',(-19.23145456151,-55.15327778659,
    -31.22785658815));
#1435 = CARTESIAN_POINT('',(-19.23549548957,-54.77154892536,
    -31.40765720355));
#1436 = CARTESIAN_POINT('',(-19.22756818727,-54.37245294369,
    -31.50339212788));
#1437 = CARTESIAN_POINT('',(-19.22783200751,-53.97741613701,
    -31.49892971455));
#1438 = CARTESIAN_POINT('',(-19.14354925431,-56.,-29.5));
#1439 = CARTESIAN_POINT('',(-19.18565455354,-56.,-29.87144386559));
#1440 = CARTESIAN_POINT('',(-19.2084423193,-55.91753154743,
    -30.26277928819));
#1441 = CARTESIAN_POINT('',(-19.23693921289,-55.74478950353,
    -30.62685305908));
#1442 = CARTESIAN_POINT('',(-19.25984522789,-55.48830508128,
    -30.95517155268));
#1443 = CARTESIAN_POINT('',(-19.27503594753,-55.15201053287,
    -31.22344069581));
#1444 = CARTESIAN_POINT('',(-19.2812540654,-54.7644644894,
    -31.40469379758));
#1445 = CARTESIAN_POINT('',(-19.26994449439,-54.36221166648,
    -31.50350366336));
#1446 = CARTESIAN_POINT('',(-19.26994010607,-53.96611036399,
    -31.49678851967));
#1447 = CARTESIAN_POINT('',(-19.14354925431,-56.,-29.5));
#1448 = CARTESIAN_POINT('',(-19.19851733733,-56.,-29.86502928489));
#1449 = CARTESIAN_POINT('',(-19.22915045699,-55.91907095787,
    -30.2554930456));
#1450 = CARTESIAN_POINT('',(-19.26701631274,-55.74732108915,
    -30.6177347799));
#1451 = CARTESIAN_POINT('',(-19.29775506776,-55.49091751411,
    -30.94727980786));
#1452 = CARTESIAN_POINT('',(-19.31835246726,-55.15047788274,
    -31.21861471094));
#1453 = CARTESIAN_POINT('',(-19.32684255112,-54.75726595478,
    -31.40110678358));
#1454 = CARTESIAN_POINT('',(-19.3125131024,-54.35187873625,
    -31.50253274046));
#1455 = CARTESIAN_POINT('',(-19.31198134492,-53.95477664753,
    -31.49357703847));
#1456 = CARTESIAN_POINT('',(-19.14354925431,-56.,-29.5));
#1457 = CARTESIAN_POINT('',(-19.21082545377,-56.,-29.85892367001));
#1458 = CARTESIAN_POINT('',(-19.24941187109,-55.92043822128,
    -30.24830013723));
#1459 = CARTESIAN_POINT('',(-19.29657850102,-55.7495917102,
    -30.6086959038));
#1460 = CARTESIAN_POINT('',(-19.33523282678,-55.49320192588,
    -30.93926274398));
#1461 = CARTESIAN_POINT('',(-19.36138798571,-55.14867748033,
    -31.21333695349));
#1462 = CARTESIAN_POINT('',(-19.37223733348,-54.74994774487,
    -31.39685787777));
#1463 = CARTESIAN_POINT('',(-19.35523174441,-54.34144416322,
    -31.50046263682));
#1464 = CARTESIAN_POINT('',(-19.35392063805,-53.94340002869,
    -31.48929714117));
#1465 = CARTESIAN_POINT('',(-19.14354925431,-56.,-29.5));
#1466 = CARTESIAN_POINT('',(-19.22259779725,-56.,-29.85311125306));
#1467 = CARTESIAN_POINT('',(-19.26923440701,-55.92163345696,
    -30.2411814493));
#1468 = CARTESIAN_POINT('',(-19.32563070671,-55.7516007213,
    -30.59970402976));
#1469 = CARTESIAN_POINT('',(-19.37227290758,-55.49515675674,
    -30.93108081305));
#1470 = CARTESIAN_POINT('',(-19.40412387268,-55.1466071578,
    -31.20756800659));
#1471 = CARTESIAN_POINT('',(-19.41741214599,-54.74250437891,
    -31.39191121551));
#1472 = CARTESIAN_POINT('',(-19.3980556958,-54.33089767431,
    -31.49727891584));
#1473 = CARTESIAN_POINT('',(-19.39572163532,-53.93196481089,
    -31.48395194513));
#1474 = CARTESIAN_POINT('',(-19.14354925431,-56.,-29.5));
#1475 = CARTESIAN_POINT('',(-19.23385326214,-56.,-29.84757626614));
#1476 = CARTESIAN_POINT('',(-19.28862525313,-55.92265672961,
    -30.2341184766));
#1477 = CARTESIAN_POINT('',(-19.3541765322,-55.75334752501,
    -30.59072796633));
#1478 = CARTESIAN_POINT('',(-19.40886771658,-55.49678059727,
    -30.92269627764));
#1479 = CARTESIAN_POINT('',(-19.4465390027,-55.14426493537,
    -31.20127071662));
#1480 = CARTESIAN_POINT('',(-19.46233806888,-54.73493047196,
    -31.38623335125));
#1481 = CARTESIAN_POINT('',(-19.44093777417,-54.32022871311,
    -31.49296942669));
#1482 = CARTESIAN_POINT('',(-19.43734672235,-53.92045455986,
    -31.47754581479));
#1483 = CARTESIAN_POINT('',(-19.14354925431,-56.,-29.5));
#1484 = CARTESIAN_POINT('',(-19.24461074282,-56.,-29.84230294134));
#1485 = CARTESIAN_POINT('',(-19.30759094073,-55.92350804932,
    -30.22709332241));
#1486 = CARTESIAN_POINT('',(-19.38221825323,-55.75483157181,
    -30.58173773159));
#1487 = CARTESIAN_POINT('',(-19.44500766401,-55.49807218852,
    -30.91407321091));
#1488 = CARTESIAN_POINT('',(-19.48860975509,-55.14164902133,
    -31.1944101932));
#1489 = CARTESIAN_POINT('',(-19.50698352912,-54.72722073495,
    -31.37979325858));
#1490 = CARTESIAN_POINT('',(-19.48382833935,-54.30942643994,
    -31.48752430427));
#1491 = CARTESIAN_POINT('',(-19.47875702063,-53.90885210366,
    -31.47008436173));
#1492 = CARTESIAN_POINT('',(-19.14354925431,-56.,-29.5));
#1493 = CARTESIAN_POINT('',(-19.26516752455,-56.,-29.83224808019));
#1494 = CARTESIAN_POINT('',(-19.34468374734,-55.92486669388,
    -30.21308407473));
#1495 = CARTESIAN_POINT('',(-19.43729538462,-55.75727314837,
    -30.56367137484));
#1496 = CARTESIAN_POINT('',(-19.51635466386,-55.49998865541,
    -30.8962817823));
#1497 = CARTESIAN_POINT('',(-19.57201027278,-55.13586660268,
    -31.17949742508));
#1498 = CARTESIAN_POINT('',(-19.59564507178,-54.7115192143,
    -31.36533140177));
#1499 = CARTESIAN_POINT('',(-19.56952224747,-54.28753302364,
    -31.47434763429));
#1500 = CARTESIAN_POINT('',(-19.56106775425,-53.88542696167,
    -31.4530645275));
#1501 = CARTESIAN_POINT('',(-19.14354925431,-56.,-29.5));
#1502 = CARTESIAN_POINT('',(-19.27496682558,-56.,-29.82746654383));
#1503 = CARTESIAN_POINT('',(-19.36283481693,-55.92535535098,
    -30.20609194846));
#1504 = CARTESIAN_POINT('',(-19.46436489172,-55.75820520836,
    -30.55458591307));
#1505 = CARTESIAN_POINT('',(-19.55160595915,-55.50058125923,
    -30.88710277372));
#1506 = CARTESIAN_POINT('',(-19.61339534168,-55.13265975829,
    -31.17143187201));
#1507 = CARTESIAN_POINT('',(-19.63972934766,-54.70347649111,
    -31.35729095815));
#1508 = CARTESIAN_POINT('',(-19.61242230735,-54.27636594367,
    -31.46658260085));
#1509 = CARTESIAN_POINT('',(-19.60207130856,-53.87351947767,
    -31.44346317745));
#1510 = CARTESIAN_POINT('',(-19.14354925431,-56.,-29.5));
#1511 = CARTESIAN_POINT('',(-19.28430593117,-56.,-29.82291513379));
#1512 = CARTESIAN_POINT('',(-19.38029464725,-55.92591643195,
    -30.19918551623));
#1513 = CARTESIAN_POINT('',(-19.49053942406,-55.75920544582,
    -30.54552148516));
#1514 = CARTESIAN_POINT('',(-19.58587151312,-55.50125880611,
    -30.87772004915));
#1515 = CARTESIAN_POINT('',(-19.65374916629,-55.12970027669,
    -31.16286664094));
#1516 = CARTESIAN_POINT('',(-19.68267917128,-54.69595142656,
    -31.34861657119));
#1517 = CARTESIAN_POINT('',(-19.65410335375,-54.26603854946,
    -31.45801204692));
#1518 = CARTESIAN_POINT('',(-19.64157257083,-53.86260087685,
    -31.43327374122));
#1519 = CARTESIAN_POINT('',(-19.14354925431,-56.,-29.5));
#1520 = CARTESIAN_POINT('',(-19.2932037357,-56.,-29.81857808217));
#1521 = CARTESIAN_POINT('',(-19.39843033506,-55.92528790674,
    -30.19195924298));
#1522 = CARTESIAN_POINT('',(-19.51774315496,-55.75856170338,
    -30.53602060296));
#1523 = CARTESIAN_POINT('',(-19.62162496565,-55.49985886153,
    -30.86763030761));
#1524 = CARTESIAN_POINT('',(-19.69615216297,-55.12428489668,
    -31.1531826238));
#1525 = CARTESIAN_POINT('',(-19.72830676474,-54.68551551585,
    -31.33842220197));
#1526 = CARTESIAN_POINT('',(-19.7000174837,-54.25140111459,
    -31.4469985783));
#1527 = CARTESIAN_POINT('',(-19.68545072697,-53.84688001731,
    -31.42033547173));
#1528 = CARTESIAN_POINT('',(-19.14354925431,-56.,-29.5));
#1529 = CARTESIAN_POINT('',(-19.30167913354,-56.,-29.81443962107));
#1530 = CARTESIAN_POINT('',(-19.41420931135,-55.9268829958,
    -30.18528756572));
#1531 = CARTESIAN_POINT('',(-19.54167554074,-55.7608915497,
    -30.52703732645));
#1532 = CARTESIAN_POINT('',(-19.6532901884,-55.50220319252,
    -30.85787337231));
#1533 = CARTESIAN_POINT('',(-19.73362253782,-55.12369060906,
    -31.14368961777));
#1534 = CARTESIAN_POINT('',(-19.76797491616,-54.68139970627,
    -31.32864490783));
#1535 = CARTESIAN_POINT('',(-19.7378307404,-54.24634648947,
    -31.43727889408));
#1536 = CARTESIAN_POINT('',(-19.72048717333,-53.84199935798,
    -31.40964115007));
#1537 = CARTESIAN_POINT('',(-19.14354925431,-56.,-29.5));
#1538 = CARTESIAN_POINT('',(-19.30975101908,-56.,-29.81048398258));
#1539 = CARTESIAN_POINT('',(-19.43186402651,-55.92587002588,
    -30.17791281561));
#1540 = CARTESIAN_POINT('',(-19.56832098826,-55.75965905905,
    -30.51718046237));
#1541 = CARTESIAN_POINT('',(-19.68859593475,-55.50005147108,
    -30.84693066587));
#1542 = CARTESIAN_POINT('',(-19.7758095991,-55.1176167858,
    -31.13249941925));
#1543 = CARTESIAN_POINT('',(-19.81361631474,-54.67052795633,
    -31.31653123966));
#1544 = CARTESIAN_POINT('',(-19.78457553381,-54.23118102657,
    -31.42363481725));
#1545 = CARTESIAN_POINT('',(-19.76497369784,-53.82576639815,
    -31.39424351191));
#1546 = CARTESIAN_POINT('',(-19.14354925431,-56.,-29.5));
#1547 = CARTESIAN_POINT('',(-19.31743828669,-56.,-29.8066953988));
#1548 = CARTESIAN_POINT('',(-19.44763539901,-55.92626607701,
    -30.17090977687));
#1549 = CARTESIAN_POINT('',(-19.59235380213,-55.76030207683,
    -30.50762558876));
#1550 = CARTESIAN_POINT('',(-19.72064228549,-55.50026215816,
    -30.83608470037));
#1551 = CARTESIAN_POINT('',(-19.81407681428,-55.11463628506,
    -31.1212251865));
#1552 = CARTESIAN_POINT('',(-19.85454344521,-54.66377176679,
    -31.30446129086));
#1553 = CARTESIAN_POINT('',(-19.82497954843,-54.22225577092,
    -31.4106439371));
#1554 = CARTESIAN_POINT('',(-19.8025271783,-53.81658108552,
    -31.38025273828));
#1555 = CARTESIAN_POINT('',(-19.14354925431,-56.,-29.5));
#1556 = CARTESIAN_POINT('',(-19.32475983075,-56.,-29.80305810183));
#1557 = CARTESIAN_POINT('',(-19.46358267973,-55.92604345648,
    -30.16368541906));
#1558 = CARTESIAN_POINT('',(-19.61667525564,-55.7600730318,
    -30.49771624862));
#1559 = CARTESIAN_POINT('',(-19.75316492638,-55.49936765417,
    -30.82462173257));
#1560 = CARTESIAN_POINT('',(-19.8530821571,-55.11041438934,
    -31.10898475862));
#1561 = CARTESIAN_POINT('',(-19.89652272964,-54.65563180515,
    -31.29115108489));
#1562 = CARTESIAN_POINT('',(-19.86729406336,-54.21130180537,
    -31.3958777408));
#1563 = CARTESIAN_POINT('',(-19.8420399418,-53.805137307,-31.3644290036)
  );
#1564 = CARTESIAN_POINT('',(-19.14354925431,-56.,-29.5));
#1565 = CARTESIAN_POINT('',(-19.34568397546,-56.,-29.79255276765));
#1566 = CARTESIAN_POINT('',(-19.51012608563,-55.92532125763,
    -30.14181919621));
#1567 = CARTESIAN_POINT('',(-19.68790193187,-55.75921029436,
    -30.46742185079));
#1568 = CARTESIAN_POINT('',(-19.84875784391,-55.49644761392,
    -30.78892347952));
#1569 = CARTESIAN_POINT('',(-19.96802282352,-55.09787266938,
    -31.07007201566));
#1570 = CARTESIAN_POINT('',(-20.02030146469,-54.63192920588,
    -31.24858055182));
#1571 = CARTESIAN_POINT('',(-19.99235806863,-54.17965796776,
    -31.34842148934));
#1572 = CARTESIAN_POINT('',(-19.95832362034,-53.7722265934,
    -31.31437285868));
#1573 = CARTESIAN_POINT('',(-19.14354925431,-56.,-29.5));
#1574 = CARTESIAN_POINT('',(-19.3582460886,-56.,-29.78609128716));
#1575 = CARTESIAN_POINT('',(-19.53978687817,-55.92444391708,
    -30.12687869721));
#1576 = CARTESIAN_POINT('',(-19.73358246964,-55.75796203295,
    -30.44635286861));
#1577 = CARTESIAN_POINT('',(-19.91051601059,-55.49363104112,
    -30.76324923504));
#1578 = CARTESIAN_POINT('',(-20.04271140409,-55.08898367697,
    -31.04104622923));
#1579 = CARTESIAN_POINT('',(-20.10096779588,-54.61620592068,
    -31.21644521544));
#1580 = CARTESIAN_POINT('',(-20.07469626199,-54.15886936955,
    -31.3121314936));
#1581 = CARTESIAN_POINT('',(-20.03441896194,-53.75070189728,
    -31.27697085053));
#1582 = CARTESIAN_POINT('',(-19.14354925431,-56.,-29.5));
#1583 = CARTESIAN_POINT('',(-19.36957204012,-56.,-29.78004573908));
#1584 = CARTESIAN_POINT('',(-19.56810383338,-55.92323386488,
    -30.11148789032));
#1585 = CARTESIAN_POINT('',(-19.77742495571,-55.75612442454,
    -30.42427581396));
#1586 = CARTESIAN_POINT('',(-19.97015026784,-55.49004773967,
    -30.73556528335));
#1587 = CARTESIAN_POINT('',(-20.11517655585,-55.07969403297,
    -31.00884875763));
#1588 = CARTESIAN_POINT('',(-20.17942402813,-54.60069507503,
    -31.1805156861));
#1589 = CARTESIAN_POINT('',(-20.15549296724,-54.13855691169,
    -31.27132327589));
#1590 = CARTESIAN_POINT('',(-20.10870611376,-53.72973381828,
    -31.23572331919));
#1591 = CARTESIAN_POINT('',(-19.14354925431,-56.,-29.5));
#1592 = CARTESIAN_POINT('',(-19.37981298506,-56.,-29.7742899802));
#1593 = CARTESIAN_POINT('',(-19.59513125196,-55.92174481789,
    -30.0955567958));
#1594 = CARTESIAN_POINT('',(-19.8194374808,-55.7537680306,
    -30.40106253005));
#1595 = CARTESIAN_POINT('',(-20.02756161661,-55.48578391717,
    -30.70575441273));
#1596 = CARTESIAN_POINT('',(-20.18520146216,-55.07010975272,
    -30.97341323142));
#1597 = CARTESIAN_POINT('',(-20.25539734673,-54.58550427163,
    -31.14076714927));
#1598 = CARTESIAN_POINT('',(-20.23436586007,-54.11885116914,
    -31.22611473726));
#1599 = CARTESIAN_POINT('',(-20.18093501258,-53.70942151087,
    -31.19076030219));
#1600 = CARTESIAN_POINT('',(-19.14354925431,-56.,-29.5));
#1601 = CARTESIAN_POINT('',(-19.38912007846,-56.,-29.76869786731));
#1602 = CARTESIAN_POINT('',(-19.62094415051,-55.92002374594,
    -30.07899751525));
#1603 = CARTESIAN_POINT('',(-19.85965857463,-55.75095366157,
    -30.37659747745));
#1604 = CARTESIAN_POINT('',(-20.08269122006,-55.48091302606,
    -30.67372256485));
#1605 = CARTESIAN_POINT('',(-20.25261950909,-55.06032090764,
    -30.9347022229));
#1606 = CARTESIAN_POINT('',(-20.32867581502,-54.57072161102,
    -31.09720002515));
#1607 = CARTESIAN_POINT('',(-20.311015797,-54.09985554401,
    -31.17662735635));
#1608 = CARTESIAN_POINT('',(-20.25094099771,-53.68983566361,
    -31.14218218088));
#1609 = CARTESIAN_POINT('',(-19.14354925431,-56.,-29.5));
#1610 = CARTESIAN_POINT('',(-19.39764447536,-56.,-29.76314325719));
#1611 = CARTESIAN_POINT('',(-19.64562898396,-55.91811357095,
    -30.06172900185));
#1612 = CARTESIAN_POINT('',(-19.89814541557,-55.7477358203,
    -30.35078315271));
#1613 = CARTESIAN_POINT('',(-20.13550610022,-55.47549995161,
    -30.63940490176));
#1614 = CARTESIAN_POINT('',(-20.31729640634,-55.05040686015,
    -30.89271482987));
#1615 = CARTESIAN_POINT('',(-20.3990847936,-54.55642257863,
    -31.04985080588));
#1616 = CARTESIAN_POINT('',(-20.38518864248,-54.08165736466,
    -31.12300613883));
#1617 = CARTESIAN_POINT('',(-20.31859919765,-53.67103171621,
    -31.09008570846));
#1618 = CARTESIAN_POINT('',(-19.14354925431,-56.,-29.5));
#1619 = CARTESIAN_POINT('',(-19.4055373308,-56.,-29.75750000662));
#1620 = CARTESIAN_POINT('',(-19.66927436817,-55.91605586607,
    -30.04368183061));
#1621 = CARTESIAN_POINT('',(-19.93496204026,-55.74416614561,
    -30.32354550699));
#1622 = CARTESIAN_POINT('',(-20.18598483479,-55.46960519976,
    -30.60277187291));
#1623 = CARTESIAN_POINT('',(-20.37911230816,-55.04044149855,
    -30.84749425935));
#1624 = CARTESIAN_POINT('',(-20.46646335964,-54.54267693179,
    -30.99880289284));
#1625 = CARTESIAN_POINT('',(-20.45663709612,-54.0643389847,
    -31.06543956675));
#1626 = CARTESIAN_POINT('',(-20.38377891677,-53.65306307665,
    -31.03459003803));
#1627 = CARTESIAN_POINT('',(-19.14354925431,-56.,-29.5));
#1628 = CARTESIAN_POINT('',(-19.41294979982,-56.,-29.75164197238));
#1629 = CARTESIAN_POINT('',(-19.69196180239,-55.91389355475,
    -30.02480296861));
#1630 = CARTESIAN_POINT('',(-19.97016755326,-55.74029685579,
    -30.29483936468));
#1631 = CARTESIAN_POINT('',(-20.23410325388,-55.46328908509,
    -30.56383528211));
#1632 = CARTESIAN_POINT('',(-20.43794393432,-55.0304984719,
    -30.79913541132));
#1633 = CARTESIAN_POINT('',(-20.5306407261,-54.52955558681,
    -30.94419743387));
#1634 = CARTESIAN_POINT('',(-20.52508251976,-54.04798888207,
    -31.00417954795));
#1635 = CARTESIAN_POINT('',(-20.44629802196,-53.63599433829,
    -30.97586275058));
#1636 = CARTESIAN_POINT('',(-19.14354925431,-56.,-29.5));
#1637 = CARTESIAN_POINT('',(-19.43419951273,-56.,-29.73304508905));
#1638 = CARTESIAN_POINT('',(-19.75734557067,-55.90723372022,
    -29.96557569863));
#1639 = CARTESIAN_POINT('',(-20.07107790339,-55.72795886482,
    -30.20428279678));
#1640 = CARTESIAN_POINT('',(-20.37125390233,-55.44326958606,
    -30.44029249953));
#1641 = CARTESIAN_POINT('',(-20.6050522043,-55.00097233117,
    -30.64510656497));
#1642 = CARTESIAN_POINT('',(-20.71295653087,-54.49230134429,
    -30.77033761384));
#1643 = CARTESIAN_POINT('',(-20.72036525454,-54.00216051008,
    -30.81032500043));
#1644 = CARTESIAN_POINT('',(-20.62503594406,-53.58775481429,
    -30.79071214789));
#1645 = CARTESIAN_POINT('',(-19.14354925431,-56.,-29.5));
#1646 = CARTESIAN_POINT('',(-19.44704906249,-56.,-29.71928345932));
#1647 = CARTESIAN_POINT('',(-19.79742712156,-55.90254509868,
    -29.92258542526));
#1648 = CARTESIAN_POINT('',(-20.13216708696,-55.71873429576,
    -30.1379245909));
#1649 = CARTESIAN_POINT('',(-20.45319884225,-55.42846175158,
    -30.34886520039));
#1650 = CARTESIAN_POINT('',(-20.70408888884,-54.98165053743,
    -30.53037414291));
#1651 = CARTESIAN_POINT('',(-20.82105974511,-54.47022674638,
    -30.64090053111));
#1652 = CARTESIAN_POINT('',(-20.83740658008,-53.97583061053,
    -30.66744768852));
#1653 = CARTESIAN_POINT('',(-20.73271073833,-53.55947172791,
    -30.65508683537));
#1654 = CARTESIAN_POINT('',(-19.14354925431,-56.,-29.5));
#1655 = CARTESIAN_POINT('',(-19.45979092704,-56.,-29.70314897635));
#1656 = CARTESIAN_POINT('',(-19.83467826668,-55.89793950699,
    -29.87584576349));
#1657 = CARTESIAN_POINT('',(-20.18763334486,-55.7088979971,
    -30.06551218981));
#1658 = CARTESIAN_POINT('',(-20.52561361142,-55.41262608958,
    -30.24887532667));
#1659 = CARTESIAN_POINT('',(-20.7899605204,-54.96321918345,
    -30.40486494498));
#1660 = CARTESIAN_POINT('',(-20.91453324981,-54.4514205742,
    -30.49965083555));
#1661 = CARTESIAN_POINT('',(-20.93914715907,-53.95439077639,
    -30.51365393982));
#1662 = CARTESIAN_POINT('',(-20.82734244373,-53.53558666122,
    -30.50923612823));
#1663 = CARTESIAN_POINT('',(-19.14354925431,-56.,-29.5));
#1664 = CARTESIAN_POINT('',(-19.4736343467,-56.,-29.68363249442));
#1665 = CARTESIAN_POINT('',(-19.87012753886,-55.89362497615,
    -29.824757938));
#1666 = CARTESIAN_POINT('',(-20.2386359248,-55.69863784059,
    -29.98656816504));
#1667 = CARTESIAN_POINT('',(-20.58930113444,-55.39592072419,
    -30.14035977376));
#1668 = CARTESIAN_POINT('',(-20.86292621185,-54.94586197119,
    -30.26926625218));
#1669 = CARTESIAN_POINT('',(-20.99338357132,-54.43599040888,
    -30.3474856626));
#1670 = CARTESIAN_POINT('',(-21.02480323982,-53.93802082412,
    -30.35018809662));
#1671 = CARTESIAN_POINT('',(-20.90849373771,-53.51618229251,
    -30.35321964845));
#1672 = CARTESIAN_POINT('',(-19.14354925431,-56.,-29.5));
#1673 = CARTESIAN_POINT('',(-19.48978856181,-56.,-29.6597248678));
#1674 = CARTESIAN_POINT('',(-19.9046527986,-55.88986445592,
    -29.76945294257));
#1675 = CARTESIAN_POINT('',(-20.28625360676,-55.68818265417,
    -29.90166723473));
#1676 = CARTESIAN_POINT('',(-20.64505407288,-55.37853077319,
    -30.02472996119));
#1677 = CARTESIAN_POINT('',(-20.92323224729,-54.92979634471,
    -30.1259835007));
#1678 = CARTESIAN_POINT('',(-21.05745630063,-54.42412574396,
    -30.18740644101));
#1679 = CARTESIAN_POINT('',(-21.09291561078,-53.92714095614,
    -30.18123483118));
#1680 = CARTESIAN_POINT('',(-20.974542445,-53.50172666276,
    -30.19018612255));
#1681 = CARTESIAN_POINT('',(-19.14354925431,-56.,-29.5));
#1682 = CARTESIAN_POINT('',(-19.50946281266,-56.,-29.63041695078));
#1683 = CARTESIAN_POINT('',(-19.93943249015,-55.88670457134,
    -29.70974011207));
#1684 = CARTESIAN_POINT('',(-20.33213585299,-55.6774273072,
    -29.81091576455));
#1685 = CARTESIAN_POINT('',(-20.69450586906,-55.36018976194,
    -29.90278226245));
#1686 = CARTESIAN_POINT('',(-20.97217588674,-54.91467525753,
    -29.97665331912));
#1687 = CARTESIAN_POINT('',(-21.10773839323,-54.41534815586,
    -30.02147789448));
#1688 = CARTESIAN_POINT('',(-21.14316749213,-53.92131081174,
    -30.00968511202));
#1689 = CARTESIAN_POINT('',(-21.02458949887,-53.49186040004,
    -30.02194109769));
#1690 = CARTESIAN_POINT('',(-19.14354925431,-56.,-29.5));
#1691 = CARTESIAN_POINT('',(-19.5338663396,-56.,-29.59469959762));
#1692 = CARTESIAN_POINT('',(-19.9759490486,-55.8840047232,
    -29.64504598116));
#1693 = CARTESIAN_POINT('',(-20.37848742783,-55.66597684946,
    -29.71380443205));
#1694 = CARTESIAN_POINT('',(-20.7400965786,-55.34023880083,-29.774464475
    ));
#1695 = CARTESIAN_POINT('',(-21.01206265682,-54.89966114443,
    -29.82185161605));
#1696 = CARTESIAN_POINT('',(-21.14632740876,-54.40859958173,
    -29.85053337055));
#1697 = CARTESIAN_POINT('',(-21.17640840958,-53.9193456248,
    -29.83691945089));
#1698 = CARTESIAN_POINT('',(-21.05855453282,-53.48551116835,
    -29.8489248716));
#1699 = CARTESIAN_POINT('',(-19.14354925431,-56.,-29.5));
#1700 = CARTESIAN_POINT('',(-19.58966110118,-56.,-29.52974704695));
#1701 = CARTESIAN_POINT('',(-20.03772740478,-55.88640174636,
    -29.55949410077));
#1702 = CARTESIAN_POINT('',(-20.45674880273,-55.65711790134,
    -29.58795943105));
#1703 = CARTESIAN_POINT('',(-20.81662529936,-55.31917964847,
    -29.61386158696));
#1704 = CARTESIAN_POINT('',(-21.07581112636,-54.88223584289,
    -29.63607638605));
#1705 = CARTESIAN_POINT('',(-21.19921068006,-54.39929674446,
    -29.6537980557));
#1706 = CARTESIAN_POINT('',(-21.1928450808,-53.92066953386,
    -29.66662413022));
#1707 = CARTESIAN_POINT('',(-21.07540090689,-53.48236190979,
    -29.67455456152));
#1708 = CARTESIAN_POINT('',(-19.14354925431,-56.,-29.5));
#1709 = CARTESIAN_POINT('',(-19.60169818296,-56.,-29.5));
#1710 = CARTESIAN_POINT('',(-20.0598475468,-55.8800563969,-29.5));
#1711 = CARTESIAN_POINT('',(-20.48135926304,-55.64017308056,-29.5));
#1712 = CARTESIAN_POINT('',(-20.82961320499,-55.29376237281,-29.5));
#1713 = CARTESIAN_POINT('',(-21.0740855014,-54.86771720757,-29.5));
#1714 = CARTESIAN_POINT('',(-21.19669973205,-54.39848178391,-29.5));
#1715 = CARTESIAN_POINT('',(-21.19397857512,-53.92489979226,-29.5));
#1716 = CARTESIAN_POINT('',(-21.07540090689,-53.48236190979,-29.5));
#1717 = ADVANCED_FACE('',(#1718),#1743,.F.);
#1718 = FACE_BOUND('',#1719,.F.);
#1719 = EDGE_LOOP('',(#1720,#1728,#1729,#1737));
#1720 = ORIENTED_EDGE('',*,*,#1721,.F.);
#1721 = EDGE_CURVE('',#185,#1722,#1724,.T.);
#1722 = VERTEX_POINT('',#1723);
#1723 = CARTESIAN_POINT('',(-15.87925025651,-34.09006367879,-2.));
#1724 = LINE('',#1725,#1726);
#1725 = CARTESIAN_POINT('',(-21.75,-56.,-2.));
#1726 = VECTOR('',#1727,1.);
#1727 = DIRECTION('',(0.258819045103,0.965925826289,0.));
#1728 = ORIENTED_EDGE('',*,*,#184,.F.);
#1729 = ORIENTED_EDGE('',*,*,#1730,.T.);
#1730 = EDGE_CURVE('',#171,#1731,#1733,.T.);
#1731 = VERTEX_POINT('',#1732);
#1732 = CARTESIAN_POINT('',(-15.87925025651,-34.09006367879,-29.5));
#1733 = LINE('',#1734,#1735);
#1734 = CARTESIAN_POINT('',(-21.75,-56.,-29.5));
#1735 = VECTOR('',#1736,1.);
#1736 = DIRECTION('',(0.258819045103,0.965925826289,0.));
#1737 = ORIENTED_EDGE('',*,*,#1738,.F.);
#1738 = EDGE_CURVE('',#1722,#1731,#1739,.T.);
#1739 = LINE('',#1740,#1741);
#1740 = CARTESIAN_POINT('',(-15.87925025651,-34.09006367879,-2.));
#1741 = VECTOR('',#1742,1.);
#1742 = DIRECTION('',(-0.,-0.,-1.));
#1743 = PLANE('',#1744);
#1744 = AXIS2_PLACEMENT_3D('',#1745,#1746,#1747);
#1745 = CARTESIAN_POINT('',(-21.75,-56.,0.));
#1746 = DIRECTION('',(0.965925826289,-0.258819045103,0.));
#1747 = DIRECTION('',(0.258819045103,0.965925826289,0.));
#1748 = ADVANCED_FACE('',(#1749),#1891,.T.);
#1749 = FACE_BOUND('',#1750,.F.);
#1750 = EDGE_LOOP('',(#1751,#1752,#1753,#1754));
#1751 = ORIENTED_EDGE('',*,*,#557,.F.);
#1752 = ORIENTED_EDGE('',*,*,#210,.F.);
#1753 = ORIENTED_EDGE('',*,*,#1295,.T.);
#1754 = ORIENTED_EDGE('',*,*,#1755,.T.);
#1755 = EDGE_CURVE('',#1296,#558,#1756,.T.);
#1756 = ( BOUNDED_CURVE() B_SPLINE_CURVE(12,(#1757,#1758,#1759,#1760,
    #1761,#1762,#1763,#1764,#1765,#1766,#1767,#1768,#1769,#1770,#1771,
    #1772,#1773,#1774,#1775,#1776,#1777,#1778,#1779,#1780,#1781,#1782,
    #1783,#1784,#1785,#1786,#1787,#1788,#1789,#1790,#1791,#1792,#1793,
    #1794,#1795,#1796,#1797,#1798,#1799,#1800,#1801,#1802,#1803,#1804,
    #1805,#1806,#1807,#1808,#1809,#1810,#1811,#1812,#1813,#1814,#1815,
    #1816,#1817,#1818,#1819,#1820,#1821,#1822,#1823,#1824,#1825,#1826,
    #1827,#1828,#1829,#1830,#1831,#1832,#1833,#1834,#1835,#1836,#1837,
    #1838,#1839,#1840,#1841,#1842,#1843,#1844,#1845,#1846,#1847,#1848,
    #1849,#1850,#1851,#1852,#1853,#1854,#1855,#1856,#1857,#1858,#1859,
    #1860,#1861,#1862,#1863,#1864,#1865,#1866,#1867,#1868,#1869,#1870,
    #1871,#1872,#1873,#1874,#1875,#1876,#1877,#1878,#1879,#1880,#1881,
    #1882,#1883,#1884,#1885,#1886,#1887,#1888,#1889,#1890),
.UNSPECIFIED.,.F.,.F.) B_SPLINE_CURVE_WITH_KNOTS((13,11,11,11,11,11,11,
    11,11,11,11,11,13),(5.01497477E-09,1.78604716988E-03,
    3.572089324786E-03,7.144173634598E-03,1.428834225422E-02,
    2.857667949347E-02,5.715335397196E-02,0.114306702929,0.228613400843,
    0.457226796671,0.914453588327,1.828907171638,3.657814338262),
.UNSPECIFIED.) CURVE() GEOMETRIC_REPRESENTATION_ITEM() 
RATIONAL_B_SPLINE_CURVE((1.,1.,1.,1.,1.,1.,1.000000000001,0.999999999999
    ,1.,1.,1.,1.,1.,1.,0.999999999999,1.000000000001,0.999999999998,
    1.000000000002,0.999999999999,1.000000000001,1.,1.,1.,1.,1.,
    1.000000000001,0.999999999998,1.000000000002,0.999999999997,
    1.000000000002,0.999999999999,1.000000000001,1.,1.,1.,1.000000000001
    ,0.999999999999,1.000000000002,0.999999999997,1.000000000003,
    0.999999999997,1.000000000002,0.999999999999,1.,1.,1.,1.,1.,
    1.000000000001,0.999999999999,1.000000000001,0.999999999999,
    1.000000000001,1.,1.,1.,1.,0.999999999999,1.000000000002,
    0.999999999997,1.000000000005,0.999999999995,1.000000000005,
    0.999999999997,1.000000000002,0.999999999999,1.,1.,1.,1.000000000001
    ,0.999999999997,1.000000000004,0.999999999995,1.000000000004,
    0.999999999997,1.000000000001,1.,1.,1.,1.,1.000000000001,
    0.999999999998,1.000000000003,0.999999999997,1.000000000003,
    0.999999999998,1.000000000001,1.,1.,1.,1.,1.000000000001,
    0.999999999997,1.000000000004,0.999999999995,1.000000000004,
    0.999999999997,1.000000000002,0.999999999999,1.,1.,1.,1.,
    1.000000000001,0.999999999999,1.000000000001,0.999999999999,
    1.000000000001,1.,1.,1.,1.,1.000000000001,0.999999999999,
    1.000000000003,0.999999999996,1.000000000004,0.999999999997,
    1.000000000002,0.999999999999,1.,1.,1.,1.,1.000000000001,
    0.999999999998,1.000000000002,0.999999999997,1.000000000003,
0.999999999998,1.000000000001,1.,1.,1.)) REPRESENTATION_ITEM('') );
#1757 = CARTESIAN_POINT('',(13.081902789652,-31.37762732834,2.2E-16));
#1758 = CARTESIAN_POINT('',(13.08206706767,-31.37762176894,-1.62825E-12)
  );
#1759 = CARTESIAN_POINT('',(13.081817712843,-31.37845467092,
    -3.13610193E-09));
#1760 = CARTESIAN_POINT('',(13.083091934745,-31.37619914252,
    -9.44568879E-09));
#1761 = CARTESIAN_POINT('',(13.080687651849,-31.38140028363,
    -1.881702927E-08));
#1762 = CARTESIAN_POINT('',(13.084646454291,-31.37370286329,
    -3.146895322E-08));
#1763 = CARTESIAN_POINT('',(13.080423318171,-31.38259098877,
    -4.708494161E-08));
#1764 = CARTESIAN_POINT('',(13.084127102964,-31.37541051362,
    -6.601493829E-08));
#1765 = CARTESIAN_POINT('',(13.082059400823,-31.37992937613,
    -8.796241791E-08));
#1766 = CARTESIAN_POINT('',(13.083089219482,-31.37816927822,
    -1.1311837145E-07));
#1767 = CARTESIAN_POINT('',(13.082947104708,-31.37878479808,
    -1.4139180626E-07));
#1768 = CARTESIAN_POINT('',(13.083088286871,-31.3788260493,
    -1.7281322529E-07));
#1769 = CARTESIAN_POINT('',(13.083303836227,-31.3790439927,
    -2.4193936243E-07));
#1770 = CARTESIAN_POINT('',(13.083411611177,-31.37915296427,
    -2.7964469862E-07));
#1771 = CARTESIAN_POINT('',(13.083519386399,-31.37926193572,
    -3.2049223175E-07));
#1772 = CARTESIAN_POINT('',(13.083627161891,-31.37937090705,
    -3.6448243335E-07));
#1773 = CARTESIAN_POINT('',(13.083734937661,-31.37947987824,
    -4.1161436526E-07));
#1774 = CARTESIAN_POINT('',(13.083842713695,-31.37958884932,
    -4.6188972624E-07));
#1775 = CARTESIAN_POINT('',(13.083950490012,-31.37969782026,
    -5.1530633494E-07));
#1776 = CARTESIAN_POINT('',(13.084058266592,-31.37980679108,
    -5.7186662317E-07));
#1777 = CARTESIAN_POINT('',(13.084166043451,-31.37991576178,
    -6.3156856922E-07));
#1778 = CARTESIAN_POINT('',(13.08427382058,-31.38002473235,
    -6.9441362627E-07));
#1779 = CARTESIAN_POINT('',(13.084381597984,-31.38013370279,
    -7.6040108776E-07));
#1780 = CARTESIAN_POINT('',(13.084704931013,-31.38046061376,
    -9.6779164971E-07));
#1781 = CARTESIAN_POINT('',(13.08492048746,-31.3806785539,
    -1.11862271623E-06));
#1782 = CARTESIAN_POINT('',(13.085136045,-31.38089649355,
    -1.28202465999E-06));
#1783 = CARTESIAN_POINT('',(13.085351603637,-31.3811144327,
    -1.45799833517E-06));
#1784 = CARTESIAN_POINT('',(13.085567163369,-31.38133237135,
    -1.64654282875E-06));
#1785 = CARTESIAN_POINT('',(13.0857827242,-31.38155030951,
    -1.84766074074E-06));
#1786 = CARTESIAN_POINT('',(13.08599828613,-31.38176824718,
    -2.06134908398E-06));
#1787 = CARTESIAN_POINT('',(13.086213849159,-31.38198618436,
    -2.28761210253E-06));
#1788 = CARTESIAN_POINT('',(13.08642941329,-31.38220412105,
    -2.52644642706E-06));
#1789 = CARTESIAN_POINT('',(13.086644978523,-31.38242205726,
    -2.7778551398E-06));
#1790 = CARTESIAN_POINT('',(13.086860544859,-31.38263999297,
    -3.04183702726E-06));
#1791 = CARTESIAN_POINT('',(13.087507247181,-31.38329379867,
    -3.87150496506E-06));
#1792 = CARTESIAN_POINT('',(13.087938386481,-31.38372966719,
    -4.47491292299E-06));
#1793 = CARTESIAN_POINT('',(13.088369530207,-31.38416553378,
    -5.12861885882E-06));
#1794 = CARTESIAN_POINT('',(13.088800678372,-31.38460139846,
    -5.83262755849E-06));
#1795 = CARTESIAN_POINT('',(13.089231830977,-31.38503726123,
    -6.58693770594E-06));
#1796 = CARTESIAN_POINT('',(13.089662988044,-31.3854731221,
    -7.39155800489E-06));
#1797 = CARTESIAN_POINT('',(13.090094149566,-31.38590898109,
    -8.24648408793E-06));
#1798 = CARTESIAN_POINT('',(13.090525315569,-31.38634483821,
    -9.15172547611E-06));
#1799 = CARTESIAN_POINT('',(13.090956486047,-31.38678069346,
    -1.010727952233E-05));
#1800 = CARTESIAN_POINT('',(13.09138766102,-31.38721654686,
    -1.111315238034E-05));
#1801 = CARTESIAN_POINT('',(13.09181884049,-31.38765239841,
    -1.216934501946E-05));
#1802 = CARTESIAN_POINT('',(13.093112392431,-31.3889599476,
    -1.548889238534E-05));
#1803 = CARTESIAN_POINT('',(13.093974778426,-31.38983163974,
    -1.790321489548E-05));
#1804 = CARTESIAN_POINT('',(13.094837182531,-31.39070332465,
    -2.051885185428E-05));
#1805 = CARTESIAN_POINT('',(13.095699604815,-31.39157500241,
    -2.333582447767E-05));
#1806 = CARTESIAN_POINT('',(13.096562045357,-31.39244667312,
    -2.635415868157E-05));
#1807 = CARTESIAN_POINT('',(13.09742450422,-31.39331833686,
    -2.957387267244E-05));
#1808 = CARTESIAN_POINT('',(13.098286981489,-31.39418999372,
    -3.299499496845E-05));
#1809 = CARTESIAN_POINT('',(13.099149477224,-31.39506164379,
    -3.661754276452E-05));
#1810 = CARTESIAN_POINT('',(13.100011991509,-31.39593328716,
    -4.044154346883E-05));
#1811 = CARTESIAN_POINT('',(13.10087452441,-31.39680492392,
    -4.446701697902E-05));
#1812 = CARTESIAN_POINT('',(13.101737076002,-31.39767655415,
    -4.869398759899E-05));
#1813 = CARTESIAN_POINT('',(13.10432478707,-31.40029142553,
    -6.197945783482E-05));
#1814 = CARTESIAN_POINT('',(13.106050002862,-31.40203464739,
    -7.164250125125E-05));
#1815 = CARTESIAN_POINT('',(13.107775294304,-31.40377784422,
    -8.211180943796E-05));
#1816 = CARTESIAN_POINT('',(13.109500661961,-31.4055210167,
    -9.338758076471E-05));
#1817 = CARTESIAN_POINT('',(13.111226106409,-31.40726416553,
    -1.05470020465E-04));
#1818 = CARTESIAN_POINT('',(13.112951628203,-31.40900729139,
    -1.183593223298E-04));
#1819 = CARTESIAN_POINT('',(13.114677227927,-31.41075039498,
    -1.32055695359E-04));
#1820 = CARTESIAN_POINT('',(13.116402906135,-31.41249347698,
    -1.465593321129E-04));
#1821 = CARTESIAN_POINT('',(13.118128663406,-31.41423653809,
    -1.618704396986E-04));
#1822 = CARTESIAN_POINT('',(13.119854500301,-31.415979579,
    -1.77989214737E-04));
#1823 = CARTESIAN_POINT('',(13.121580417392,-31.41772260038,
    -1.949158598841E-04));
#1824 = CARTESIAN_POINT('',(13.126758410955,-31.42295160807,
    -2.481200057121E-04));
#1825 = CARTESIAN_POINT('',(13.130210731022,-31.42643753923,
    -2.868215239175E-04));
#1826 = CARTESIAN_POINT('',(13.133663378972,-31.42992340087,
    -3.287569969402E-04));
#1827 = CARTESIAN_POINT('',(13.137116358316,-31.43340919748,
    -3.739282881365E-04));
#1828 = CARTESIAN_POINT('',(13.140569672593,-31.43689493353,
    -4.223372694786E-04));
#1829 = CARTESIAN_POINT('',(13.144023325296,-31.44038061347,
    -4.739857980045E-04));
#1830 = CARTESIAN_POINT('',(13.147477319982,-31.44386624178,
    -5.288757514502E-04));
#1831 = CARTESIAN_POINT('',(13.150931660135,-31.44735182292,
    -5.870089841874E-04));
#1832 = CARTESIAN_POINT('',(13.154386349306,-31.45083736138,
    -6.483873722086E-04));
#1833 = CARTESIAN_POINT('',(13.157841390996,-31.45432286161,
    -7.130127751556E-04));
#1834 = CARTESIAN_POINT('',(13.161296788737,-31.45780832808,
    -7.808870626141E-04));
#1835 = CARTESIAN_POINT('',(13.171664060661,-31.46826463962,
    -9.942621732739E-04));
#1836 = CARTESIAN_POINT('',(13.178576992519,-31.47523537571,
    -1.149511130019E-03));
#1837 = CARTESIAN_POINT('',(13.185491371813,-31.48220601119,
    -1.317778079343E-03));
#1838 = CARTESIAN_POINT('',(13.192407228744,-31.48917658369,
    -1.499082130979E-03));
#1839 = CARTESIAN_POINT('',(13.199324593497,-31.49614713089,
    -1.693442395141E-03));
#1840 = CARTESIAN_POINT('',(13.206243496284,-31.50311769041,
    -1.900877980346E-03));
#1841 = CARTESIAN_POINT('',(13.213163967281,-31.51008829992,
    -2.121407998457E-03));
#1842 = CARTESIAN_POINT('',(13.220086036704,-31.51705899707,
    -2.355051556532E-03));
#1843 = CARTESIAN_POINT('',(13.227009734732,-31.52402981951,
    -2.601827766951E-03));
#1844 = CARTESIAN_POINT('',(13.233935091572,-31.53100080489,
    -2.861755737488E-03));
#1845 = CARTESIAN_POINT('',(13.240862137414,-31.53797199086,
    -3.134854579E-03));
#1846 = CARTESIAN_POINT('',(13.261648432539,-31.55888626349,
    -3.993721044439E-03));
#1847 = CARTESIAN_POINT('',(13.275512798379,-31.57283002682,
    -4.618974957198E-03));
#1848 = CARTESIAN_POINT('',(13.289384373739,-31.58677513628,
    -5.297146691798E-03));
#1849 = CARTESIAN_POINT('',(13.303263532375,-31.60072202306,
    -6.02847779964E-03));
#1850 = CARTESIAN_POINT('',(13.317150648054,-31.61467111838,
    -6.813209835152E-03));
#1851 = CARTESIAN_POINT('',(13.331046094529,-31.62862285343,
    -7.651584347536E-03));
#1852 = CARTESIAN_POINT('',(13.344950245571,-31.64257765942,
    -8.543842893118E-03));
#1853 = CARTESIAN_POINT('',(13.35886347493,-31.65653596756,
    -9.490227020349E-03));
#1854 = CARTESIAN_POINT('',(13.372786156376,-31.67049820905,
    -1.049097828484E-02));
#1855 = CARTESIAN_POINT('',(13.386718663663,-31.68446481509,
    -1.154633823683E-02));
#1856 = CARTESIAN_POINT('',(13.400661370556,-31.69843621689,
    -1.265654842984E-02));
#1857 = CARTESIAN_POINT('',(13.442521211332,-31.74036610319,
    -1.615245438778E-02));
#1858 = CARTESIAN_POINT('',(13.470470083972,-31.76834029199,
    -1.870172880441E-02));
#1859 = CARTESIAN_POINT('',(13.498464685653,-31.79633925708,
    -2.147337281304E-02));
#1860 = CARTESIAN_POINT('',(13.526508433297,-31.82436684349,
    -2.44710855622E-02));
#1861 = CARTESIAN_POINT('',(13.554604743812,-31.85242689625,
    -2.769856619827E-02));
#1862 = CARTESIAN_POINT('',(13.582757034132,-31.8805232604,
    -3.115951387073E-02));
#1863 = CARTESIAN_POINT('',(13.610968721155,-31.90865978095,
    -3.485762772542E-02));
#1864 = CARTESIAN_POINT('',(13.639243221819,-31.93684030294,
    -3.879660691164E-02));
#1865 = CARTESIAN_POINT('',(13.667583953026,-31.9650686714,
    -4.298015057609E-02));
#1866 = CARTESIAN_POINT('',(13.695994331705,-31.99334873135,
    -4.741195786693E-02));
#1867 = CARTESIAN_POINT('',(13.724477774768,-32.02168432783,
    -5.209572793181E-02));
#1868 = CARTESIAN_POINT('',(13.81015754787,-32.10686926193,
    -6.691402389149E-02));
#1869 = CARTESIAN_POINT('',(13.867585815757,-32.16389949166,
    -7.78225486953E-02));
#1870 = CARTESIAN_POINT('',(13.925350785405,-32.22120105144,
    -8.980652599573E-02));
#1871 = CARTESIAN_POINT('',(13.983484297476,-32.2788090357,
    -0.102914073932));
#1872 = CARTESIAN_POINT('',(14.042022073711,-32.33676244966,
    -0.1171987373));
#1873 = CARTESIAN_POINT('',(14.101004039957,-32.39510408209,
    -0.132722587779));
#1874 = CARTESIAN_POINT('',(14.160474649194,-32.45388037802,
    -0.149559324094));
#1875 = CARTESIAN_POINT('',(14.220483204556,-32.51314131154,
    -0.167797372251));
#1876 = CARTESIAN_POINT('',(14.281084182371,-32.57294025851,
    -0.187542985706));
#1877 = CARTESIAN_POINT('',(14.34233755517,-32.63333386931,
    -0.208923345589));
#1878 = CARTESIAN_POINT('',(14.404309114728,-32.69438194162,
    -0.232089660881));
#1879 = CARTESIAN_POINT('',(14.592594155785,-32.87967799617,
    -0.307481484128));
#1880 = CARTESIAN_POINT('',(14.721184001874,-33.00606335701,
    -0.365498136084));
#1881 = CARTESIAN_POINT('',(14.854073647388,-33.13587926256,
    -0.433533454321));
#1882 = CARTESIAN_POINT('',(14.989272459559,-33.26866614109,
    -0.511158734243));
#1883 = CARTESIAN_POINT('',(15.131611957193,-33.40618437732,
    -0.604565885971));
#1884 = CARTESIAN_POINT('',(15.277398477952,-33.54622537548,
    -0.715819557963));
#1885 = CARTESIAN_POINT('',(15.425125723397,-33.68751751892,
    -0.847699560872));
#1886 = CARTESIAN_POINT('',(15.577638192582,-33.82830371712,
    -1.010942792014));
#1887 = CARTESIAN_POINT('',(15.722538629434,-33.95536646327,
    -1.217863809131));
#1888 = CARTESIAN_POINT('',(15.826843110087,-34.04491124712,
    -1.465898466889));
#1889 = CARTESIAN_POINT('',(15.879250256515,-34.09006367879,
    -1.732959454391));
#1890 = CARTESIAN_POINT('',(15.879250256515,-34.09006367879,-2.));
#1891 = CYLINDRICAL_SURFACE('',#1892,2.);
#1892 = AXIS2_PLACEMENT_3D('',#1893,#1894,#1895);
#1893 = CARTESIAN_POINT('',(19.818148347422,-56.5176380902,-2.));
#1894 = DIRECTION('',(-0.258819045103,0.965925826289,0.));
#1895 = DIRECTION('',(0.965925826289,0.258819045103,0.));
#1896 = ADVANCED_FACE('',(#1897),#1923,.F.);
#1897 = FACE_BOUND('',#1898,.F.);
#1898 = EDGE_LOOP('',(#1899,#1907,#1915,#1922));
#1899 = ORIENTED_EDGE('',*,*,#1900,.T.);
#1900 = EDGE_CURVE('',#558,#1901,#1903,.T.);
#1901 = VERTEX_POINT('',#1902);
#1902 = CARTESIAN_POINT('',(16.878761195301,-31.80303563908,-2.));
#1903 = ( BOUNDED_CURVE() B_SPLINE_CURVE(2,(#1904,#1905,#1906),
.UNSPECIFIED.,.F.,.F.) B_SPLINE_CURVE_WITH_KNOTS((3,3),(0.,
3.657814333247),.PIECEWISE_BEZIER_KNOTS.) CURVE() 
GEOMETRIC_REPRESENTATION_ITEM() RATIONAL_B_SPLINE_CURVE((1.,
0.781444201016,1.)) REPRESENTATION_ITEM('') );
#1904 = CARTESIAN_POINT('',(15.879250256515,-34.09006367879,-2.));
#1905 = CARTESIAN_POINT('',(15.465921584663,-32.54750007521,-2.));
#1906 = CARTESIAN_POINT('',(16.878761195301,-31.80303563908,-2.));
#1907 = ORIENTED_EDGE('',*,*,#1908,.T.);
#1908 = EDGE_CURVE('',#1901,#1909,#1911,.T.);
#1909 = VERTEX_POINT('',#1910);
#1910 = CARTESIAN_POINT('',(16.878761195301,-31.80303563908,-29.5));
#1911 = LINE('',#1912,#1913);
#1912 = CARTESIAN_POINT('',(16.878761195301,-31.80303563908,-2.));
#1913 = VECTOR('',#1914,1.);
#1914 = DIRECTION('',(-0.,-0.,-1.));
#1915 = ORIENTED_EDGE('',*,*,#1916,.F.);
#1916 = EDGE_CURVE('',#567,#1909,#1917,.T.);
#1917 = CIRCLE('',#1918,2.);
#1918 = AXIS2_PLACEMENT_3D('',#1919,#1920,#1921);
#1919 = CARTESIAN_POINT('',(17.811101909093,-33.57242558858,-29.5));
#1920 = DIRECTION('',(-0.,0.,-1.));
#1921 = DIRECTION('',(-0.965925826289,-0.258819045103,0.));
#1922 = ORIENTED_EDGE('',*,*,#574,.F.);
#1923 = CYLINDRICAL_SURFACE('',#1924,2.);
#1924 = AXIS2_PLACEMENT_3D('',#1925,#1926,#1927);
#1925 = CARTESIAN_POINT('',(17.811101909093,-33.57242558858,-2.));
#1926 = DIRECTION('',(-0.,-0.,-1.));
#1927 = DIRECTION('',(-0.965925826289,-0.258819045103,0.));
#1928 = ADVANCED_FACE('',(#1929),#2071,.T.);
#1929 = FACE_BOUND('',#1930,.T.);
#1930 = EDGE_LOOP('',(#1931,#1932,#1933,#1934));
#1931 = ORIENTED_EDGE('',*,*,#566,.F.);
#1932 = ORIENTED_EDGE('',*,*,#590,.T.);
#1933 = ORIENTED_EDGE('',*,*,#1338,.T.);
#1934 = ORIENTED_EDGE('',*,*,#1935,.F.);
#1935 = EDGE_CURVE('',#567,#1339,#1936,.T.);
#1936 = ( BOUNDED_CURVE() B_SPLINE_CURVE(12,(#1937,#1938,#1939,#1940,
    #1941,#1942,#1943,#1944,#1945,#1946,#1947,#1948,#1949,#1950,#1951,
    #1952,#1953,#1954,#1955,#1956,#1957,#1958,#1959,#1960,#1961,#1962,
    #1963,#1964,#1965,#1966,#1967,#1968,#1969,#1970,#1971,#1972,#1973,
    #1974,#1975,#1976,#1977,#1978,#1979,#1980,#1981,#1982,#1983,#1984,
    #1985,#1986,#1987,#1988,#1989,#1990,#1991,#1992,#1993,#1994,#1995,
    #1996,#1997,#1998,#1999,#2000,#2001,#2002,#2003,#2004,#2005,#2006,
    #2007,#2008,#2009,#2010,#2011,#2012,#2013,#2014,#2015,#2016,#2017,
    #2018,#2019,#2020,#2021,#2022,#2023,#2024,#2025,#2026,#2027,#2028,
    #2029,#2030,#2031,#2032,#2033,#2034,#2035,#2036,#2037,#2038,#2039,
    #2040,#2041,#2042,#2043,#2044,#2045,#2046,#2047,#2048,#2049,#2050,
    #2051,#2052,#2053,#2054,#2055,#2056,#2057,#2058,#2059,#2060,#2061,
    #2062,#2063,#2064,#2065,#2066,#2067,#2068,#2069,#2070),
.UNSPECIFIED.,.F.,.F.) B_SPLINE_CURVE_WITH_KNOTS((13,11,11,11,11,11,11,
    11,11,11,11,11,13),(31.157814338262,32.986721241418,33.901174692996,
    34.358401418785,34.58701478168,34.701321463127,34.758474803851,
    34.787051474213,34.801339809393,34.808483976984,34.812056060779,
34.813842102677,34.815628144574),.UNSPECIFIED.) CURVE() 
GEOMETRIC_REPRESENTATION_ITEM() RATIONAL_B_SPLINE_CURVE((1.,1.,
    1.000000000001,0.999999999998,1.000000000003,0.999999999996,
    1.000000000005,0.999999999996,1.000000000003,0.999999999998,
    1.000000000001,1.,1.,1.,1.,1.,1.,1.000000000001,0.999999999999,1.,1.
    ,1.,1.,1.,1.,1.,1.000000000001,0.999999999999,1.000000000001,1.,1.,
    1.,1.,1.,1.,1.,1.,1.000000000001,0.999999999999,1.000000000001,
    0.999999999999,1.000000000001,0.999999999999,1.,1.,1.,0.999999999999
    ,1.000000000002,0.999999999996,1.000000000005,0.999999999994,
    1.000000000005,0.999999999997,1.000000000002,0.999999999999,1.,1.,
    1.000000000001,0.999999999998,1.000000000003,0.999999999996,
    1.000000000004,0.999999999996,1.000000000002,0.999999999999,1.,1.,1.
    ,1.,0.999999999999,1.000000000002,0.999999999997,1.000000000004,
    0.999999999997,1.000000000002,0.999999999999,1.,1.,1.,1.,
    0.999999999999,1.000000000002,0.999999999998,1.000000000002,
    0.999999999998,1.000000000001,0.999999999999,1.,1.,1.,1.,
    0.999999999999,1.000000000001,0.999999999998,1.000000000002,
    0.999999999998,1.000000000001,0.999999999999,1.,1.,1.,1.,1.,
    1.000000000001,0.999999999999,1.000000000002,0.999999999999,
    1.000000000001,1.,1.,1.,1.,1.,0.999999999999,1.000000000001,
    0.999999999999,1.000000000001,0.999999999999,1.000000000001,1.,1.,1.
    ,1.,1.,1.,1.000000000001,0.999999999999,1.000000000001,
0.999999999999,1.000000000001,1.,1.,1.,1.)) REPRESENTATION_ITEM('') );
#1937 = CARTESIAN_POINT('',(15.879250256515,-34.09006367879,-29.5));
#1938 = CARTESIAN_POINT('',(15.879250256515,-34.09006367879,
    -29.76704208568));
#1939 = CARTESIAN_POINT('',(15.826872557781,-34.04502122324,
    -30.03418916414));
#1940 = CARTESIAN_POINT('',(15.722366916098,-33.95485179282,
    -30.28175761939));
#1941 = CARTESIAN_POINT('',(15.578118827098,-33.82943154059,
    -30.48949375772));
#1942 = CARTESIAN_POINT('',(15.424692918841,-33.68649030331,
    -30.65202857903));
#1943 = CARTESIAN_POINT('',(15.277278303709,-33.54611996332,
    -30.78421734795));
#1944 = CARTESIAN_POINT('',(15.13205010169,-33.40721405592,
    -30.89575080338));
#1945 = CARTESIAN_POINT('',(14.988966837993,-33.26769055919,
    -30.98837861327));
#1946 = CARTESIAN_POINT('',(14.854124659058,-33.13629119229,
    -31.0667802536));
#1947 = CARTESIAN_POINT('',(14.721190092662,-33.00597830523,
    -31.13441373548));
#1948 = CARTESIAN_POINT('',(14.592616101409,-32.87969955398,
    -31.19250962217));
#1949 = CARTESIAN_POINT('',(14.404301534586,-32.69437518071,
    -31.26791352646));
#1950 = CARTESIAN_POINT('',(14.342314781222,-32.63331494459,
    -31.29110271931));
#1951 = CARTESIAN_POINT('',(14.281046167563,-32.57290850701,
    -31.31250181658));
#1952 = CARTESIAN_POINT('',(14.220433251308,-32.51309797805,
    -31.33225161058));
#1953 = CARTESIAN_POINT('',(14.160417777062,-32.45382833428,
    -31.35047833959));
#1954 = CARTESIAN_POINT('',(14.100945676336,-32.39504741877,
    -31.36729368784));
#1955 = CARTESIAN_POINT('',(14.041967067548,-32.33670594107,
    -31.38279478556));
#1956 = CARTESIAN_POINT('',(13.983436256019,-32.27875747725,
    -31.39706420894));
#1957 = CARTESIAN_POINT('',(13.925311733979,-32.22115846985,
    -31.41016998011));
#1958 = CARTESIAN_POINT('',(13.867556180562,-32.16386822794,
    -31.42216556721));
#1959 = CARTESIAN_POINT('',(13.810136461807,-32.10684892705,
    -31.43308988434));
#1960 = CARTESIAN_POINT('',(13.724467215087,-32.02167395032,
    -31.44790599515));
#1961 = CARTESIAN_POINT('',(13.695986493543,-31.99334092199,
    -31.45258921141));
#1962 = CARTESIAN_POINT('',(13.667578125856,-31.96506275283,
    -31.45702061832));
#1963 = CARTESIAN_POINT('',(13.63923877186,-31.93683567141,
    -31.46120389391));
#1964 = CARTESIAN_POINT('',(13.610965091373,-31.90865590632,
    -31.46514271618));
#1965 = CARTESIAN_POINT('',(13.582753744241,-31.88051968615,
    -31.46884076313));
#1966 = CARTESIAN_POINT('',(13.554601390275,-31.85242323948,
    -31.47230171277));
#1967 = CARTESIAN_POINT('',(13.52650468932,-31.82436279489,
    -31.47552924312));
#1968 = CARTESIAN_POINT('',(13.498460301192,-31.79633458097,
    -31.47852703218));
#1969 = CARTESIAN_POINT('',(13.470464885731,-31.7683348263,
    -31.48129875796));
#1970 = CARTESIAN_POINT('',(13.442515102759,-31.74035975947,
    -31.48384809847));
#1971 = CARTESIAN_POINT('',(13.400653866783,-31.69842853386,
    -31.48734404834));
#1972 = CARTESIAN_POINT('',(13.386710808735,-31.68445679836,
    -31.48845425954));
#1973 = CARTESIAN_POINT('',(13.372778068075,-31.67048997529,
    -31.48950960833));
#1974 = CARTESIAN_POINT('',(13.358855274921,-31.65652763738,
    -31.49051033767));
#1975 = CARTESIAN_POINT('',(13.344942059377,-31.64256935739,
    -31.49145669058));
#1976 = CARTESIAN_POINT('',(13.331038051566,-31.62861470802,
    -31.49234891004));
#1977 = CARTESIAN_POINT('',(13.317142881589,-31.61466326203,
    -31.49318723905));
#1978 = CARTESIAN_POINT('',(13.303256179572,-31.60071459215,
    -31.4939719206));
#1979 = CARTESIAN_POINT('',(13.289377575614,-31.5867682711,
    -31.49470319767));
#1980 = CARTESIAN_POINT('',(13.275506699838,-31.57282387162,
    -31.49538131326));
#1981 = CARTESIAN_POINT('',(13.26164318235,-31.55888096645,
    -31.49600651038));
#1982 = CARTESIAN_POINT('',(13.240858388725,-31.53796820925,
    -31.4968652928));
#1983 = CARTESIAN_POINT('',(13.23393187457,-31.53099755974,
    -31.49713836505));
#1984 = CARTESIAN_POINT('',(13.22700706874,-31.52402713019,
    -31.49739826805));
#1985 = CARTESIAN_POINT('',(13.220083929165,-31.517056871,
    -31.49764502109));
#1986 = CARTESIAN_POINT('',(13.213162413792,-31.51008673259,
    -31.49787864348));
#1987 = CARTESIAN_POINT('',(13.206242480539,-31.50311666536,
    -31.49809915452));
#1988 = CARTESIAN_POINT('',(13.199324087365,-31.49614661972,
    -31.49830657349));
#1989 = CARTESIAN_POINT('',(13.192407192181,-31.48917654607,
    -31.49850091972));
#1990 = CARTESIAN_POINT('',(13.185491752943,-31.48220639483,
    -31.4986822125));
#1991 = CARTESIAN_POINT('',(13.178577727574,-31.47523611639,
    -31.49885047112));
#1992 = CARTESIAN_POINT('',(13.171665074017,-31.46826566118,
    -31.49900571489));
#1993 = CARTESIAN_POINT('',(13.161298088297,-31.45780963879,
    -31.49921908722));
#1994 = CARTESIAN_POINT('',(13.157842751519,-31.45432423396,
    -31.49928696134));
#1995 = CARTESIAN_POINT('',(13.154387740014,-31.45083876434,
    -31.49935158723));
#1996 = CARTESIAN_POINT('',(13.150933053937,-31.44735322915,
    -31.49941296666));
#1997 = CARTESIAN_POINT('',(13.147478693425,-31.44386762763,
    -31.49947110137));
#1998 = CARTESIAN_POINT('',(13.144024658645,-31.44038195899,
    -31.49952599314));
#1999 = CARTESIAN_POINT('',(13.140570949721,-31.43689622248,
    -31.49957764371));
#2000 = CARTESIAN_POINT('',(13.137117566827,-31.43341041731,
    -31.49962605486));
#2001 = CARTESIAN_POINT('',(13.13366451009,-31.42992454273,
    -31.49967122834));
#2002 = CARTESIAN_POINT('',(13.130211779673,-31.42643859796,
    -31.4997131659));
#2003 = CARTESIAN_POINT('',(13.126759375716,-31.42295258222,
    -31.49975186932));
#2004 = CARTESIAN_POINT('',(13.121581259697,-31.41772345102,
    -31.49980507586));
#2005 = CARTESIAN_POINT('',(13.119855303897,-31.41598039059,
    -31.49982200324));
#2006 = CARTESIAN_POINT('',(13.118129430409,-31.41423731277,
    -31.4998381227));
#2007 = CARTESIAN_POINT('',(13.116403638677,-31.4124942169,
    -31.49985343443));
#2008 = CARTESIAN_POINT('',(13.114677928133,-31.41075110227,
    -31.49986793865));
#2009 = CARTESIAN_POINT('',(13.112952298231,-31.40900796823,
    -31.49988163555));
#2010 = CARTESIAN_POINT('',(13.111226748394,-31.40726481408,
    -31.49989452534));
#2011 = CARTESIAN_POINT('',(13.109501278081,-31.40552163915,
    -31.49990660823));
#2012 = CARTESIAN_POINT('',(13.107775886717,-31.40377844275,
    -31.49991788441));
#2013 = CARTESIAN_POINT('',(13.106050573752,-31.40203522421,
    -31.49992835409));
#2014 = CARTESIAN_POINT('',(13.104325338622,-31.40029198284,
    -31.49993801748));
#2015 = CARTESIAN_POINT('',(13.101737601842,-31.39767708552,
    -31.49995130342));
#2016 = CARTESIAN_POINT('',(13.100875042088,-31.39680544706,
    -31.49995553055));
#2017 = CARTESIAN_POINT('',(13.100012501404,-31.39593380245,
    -31.49995955617));
#2018 = CARTESIAN_POINT('',(13.099149979684,-31.39506215158,
    -31.49996338031));
#2019 = CARTESIAN_POINT('',(13.098287476834,-31.39419049434,
    -31.49996700299));
#2020 = CARTESIAN_POINT('',(13.097424992741,-31.39331883058,
    -31.49997042425));
#2021 = CARTESIAN_POINT('',(13.096562527312,-31.39244716022,
    -31.49997364409));
#2022 = CARTESIAN_POINT('',(13.095700080437,-31.39157548312,
    -31.49997666255));
#2023 = CARTESIAN_POINT('',(13.094837652018,-31.39070379917,
    -31.49997947964));
#2024 = CARTESIAN_POINT('',(13.093975241951,-31.38983210825,
    -31.4999820954));
#2025 = CARTESIAN_POINT('',(13.093112850135,-31.38896041024,
    -31.49998450983));
#2026 = CARTESIAN_POINT('',(13.09181928963,-31.38765285242,
    -31.49998782955));
#2027 = CARTESIAN_POINT('',(13.091388107334,-31.38721699801,
    -31.49998888579));
#2028 = CARTESIAN_POINT('',(13.090956929566,-31.38678114179,
    -31.49998989172));
#2029 = CARTESIAN_POINT('',(13.090525756317,-31.38634528374,
    -31.49999084733));
#2030 = CARTESIAN_POINT('',(13.090094587571,-31.38590942386,
    -31.49999175262));
#2031 = CARTESIAN_POINT('',(13.089663423327,-31.38547356213,
    -31.4999926076));
#2032 = CARTESIAN_POINT('',(13.089232263563,-31.38503769854,
    -31.49999341227));
#2033 = CARTESIAN_POINT('',(13.08880110828,-31.38460183306,
    -31.49999416663));
#2034 = CARTESIAN_POINT('',(13.088369957458,-31.38416596571,
    -31.49999487069));
#2035 = CARTESIAN_POINT('',(13.087938811091,-31.38373009645,
    -31.49999552445));
#2036 = CARTESIAN_POINT('',(13.087507669168,-31.38329422528,
    -31.4999961279));
#2037 = CARTESIAN_POINT('',(13.086860962933,-31.38264041564,
    -31.49999695764));
#2038 = CARTESIAN_POINT('',(13.086645395296,-31.38242247861,
    -31.49999722165));
#2039 = CARTESIAN_POINT('',(13.086429828767,-31.3822045411,
    -31.49999747308));
#2040 = CARTESIAN_POINT('',(13.086214263345,-31.38198660311,
    -31.49999771194));
#2041 = CARTESIAN_POINT('',(13.085998699027,-31.38176866463,
    -31.49999793823));
#2042 = CARTESIAN_POINT('',(13.085783135814,-31.38155072566,
    -31.49999815194));
#2043 = CARTESIAN_POINT('',(13.085567573703,-31.38133278621,
    -31.49999835308));
#2044 = CARTESIAN_POINT('',(13.085352012695,-31.38111484627,
    -31.49999854165));
#2045 = CARTESIAN_POINT('',(13.085136452786,-31.38089690583,
    -31.49999871764));
#2046 = CARTESIAN_POINT('',(13.084920893977,-31.38067896491,
    -31.49999888107));
#2047 = CARTESIAN_POINT('',(13.084705336266,-31.38046102349,
    -31.49999903192));
#2048 = CARTESIAN_POINT('',(13.084382001346,-31.38013411062,
    -31.49999923935));
#2049 = CARTESIAN_POINT('',(13.084274223313,-31.38002513954,
    -31.49999930535));
#2050 = CARTESIAN_POINT('',(13.084166445555,-31.37991616833,
    -31.4999993682));
#2051 = CARTESIAN_POINT('',(13.08405866807,-31.379807197,-31.49999942791
    ));
#2052 = CARTESIAN_POINT('',(13.083950890861,-31.37969822555,
    -31.49999948449));
#2053 = CARTESIAN_POINT('',(13.083843113922,-31.37958925397,
    -31.49999953791));
#2054 = CARTESIAN_POINT('',(13.083735337261,-31.37948028227,
    -31.4999995882));
#2055 = CARTESIAN_POINT('',(13.08362756087,-31.37937131045,
    -31.49999963534));
#2056 = CARTESIAN_POINT('',(13.083519784754,-31.3792623385,
    -31.49999967934));
#2057 = CARTESIAN_POINT('',(13.083412008911,-31.37915336642,
    -31.4999997202));
#2058 = CARTESIAN_POINT('',(13.083304233341,-31.37904439422,
    -31.49999975792));
#2059 = CARTESIAN_POINT('',(13.083088682747,-31.37882644957,
    -31.49999982707));
#2060 = CARTESIAN_POINT('',(13.082947494267,-31.37878520911,
    -31.49999985851));
#2061 = CARTESIAN_POINT('',(13.083089650874,-31.37816960386,
    -31.49999988674));
#2062 = CARTESIAN_POINT('',(13.082059675883,-31.37993001204,
    -31.4999999121));
#2063 = CARTESIAN_POINT('',(13.084127741911,-31.37541042126,
    -31.4999999336));
#2064 = CARTESIAN_POINT('',(13.080423360779,-31.38259208483,
    -31.49999995329));
#2065 = CARTESIAN_POINT('',(13.084647201252,-31.37370255205,
    -31.49999996801));
#2066 = CARTESIAN_POINT('',(13.080687789604,-31.38140118557,
    -31.49999998148));
#2067 = CARTESIAN_POINT('',(13.083092448409,-31.37619929357,
    -31.49999999034));
#2068 = CARTESIAN_POINT('',(13.081818067862,-31.37845513569,
    -31.4999999969));
#2069 = CARTESIAN_POINT('',(13.082067460012,-31.37762215805,
    -31.49999999997));
#2070 = CARTESIAN_POINT('',(13.08190313598,-31.37762748973,-31.5));
#2071 = CYLINDRICAL_SURFACE('',#2072,2.);
#2072 = AXIS2_PLACEMENT_3D('',#2073,#2074,#2075);
#2073 = CARTESIAN_POINT('',(19.818148347422,-56.5176380902,-29.5));
#2074 = DIRECTION('',(-0.258819045103,0.965925826289,0.));
#2075 = DIRECTION('',(0.965925826289,0.258819045103,0.));
#2076 = ADVANCED_FACE('',(#2077),#2219,.T.);
#2077 = FACE_BOUND('',#2078,.T.);
#2078 = EDGE_LOOP('',(#2079,#2080,#2081,#2082));
#2079 = ORIENTED_EDGE('',*,*,#1721,.F.);
#2080 = ORIENTED_EDGE('',*,*,#939,.T.);
#2081 = ORIENTED_EDGE('',*,*,#1286,.T.);
#2082 = ORIENTED_EDGE('',*,*,#2083,.T.);
#2083 = EDGE_CURVE('',#1287,#1722,#2084,.T.);
#2084 = ( BOUNDED_CURVE() B_SPLINE_CURVE(12,(#2085,#2086,#2087,#2088,
    #2089,#2090,#2091,#2092,#2093,#2094,#2095,#2096,#2097,#2098,#2099,
    #2100,#2101,#2102,#2103,#2104,#2105,#2106,#2107,#2108,#2109,#2110,
    #2111,#2112,#2113,#2114,#2115,#2116,#2117,#2118,#2119,#2120,#2121,
    #2122,#2123,#2124,#2125,#2126,#2127,#2128,#2129,#2130,#2131,#2132,
    #2133,#2134,#2135,#2136,#2137,#2138,#2139,#2140,#2141,#2142,#2143,
    #2144,#2145,#2146,#2147,#2148,#2149,#2150,#2151,#2152,#2153,#2154,
    #2155,#2156,#2157,#2158,#2159,#2160,#2161,#2162,#2163,#2164,#2165,
    #2166,#2167,#2168,#2169,#2170,#2171,#2172,#2173,#2174,#2175,#2176,
    #2177,#2178,#2179,#2180,#2181,#2182,#2183,#2184,#2185,#2186,#2187,
    #2188,#2189,#2190,#2191,#2192,#2193,#2194,#2195,#2196,#2197,#2198,
    #2199,#2200,#2201,#2202,#2203,#2204,#2205,#2206,#2207,#2208,#2209,
    #2210,#2211,#2212,#2213,#2214,#2215,#2216,#2217,#2218),
.UNSPECIFIED.,.F.,.F.) B_SPLINE_CURVE_WITH_KNOTS((13,11,11,11,11,11,11,
    11,11,11,11,11,13),(0.,1.786042164972E-03,3.572084329944E-03,
    7.144168659888E-03,1.428833731978E-02,2.857667463955E-02,
    5.71533492791E-02,0.114306698558,0.228613397116,0.457226794233,
0.914453588466,1.828907176931,3.657814353862),.UNSPECIFIED.) CURVE() 
GEOMETRIC_REPRESENTATION_ITEM() RATIONAL_B_SPLINE_CURVE((1.,1.,
    0.999999999999,1.000000000001,0.999999999998,1.000000000002,
    0.999999999998,1.000000000002,0.999999999999,1.000000000001,1.,1.,1.
    ,1.,0.999999999999,1.000000000002,0.999999999997,1.000000000003,
    0.999999999997,1.000000000002,0.999999999999,1.,1.,1.,1.,
    0.999999999999,1.000000000002,0.999999999997,1.000000000004,
    0.999999999997,1.000000000002,0.999999999999,1.,1.,1.,1.,
    0.999999999999,1.000000000003,0.999999999996,1.000000000005,
    0.999999999996,1.000000000003,0.999999999998,1.000000000001,1.,1.,1.
    ,0.999999999999,1.000000000003,0.999999999996,1.000000000005,
    0.999999999996,1.000000000003,0.999999999999,1.,1.,1.,1.,
    0.999999999999,1.000000000003,0.999999999996,1.000000000005,
    0.999999999996,1.000000000003,0.999999999999,1.,1.,1.,1.,
    0.999999999999,1.000000000003,0.999999999996,1.000000000005,
    0.999999999996,1.000000000003,0.999999999999,1.,1.,1.,1.,
    0.999999999999,1.000000000003,0.999999999996,1.000000000004,
    0.999999999996,1.000000000003,0.999999999999,1.,1.,1.,1.,
    0.999999999999,1.000000000003,0.999999999996,1.000000000005,
    0.999999999996,1.000000000003,0.999999999999,1.,1.,1.,1.,
    0.999999999999,1.000000000002,0.999999999996,1.000000000004,
    0.999999999996,1.000000000002,0.999999999999,1.,1.,1.,1.,
    0.999999999999,1.000000000003,0.999999999996,1.000000000004,
    0.999999999996,1.000000000003,0.999999999999,1.,1.,1.,1.,
    0.999999999999,1.000000000002,0.999999999996,1.000000000004,
    0.999999999996,1.000000000003,0.999999999999,1.000000000001,1.,1.)) 
REPRESENTATION_ITEM('') );
#2085 = CARTESIAN_POINT('',(-13.08190276842,-31.37762733713,4.4E-16));
#2086 = CARTESIAN_POINT('',(-13.08206705189,-31.37762176726,-1.421E-14)
  );
#2087 = CARTESIAN_POINT('',(-13.08181780119,-31.37845447247,
    -3.1420222E-09));
#2088 = CARTESIAN_POINT('',(-13.08309158969,-31.37619982583,
    -9.42648648E-09));
#2089 = CARTESIAN_POINT('',(-13.08068836569,-31.38139884958,
    -1.885227352E-08));
#2090 = CARTESIAN_POINT('',(-13.08464545163,-31.37370489231,
    -3.142182747E-08));
#2091 = CARTESIAN_POINT('',(-13.08042432941,-31.382588977,
    -4.713123247E-08));
#2092 = CARTESIAN_POINT('',(-13.08412640378,-31.37541195392,
    -6.598568125E-08));
#2093 = CARTESIAN_POINT('',(-13.08205976196,-31.37992869275,
    -8.797980988E-08));
#2094 = CARTESIAN_POINT('',(-13.08308912933,-31.37816951305,
    -1.131181524E-07));
#2095 = CARTESIAN_POINT('',(-13.08294714236,-31.37878478532,
    -1.4139778282E-07));
#2096 = CARTESIAN_POINT('',(-13.08308831083,-31.37882607352,
    -1.7282020781E-07));
#2097 = CARTESIAN_POINT('',(-13.08330386623,-31.37904402304,
    -2.4194972337E-07));
#2098 = CARTESIAN_POINT('',(-13.08341164412,-31.37915299759,
    -2.7965671723E-07));
#2099 = CARTESIAN_POINT('',(-13.0835194222,-31.37926197193,
    -3.2050691379E-07));
#2100 = CARTESIAN_POINT('',(-13.08362720047,-31.37937094605,
    -3.6449769525E-07));
#2101 = CARTESIAN_POINT('',(-13.08373497893,-31.37947991997,
    -4.1163439568E-07));
#2102 = CARTESIAN_POINT('',(-13.08384275757,-31.37958889367,
    -4.6190889058E-07));
#2103 = CARTESIAN_POINT('',(-13.0839505364,-31.37969786717,
    -5.1533121326E-07));
#2104 = CARTESIAN_POINT('',(-13.08405831542,-31.37980684045,
    -5.7189148339E-07));
#2105 = CARTESIAN_POINT('',(-13.08416609463,-31.37991581353,
    -6.3159769559E-07));
#2106 = CARTESIAN_POINT('',(-13.08427387403,-31.3800247864,
    -6.944447547E-07));
#2107 = CARTESIAN_POINT('',(-13.08438165362,-31.38013375905,
    -7.6043526298E-07));
#2108 = CARTESIAN_POINT('',(-13.08470499296,-31.38046067639,
    -9.6783445702E-07));
#2109 = CARTESIAN_POINT('',(-13.08492055327,-31.38067862045,
    -1.11867158248E-06));
#2110 = CARTESIAN_POINT('',(-13.08513611435,-31.38089656367,
    -1.2820799089E-06));
#2111 = CARTESIAN_POINT('',(-13.08535167619,-31.38111450606,
    -1.45805966634E-06));
#2112 = CARTESIAN_POINT('',(-13.0855672388,-31.38133244761,
    -1.6466113073E-06));
#2113 = CARTESIAN_POINT('',(-13.08578280217,-31.38155038834,
    -1.84773480583E-06));
#2114 = CARTESIAN_POINT('',(-13.0859983663,-31.38176832824,
    -2.0614307219E-06));
#2115 = CARTESIAN_POINT('',(-13.08621393121,-31.38198626732,
    -2.28769912192E-06));
#2116 = CARTESIAN_POINT('',(-13.08642949689,-31.38220420557,
    -2.52654036459E-06));
#2117 = CARTESIAN_POINT('',(-13.08664506334,-31.38242214301,
    -2.77795469827E-06));
#2118 = CARTESIAN_POINT('',(-13.08686063056,-31.38264007962,
    -3.04194238254E-06));
#2119 = CARTESIAN_POINT('',(-13.08750733456,-31.38329388701,
    -3.87162630633E-06));
#2120 = CARTESIAN_POINT('',(-13.08793847367,-31.38372975533,
    -4.47504337764E-06));
#2121 = CARTESIAN_POINT('',(-13.08836961589,-31.3841656204,
    -5.12875698033E-06));
#2122 = CARTESIAN_POINT('',(-13.08880076124,-31.38460148224,
    -5.83276967348E-06));
#2123 = CARTESIAN_POINT('',(-13.08923190974,-31.38503734085,
    -6.58708321366E-06));
#2124 = CARTESIAN_POINT('',(-13.08966306139,-31.38547319625,
    -7.39170020669E-06));
#2125 = CARTESIAN_POINT('',(-13.09009421622,-31.38590904847,
    -8.24662286703E-06));
#2126 = CARTESIAN_POINT('',(-13.09052537423,-31.38634489751,
    -9.1518529739E-06));
#2127 = CARTESIAN_POINT('',(-13.09095653544,-31.38678074339,
    -1.010739345864E-05));
#2128 = CARTESIAN_POINT('',(-13.09138769987,-31.38721658613,
    -1.111324590108E-05));
#2129 = CARTESIAN_POINT('',(-13.09181886752,-31.38765242574,
    -1.216941292348E-05));
#2130 = CARTESIAN_POINT('',(-13.09311238019,-31.38895993523,
    -1.548886392233E-05));
#2131 = CARTESIAN_POINT('',(-13.09397473492,-31.38983159577,
    -1.790309685379E-05));
#2132 = CARTESIAN_POINT('',(-13.09483710273,-31.39070324398,
    -2.051861441754E-05));
#2133 = CARTESIAN_POINT('',(-13.09569948371,-31.39157488,
    -2.33354362178E-05));
#2134 = CARTESIAN_POINT('',(-13.09656187796,-31.39244650393,
    -2.635358070724E-05));
#2135 = CARTESIAN_POINT('',(-13.09742428562,-31.39331811592,
    -2.957306814189E-05));
#2136 = CARTESIAN_POINT('',(-13.09828670676,-31.39418971607,
    -3.299391656608E-05));
#2137 = CARTESIAN_POINT('',(-13.09914914151,-31.39506130452,
    -3.661614613482E-05));
#2138 = CARTESIAN_POINT('',(-13.10001158997,-31.39593288138,
    -4.043977548596E-05));
#2139 = CARTESIAN_POINT('',(-13.10087405225,-31.39680444678,
    -4.446482400422E-05));
#2140 = CARTESIAN_POINT('',(-13.10173652846,-31.39767600085,
    -4.869131090901E-05));
#2141 = CARTESIAN_POINT('',(-13.10432399919,-31.40029062942,
    -6.197514419237E-05));
#2142 = CARTESIAN_POINT('',(-13.10604903583,-31.40203367029,
    -7.163684497413E-05));
#2143 = CARTESIAN_POINT('',(-13.10777412947,-31.40377666731,
    -8.21045329551E-05));
#2144 = CARTESIAN_POINT('',(-13.10949928095,-31.40551962145,
    -9.337838506707E-05));
#2145 = CARTESIAN_POINT('',(-13.11122449112,-31.40726253368,
    -1.05458574906E-04));
#2146 = CARTESIAN_POINT('',(-13.11294976084,-31.40900540499,
    -1.183452812349E-04));
#2147 = CARTESIAN_POINT('',(-13.11467509095,-31.41074823633,
    -1.320386765029E-04));
#2148 = CARTESIAN_POINT('',(-13.11640048229,-31.4124910287,
    -1.465389392782E-04));
#2149 = CARTESIAN_POINT('',(-13.11812593573,-31.41423378306,
    -1.618462434662E-04));
#2150 = CARTESIAN_POINT('',(-13.11985145209,-31.4159765004,
    -1.779607656948E-04));
#2151 = CARTESIAN_POINT('',(-13.12157703224,-31.41771918168,
    -1.948826814488E-04));
#2152 = CARTESIAN_POINT('',(-13.12675396658,-31.42294712031,
    -2.480711365631E-04));
#2153 = CARTESIAN_POINT('',(-13.13020551481,-31.42643227259,
    -2.867600934371E-04));
#2154 = CARTESIAN_POINT('',(-13.1336573283,-31.42991729233,
    -3.286807930848E-04));
#2155 = CARTESIAN_POINT('',(-13.13710941365,-31.43340218711,
    -3.738349956787E-04));
#2156 = CARTESIAN_POINT('',(-13.14056177746,-31.43688696453,
    -4.222244520985E-04));
#2157 = CARTESIAN_POINT('',(-13.14401442633,-31.44037163217,
    -4.73850929227E-04));
#2158 = CARTESIAN_POINT('',(-13.14746736684,-31.44385619763,
    -5.287161718865E-04));
#2159 = CARTESIAN_POINT('',(-13.15092060561,-31.4473406685,
    -5.868219495415E-04));
#2160 = CARTESIAN_POINT('',(-13.15437414922,-31.45082505238,
    -6.4817000929E-04));
#2161 = CARTESIAN_POINT('',(-13.15782800427,-31.45430935684,
    -7.127621146454E-04));
#2162 = CARTESIAN_POINT('',(-13.16128217737,-31.45779358948,
    -7.806000195195E-04));
#2163 = CARTESIAN_POINT('',(-13.17164567056,-31.46824609474,
    -9.938564074193E-04));
#2164 = CARTESIAN_POINT('',(-13.17855596629,-31.47521417664,
    -1.149012952398E-03));
#2165 = CARTESIAN_POINT('',(-13.1854676126,-31.4821820615,
    -1.317174732471E-03));
#2166 = CARTESIAN_POINT('',(-13.19238065979,-31.48914980722,
    -1.498361361597E-03));
#2167 = CARTESIAN_POINT('',(-13.19929515817,-31.49611747169,
    -1.692592456002E-03));
#2168 = CARTESIAN_POINT('',(-13.20621115806,-31.50308511279,
    -1.899887629092E-03));
#2169 = CARTESIAN_POINT('',(-13.21312870976,-31.51005278844,
    -2.120266496958E-03));
#2170 = CARTESIAN_POINT('',(-13.22004786358,-31.51702055651,
    -2.353748673838E-03));
#2171 = CARTESIAN_POINT('',(-13.22696866984,-31.5239884749,
    -2.600353774744E-03));
#2172 = CARTESIAN_POINT('',(-13.23389117884,-31.53095660151,
    -2.860101414693E-03));
#2173 = CARTESIAN_POINT('',(-13.24081544089,-31.53792499423,
    -3.133011208436E-03));
#2174 = CARTESIAN_POINT('',(-13.26159363714,-31.55883114439,
    -3.99128589584E-03));
#2175 = CARTESIAN_POINT('',(-13.27545299059,-31.57276988506,
    -4.616119167836E-03));
#2176 = CARTESIAN_POINT('',(-13.28931994573,-31.58671036885,
    -5.293849581709E-03));
#2177 = CARTESIAN_POINT('',(-13.30319488163,-31.60065303164,
    -6.024724134989E-03));
#2178 = CARTESIAN_POINT('',(-13.31707817737,-31.61459830931,
    -6.80898981951E-03));
#2179 = CARTESIAN_POINT('',(-13.33097021201,-31.62854663777,
    -7.64689363632E-03));
#2180 = CARTESIAN_POINT('',(-13.34487136464,-31.64249845288,
    -8.538682574575E-03));
#2181 = CARTESIAN_POINT('',(-13.35878201431,-31.65645419055,
    -9.484603635847E-03));
#2182 = CARTESIAN_POINT('',(-13.3727025401,-31.67041428665,
    -1.048490381122E-02));
#2183 = CARTESIAN_POINT('',(-13.38663332109,-31.68437917708,
    -1.153983009886E-02));
#2184 = CARTESIAN_POINT('',(-13.40057473634,-31.69834929772,
    -1.264962949321E-02));
#2185 = CARTESIAN_POINT('',(-13.44243202211,-31.74027665791,
    -1.614438798405E-02));
#2186 = CARTESIAN_POINT('',(-13.47038040868,-31.76825037699,
    -1.869303110574E-02));
#2187 = CARTESIAN_POINT('',(-13.4983755275,-31.79624987565,
    -2.146415360818E-02));
#2188 = CARTESIAN_POINT('',(-13.52642058141,-31.82427878788,
    -2.446143074612E-02));
#2189 = CARTESIAN_POINT('',(-13.55451877327,-31.85234074764,
    -2.768853777036E-02));
#2190 = CARTESIAN_POINT('',(-13.58267330595,-31.88043938891,
    -3.114914993833E-02));
#2191 = CARTESIAN_POINT('',(-13.61088738228,-31.90857834567,
    -3.484694249872E-02));
#2192 = CARTESIAN_POINT('',(-13.63916420513,-31.9367612519,
    -3.878559070939E-02));
#2193 = CARTESIAN_POINT('',(-13.66750697735,-31.96499174156,
    -4.296876982054E-02));
#2194 = CARTESIAN_POINT('',(-13.69591890179,-31.99327344864,
    -4.74001550874E-02));
#2195 = CARTESIAN_POINT('',(-13.72440318131,-32.0216100071,
    -5.208342176267E-02));
#2196 = CARTESIAN_POINT('',(-13.81008269365,-32.10679513858,
    -6.689989177458E-02));
#2197 = CARTESIAN_POINT('',(-13.86750808591,-32.16382290309,
    -7.78066866506E-02));
#2198 = CARTESIAN_POINT('',(-13.92526788817,-32.22111971788,
    -8.978834312759E-02));
#2199 = CARTESIAN_POINT('',(-13.98339442089,-32.27872108969,
    -0.10289293999));
#2200 = CARTESIAN_POINT('',(-14.04192393993,-32.3366665146,
    -0.117174024442));
#2201 = CARTESIAN_POINT('',(-14.10089694423,-32.39499933408,
    -0.132693715165));
#2202 = CARTESIAN_POINT('',(-14.16035848337,-32.45376659103,
    -0.149525805344));
#2203 = CARTESIAN_POINT('',(-14.22035846526,-32.51301888586,
    -0.167758865724));
#2204 = CARTESIAN_POINT('',(-14.28095196371,-32.57281023248,
    -0.187499347647));
#2205 = CARTESIAN_POINT('',(-14.34219952609,-32.6331979144,
    -0.208874686095));
#2206 = CARTESIAN_POINT('',(-14.40416748092,-32.69424234074,
    -0.232036402738));
#2207 = CARTESIAN_POINT('',(-14.59244977473,-32.87953602543,
    -0.307416821433));
#2208 = CARTESIAN_POINT('',(-14.72104959113,-33.00593389367,
    -0.365428699597));
#2209 = CARTESIAN_POINT('',(-14.8539767006,-33.13578312032,
    -0.433474890922));
#2210 = CARTESIAN_POINT('',(-14.98916259346,-33.26855889671,
    -0.51108895875));
#2211 = CARTESIAN_POINT('',(-15.13150935231,-33.40608631033,
    -0.604490257455));
#2212 = CARTESIAN_POINT('',(-15.27732219979,-33.54615326894,
    -0.715747426841));
#2213 = CARTESIAN_POINT('',(-15.42505698843,-33.68745367357,
    -0.847624797444));
#2214 = CARTESIAN_POINT('',(-15.57757814284,-33.82824999856,
    -1.010864027156));
#2215 = CARTESIAN_POINT('',(-15.72251340561,-33.95534587336,
    -1.217795444193));
#2216 = CARTESIAN_POINT('',(-15.82683237925,-34.04490168305,
    -1.465848583606));
#2217 = CARTESIAN_POINT('',(-15.87925025651,-34.09006367879,
    -1.732934605094));
#2218 = CARTESIAN_POINT('',(-15.87925025651,-34.09006367879,-2.));
#2219 = CYLINDRICAL_SURFACE('',#2220,2.);
#2220 = AXIS2_PLACEMENT_3D('',#2221,#2222,#2223);
#2221 = CARTESIAN_POINT('',(-19.81814834742,-56.5176380902,-2.));
#2222 = DIRECTION('',(0.258819045103,0.965925826289,0.));
#2223 = DIRECTION('',(-0.965925826289,0.258819045103,0.));
#2224 = ADVANCED_FACE('',(#2225),#2511,.T.);
#2225 = FACE_BOUND('',#2226,.T.);
#2226 = EDGE_LOOP('',(#2227,#2236,#2373,#2374));
#2227 = ORIENTED_EDGE('',*,*,#2228,.T.);
#2228 = EDGE_CURVE('',#1901,#2229,#2231,.T.);
#2229 = VERTEX_POINT('',#2230);
#2230 = CARTESIAN_POINT('',(-16.8787611953,-31.80303563908,-2.));
#2231 = CIRCLE('',#2232,36.207281191572);
#2232 = AXIS2_PLACEMENT_3D('',#2233,#2234,#2235);
#2233 = CARTESIAN_POINT('',(-2.48E-15,0.229364080538,-2.));
#2234 = DIRECTION('',(-0.,0.,1.));
#2235 = DIRECTION('',(0.426893763697,-0.904301782878,0.));
#2236 = ORIENTED_EDGE('',*,*,#2237,.F.);
#2237 = EDGE_CURVE('',#1287,#2229,#2238,.T.);
#2238 = ( BOUNDED_CURVE() B_SPLINE_CURVE(12,(#2239,#2240,#2241,#2242,
    #2243,#2244,#2245,#2246,#2247,#2248,#2249,#2250,#2251,#2252,#2253,
    #2254,#2255,#2256,#2257,#2258,#2259,#2260,#2261,#2262,#2263,#2264,
    #2265,#2266,#2267,#2268,#2269,#2270,#2271,#2272,#2273,#2274,#2275,
    #2276,#2277,#2278,#2279,#2280,#2281,#2282,#2283,#2284,#2285,#2286,
    #2287,#2288,#2289,#2290,#2291,#2292,#2293,#2294,#2295,#2296,#2297,
    #2298,#2299,#2300,#2301,#2302,#2303,#2304,#2305,#2306,#2307,#2308,
    #2309,#2310,#2311,#2312,#2313,#2314,#2315,#2316,#2317,#2318,#2319,
    #2320,#2321,#2322,#2323,#2324,#2325,#2326,#2327,#2328,#2329,#2330,
    #2331,#2332,#2333,#2334,#2335,#2336,#2337,#2338,#2339,#2340,#2341,
    #2342,#2343,#2344,#2345,#2346,#2347,#2348,#2349,#2350,#2351,#2352,
    #2353,#2354,#2355,#2356,#2357,#2358,#2359,#2360,#2361,#2362,#2363,
    #2364,#2365,#2366,#2367,#2368,#2369,#2370,#2371,#2372),
.UNSPECIFIED.,.F.,.F.) B_SPLINE_CURVE_WITH_KNOTS((13,11,11,11,11,11,11,
    11,11,11,11,11,13),(0.,1.786042164972E-03,3.572084329944E-03,
    7.144168659888E-03,1.428833731978E-02,2.857667463955E-02,
    5.71533492791E-02,0.114306698558,0.228613397116,0.457226794233,
0.914453588466,1.828907176931,3.657814353862),.UNSPECIFIED.) CURVE() 
GEOMETRIC_REPRESENTATION_ITEM() RATIONAL_B_SPLINE_CURVE((1.,1.,
    0.999999999999,1.000000000001,0.999999999998,1.000000000002,
    0.999999999998,1.000000000002,0.999999999999,1.000000000001,1.,1.,1.
    ,1.,0.999999999999,1.000000000002,0.999999999997,1.000000000003,
    0.999999999997,1.000000000002,0.999999999999,1.,1.,1.,1.,
    0.999999999999,1.000000000002,0.999999999997,1.000000000004,
    0.999999999997,1.000000000002,0.999999999999,1.,1.,1.,1.,
    0.999999999999,1.000000000003,0.999999999996,1.000000000005,
    0.999999999996,1.000000000003,0.999999999998,1.000000000001,1.,1.,1.
    ,0.999999999999,1.000000000003,0.999999999996,1.000000000005,
    0.999999999996,1.000000000003,0.999999999999,1.,1.,1.,1.,
    0.999999999999,1.000000000003,0.999999999996,1.000000000005,
    0.999999999996,1.000000000003,0.999999999999,1.,1.,1.,1.,
    0.999999999999,1.000000000003,0.999999999996,1.000000000005,
    0.999999999996,1.000000000003,0.999999999999,1.,1.,1.,1.,
    0.999999999999,1.000000000003,0.999999999996,1.000000000004,
    0.999999999996,1.000000000003,0.999999999999,1.,1.,1.,1.,
    0.999999999999,1.000000000003,0.999999999996,1.000000000005,
    0.999999999996,1.000000000003,0.999999999999,1.,1.,1.,1.,
    0.999999999999,1.000000000002,0.999999999996,1.000000000004,
    0.999999999996,1.000000000002,0.999999999999,1.,1.,1.,1.,
    0.999999999999,1.000000000003,0.999999999996,1.000000000004,
    0.999999999996,1.000000000003,0.999999999999,1.,1.,1.,1.,
    0.999999999999,1.000000000002,0.999999999996,1.000000000004,
    0.999999999996,1.000000000003,0.999999999999,1.000000000001,1.,1.)) 
REPRESENTATION_ITEM('') );
#2239 = CARTESIAN_POINT('',(-13.08190276842,-31.37762733713,0.));
#2240 = CARTESIAN_POINT('',(-13.08211133799,-31.37753199493,-5.618E-14)
  );
#2241 = CARTESIAN_POINT('',(-13.08190637306,-31.37827492778,
    -3.14184201E-09));
#2242 = CARTESIAN_POINT('',(-13.08322444698,-31.37593050879,
    -9.42695244E-09));
#2243 = CARTESIAN_POINT('',(-13.08086550812,-31.38103976012,
    -1.885149248E-08));
#2244 = CARTESIAN_POINT('',(-13.08486687879,-31.37325603053,
    -3.142301341E-08));
#2245 = CARTESIAN_POINT('',(-13.08069004105,-31.38205034273,
    -4.71302426E-08));
#2246 = CARTESIAN_POINT('',(-13.08443639949,-31.37478354729,
    -6.598694757E-08));
#2247 = CARTESIAN_POINT('',(-13.08241404147,-31.37921051363,
    -8.797966367E-08));
#2248 = CARTESIAN_POINT('',(-13.08348769227,-31.37736156149,
    -1.1311918446E-07));
#2249 = CARTESIAN_POINT('',(-13.08338998841,-31.37788706128,
    -1.4139870352E-07));
#2250 = CARTESIAN_POINT('',(-13.08357543966,-31.37783857699,
    -1.7282164699E-07));
#2251 = CARTESIAN_POINT('',(-13.08387955996,-31.37787698149,
    -2.4195206927E-07));
#2252 = CARTESIAN_POINT('',(-13.08403161997,-31.37789618351,
    -2.7965969507E-07));
#2253 = CARTESIAN_POINT('',(-13.08418367983,-31.3779153853,
    -3.2051036392E-07));
#2254 = CARTESIAN_POINT('',(-13.08433573955,-31.37793458686,
    -3.6450221219E-07));
#2255 = CARTESIAN_POINT('',(-13.08448779913,-31.3779537882,
    -4.1163940701E-07));
#2256 = CARTESIAN_POINT('',(-13.08463985856,-31.3779729893,
    -4.6191519043E-07));
#2257 = CARTESIAN_POINT('',(-13.08479191786,-31.37799219018,
    -5.1533850498E-07));
#2258 = CARTESIAN_POINT('',(-13.08494397701,-31.37801139083,
    -5.7190000102E-07));
#2259 = CARTESIAN_POINT('',(-13.08509603602,-31.37803059125,
    -6.3160769659E-07));
#2260 = CARTESIAN_POINT('',(-13.08524809489,-31.37804979144,
    -6.9445625595E-07));
#2261 = CARTESIAN_POINT('',(-13.08540015361,-31.3780689914,
    -7.6044849728E-07));
#2262 = CARTESIAN_POINT('',(-13.08585632937,-31.37812659061,
    -9.6785338033E-07));
#2263 = CARTESIAN_POINT('',(-13.08616044598,-31.37816498916,
    -1.11869487451E-06));
#2264 = CARTESIAN_POINT('',(-13.08646456203,-31.3782033868,
    -1.28210875472E-06));
#2265 = CARTESIAN_POINT('',(-13.08676867752,-31.37824178352,
    -1.4580938581E-06));
#2266 = CARTESIAN_POINT('',(-13.08707279246,-31.37828017934,
    -1.64665357805E-06));
#2267 = CARTESIAN_POINT('',(-13.08737690685,-31.37831857423,
    -1.84778357137E-06));
#2268 = CARTESIAN_POINT('',(-13.08768102068,-31.37835696822,
    -2.06148982396E-06));
#2269 = CARTESIAN_POINT('',(-13.08798513397,-31.37839536129,
    -2.28776717237E-06));
#2270 = CARTESIAN_POINT('',(-13.08828924671,-31.37843375345,
    -2.52662029432E-06));
#2271 = CARTESIAN_POINT('',(-13.08859335892,-31.3784721447,
    -2.77804677218E-06));
#2272 = CARTESIAN_POINT('',(-13.08889747058,-31.37851053503,
    -3.04204830093E-06));
#2273 = CARTESIAN_POINT('',(-13.08980980396,-31.37862570329,
    -3.87177760741E-06));
#2274 = CARTESIAN_POINT('',(-13.09041802406,-31.37870247849,
    -4.47523043168E-06));
#2275 = CARTESIAN_POINT('',(-13.09102624204,-31.37877925003,
    -5.12898590133E-06));
#2276 = CARTESIAN_POINT('',(-13.09163445792,-31.37885601793,
    -5.83304699775E-06));
#2277 = CARTESIAN_POINT('',(-13.09224267171,-31.37893278218,
    -6.58741595772E-06));
#2278 = CARTESIAN_POINT('',(-13.09285088344,-31.37900954279,
    -7.39209674838E-06));
#2279 = CARTESIAN_POINT('',(-13.09345909312,-31.37908629976,
    -8.24709009994E-06));
#2280 = CARTESIAN_POINT('',(-13.09406730078,-31.37916305309,
    -9.15240149513E-06));
#2281 = CARTESIAN_POINT('',(-13.09467550644,-31.37923980278,
    -1.010803096602E-05));
#2282 = CARTESIAN_POINT('',(-13.09528371012,-31.37931654884,
    -1.111398340359E-05));
#2283 = CARTESIAN_POINT('',(-13.09589191184,-31.37939329125,
    -1.217026038114E-05));
#2284 = CARTESIAN_POINT('',(-13.09771651118,-31.37962350761,
    -1.549007465029E-05));
#2285 = CARTESIAN_POINT('',(-13.09893290298,-31.37977697064,
    -1.790459382034E-05));
#2286 = CARTESIAN_POINT('',(-13.10014928719,-31.37993041916,
    -2.052044584822E-05));
#2287 = CARTESIAN_POINT('',(-13.10136566398,-31.38008385316,
    -2.333765562668E-05));
#2288 = CARTESIAN_POINT('',(-13.10258203349,-31.38023727267,
    -2.635624399461E-05));
#2289 = CARTESIAN_POINT('',(-13.10379839592,-31.38039067769,
    -2.957623915523E-05));
#2290 = CARTESIAN_POINT('',(-13.1050147514,-31.38054406824,
    -3.299765863252E-05));
#2291 = CARTESIAN_POINT('',(-13.10623110012,-31.38069744433,
    -3.662053254472E-05));
#2292 = CARTESIAN_POINT('',(-13.10744744223,-31.38085080597,
    -4.044487890265E-05));
#2293 = CARTESIAN_POINT('',(-13.1086637779,-31.38100415318,
    -4.447072512148E-05));
#2294 = CARTESIAN_POINT('',(-13.10988010729,-31.38115748596,
    -4.869809283026E-05));
#2295 = CARTESIAN_POINT('',(-13.11352907713,-31.38161744109,
    -6.198483345077E-05));
#2296 = CARTESIAN_POINT('',(-13.11596169925,-31.3819240202,
    -7.164882470401E-05));
#2297 = CARTESIAN_POINT('',(-13.11839429823,-31.38223054177,
    -8.211919151557E-05));
#2298 = CARTESIAN_POINT('',(-13.12082687538,-31.3825370059,
    -9.339614446169E-05));
#2299 = CARTESIAN_POINT('',(-13.12325943197,-31.38284341268,
    -1.054798956668E-04));
#2300 = CARTESIAN_POINT('',(-13.12569196931,-31.38314976221,
    -1.183706546769E-04));
#2301 = CARTESIAN_POINT('',(-13.1281244887,-31.38345605459,
    -1.320686347105E-04));
#2302 = CARTESIAN_POINT('',(-13.13055699142,-31.3837622899,
    -1.465740445651E-04));
#2303 = CARTESIAN_POINT('',(-13.13298947878,-31.38406846826,
    -1.618870974961E-04));
#2304 = CARTESIAN_POINT('',(-13.13542195206,-31.38437458975,
    -1.780080030394E-04));
#2305 = CARTESIAN_POINT('',(-13.13785441257,-31.38468065447,
    -1.9493697324E-04));
#2306 = CARTESIAN_POINT('',(-13.14515175966,-31.38559867861,
    -2.481487100245E-04));
#2307 = CARTESIAN_POINT('',(-13.15001661203,-31.38621046806,
    -2.868560101285E-04));
#2308 = CARTESIAN_POINT('',(-13.15488142877,-31.38682203157,
    -3.287981612317E-04));
#2309 = CARTESIAN_POINT('',(-13.15974621996,-31.38743336989,
    -3.739772064537E-04));
#2310 = CARTESIAN_POINT('',(-13.16461099567,-31.38804448371,
    -4.223951869194E-04));
#2311 = CARTESIAN_POINT('',(-13.16947576599,-31.3886553738,
    -4.740541467936E-04));
#2312 = CARTESIAN_POINT('',(-13.17434054096,-31.38926604083,
    -5.289561265714E-04));
#2313 = CARTESIAN_POINT('',(-13.17920533069,-31.38987648557,
    -5.871031702651E-04));
#2314 = CARTESIAN_POINT('',(-13.18407014522,-31.39048670871,
    -6.484973192104E-04));
#2315 = CARTESIAN_POINT('',(-13.18893499463,-31.39109671099,
    -7.131406163529E-04));
#2316 = CARTESIAN_POINT('',(-13.19379988901,-31.39170649314,
    -7.810351038804E-04));
#2317 = CARTESIAN_POINT('',(-13.20839473723,-31.39353518132,
    -9.944782650209E-04));
#2318 = CARTESIAN_POINT('',(-13.21812485887,-31.39475342964,
    -1.149781959185E-03));
#2319 = CARTESIAN_POINT('',(-13.22785528005,-31.39597080592,
    -1.318115866314E-03));
#2320 = CARTESIAN_POINT('',(-13.23758607754,-31.39718731526,
    -1.499501944334E-03));
#2321 = CARTESIAN_POINT('',(-13.24731732805,-31.39840296276,
    -1.693962154645E-03));
#2322 = CARTESIAN_POINT('',(-13.25704910832,-31.39961775351,
    -1.901518452941E-03));
#2323 = CARTESIAN_POINT('',(-13.2667814951,-31.40083169262,
    -2.122192802417E-03));
#2324 = CARTESIAN_POINT('',(-13.27651456512,-31.40204478518,
    -2.356007158212E-03));
#2325 = CARTESIAN_POINT('',(-13.28624839511,-31.40325703629,
    -2.602983482632E-03));
#2326 = CARTESIAN_POINT('',(-13.29598306182,-31.40446845105,
    -2.863143732673E-03));
#2327 = CARTESIAN_POINT('',(-13.30571864198,-31.40567903456,
    -3.136509868577E-03));
#2328 = CARTESIAN_POINT('',(-13.33492835301,-31.40930830661,
    -3.996291809853E-03));
#2329 = CARTESIAN_POINT('',(-13.35440547078,-31.41172452241,
    -4.622312210963E-03));
#2330 = CARTESIAN_POINT('',(-13.37388714179,-31.41413747142,
    -5.301432584863E-03));
#2331 = CARTESIAN_POINT('',(-13.39337394221,-31.41654718576,
    -6.033920466579E-03));
#2332 = CARTESIAN_POINT('',(-13.41286644819,-31.41895369753,
    -6.820043386156E-03));
#2333 = CARTESIAN_POINT('',(-13.4323652359,-31.42135703886,
    -7.660068881356E-03));
#2334 = CARTESIAN_POINT('',(-13.45187088148,-31.42375724185,
    -8.554264480503E-03));
#2335 = CARTESIAN_POINT('',(-13.47138396111,-31.42615433863,
    -9.502897721051E-03));
#2336 = CARTESIAN_POINT('',(-13.49090505093,-31.4285483613,
    -1.050623613354E-02));
#2337 = CARTESIAN_POINT('',(-13.51043472711,-31.43093934198,
    -1.156454725251E-02));
#2338 = CARTESIAN_POINT('',(-13.52997356581,-31.43332731278,
    -1.267809861081E-02));
#2339 = CARTESIAN_POINT('',(-13.58861929795,-31.44048229191,
    -1.61852760037E-02));
#2340 = CARTESIAN_POINT('',(-13.62775475189,-31.44524036288,
    -1.874368289057E-02));
#2341 = CARTESIAN_POINT('',(-13.666933276,-31.44998671497,
    -2.152627418184E-02));
#2342 = CARTESIAN_POINT('',(-13.7061596413,-31.45472154439,
    -2.453694565658E-02));
#2343 = CARTESIAN_POINT('',(-13.74543861876,-31.45944504734,
    -2.777959309483E-02));
#2344 = CARTESIAN_POINT('',(-13.78477497941,-31.46415742006,
    -3.125811227482E-02));
#2345 = CARTESIAN_POINT('',(-13.82417349421,-31.46885885875,
    -3.497639897743E-02));
#2346 = CARTESIAN_POINT('',(-13.86363893419,-31.47354955964,
    -3.89383489804E-02));
#2347 = CARTESIAN_POINT('',(-13.90317607033,-31.47822971893,
    -4.314785806452E-02));
#2348 = CARTESIAN_POINT('',(-13.94278967364,-31.48289953284,
    -4.760882200814E-02));
#2349 = CARTESIAN_POINT('',(-13.9824845151,-31.48755919759,
    -5.232513659121E-02));
#2350 = CARTESIAN_POINT('',(-14.10182706698,-31.50150833301,
    -6.725181959612E-02));
#2351 = CARTESIAN_POINT('',(-14.18173775682,-31.51076796497,
    -7.824732305957E-02));
#2352 = CARTESIAN_POINT('',(-14.26203817301,-31.51998959601,
    -9.033495435919E-02));
#2353 = CARTESIAN_POINT('',(-14.34277467005,-31.52917514342,
    -0.103565232431));
#2354 = CARTESIAN_POINT('',(-14.42399896024,-31.53832685673,
    -0.117994537555));
#2355 = CARTESIAN_POINT('',(-14.50576785475,-31.54744752334,
    -0.133688200161));
#2356 = CARTESIAN_POINT('',(-14.58814300464,-31.55654067419,
    -0.150723589599));
#2357 = CARTESIAN_POINT('',(-14.67119064202,-31.56561078946,
    -0.169193202952));
#2358 = CARTESIAN_POINT('',(-14.75498132099,-31.5746635042,
    -0.18920775381));
#2359 = CARTESIAN_POINT('',(-14.83958965879,-31.58370581402,
    -0.210899261073));
#2360 = CARTESIAN_POINT('',(-14.92509407685,-31.59274628073,
    -0.234424137733));
#2361 = CARTESIAN_POINT('',(-15.18454147173,-31.61989315262,
    -0.311050563556));
#2362 = CARTESIAN_POINT('',(-15.36136249754,-31.63798690708,
    -0.370114018068));
#2363 = CARTESIAN_POINT('',(-15.54307036318,-31.65643772861,
    -0.439387667584));
#2364 = CARTESIAN_POINT('',(-15.72818257958,-31.67450229158,
    -0.518661846886));
#2365 = CARTESIAN_POINT('',(-15.92024625432,-31.69375492502,
    -0.613910056912));
#2366 = CARTESIAN_POINT('',(-16.11564216538,-31.71332144724,
    -0.727140761622));
#2367 = CARTESIAN_POINT('',(-16.31206864707,-31.73304269371,
    -0.861348957419));
#2368 = CARTESIAN_POINT('',(-16.50844540073,-31.75485683568,
    -1.026680515081));
#2369 = CARTESIAN_POINT('',(-16.68759234806,-31.7776365098,
    -1.233342385766));
#2370 = CARTESIAN_POINT('',(-16.81476298101,-31.79456727267,
    -1.47714486383));
#2371 = CARTESIAN_POINT('',(-16.8787611953,-31.80303563908,
    -1.738602295502));
#2372 = CARTESIAN_POINT('',(-16.8787611953,-31.80303563908,-2.));
#2373 = ORIENTED_EDGE('',*,*,#1303,.F.);
#2374 = ORIENTED_EDGE('',*,*,#2375,.T.);
#2375 = EDGE_CURVE('',#1296,#1901,#2376,.T.);
#2376 = ( BOUNDED_CURVE() B_SPLINE_CURVE(12,(#2377,#2378,#2379,#2380,
    #2381,#2382,#2383,#2384,#2385,#2386,#2387,#2388,#2389,#2390,#2391,
    #2392,#2393,#2394,#2395,#2396,#2397,#2398,#2399,#2400,#2401,#2402,
    #2403,#2404,#2405,#2406,#2407,#2408,#2409,#2410,#2411,#2412,#2413,
    #2414,#2415,#2416,#2417,#2418,#2419,#2420,#2421,#2422,#2423,#2424,
    #2425,#2426,#2427,#2428,#2429,#2430,#2431,#2432,#2433,#2434,#2435,
    #2436,#2437,#2438,#2439,#2440,#2441,#2442,#2443,#2444,#2445,#2446,
    #2447,#2448,#2449,#2450,#2451,#2452,#2453,#2454,#2455,#2456,#2457,
    #2458,#2459,#2460,#2461,#2462,#2463,#2464,#2465,#2466,#2467,#2468,
    #2469,#2470,#2471,#2472,#2473,#2474,#2475,#2476,#2477,#2478,#2479,
    #2480,#2481,#2482,#2483,#2484,#2485,#2486,#2487,#2488,#2489,#2490,
    #2491,#2492,#2493,#2494,#2495,#2496,#2497,#2498,#2499,#2500,#2501,
    #2502,#2503,#2504,#2505,#2506,#2507,#2508,#2509,#2510),
.UNSPECIFIED.,.F.,.F.) B_SPLINE_CURVE_WITH_KNOTS((13,11,11,11,11,11,11,
    11,11,11,11,11,13),(5.01497477E-09,1.78604716988E-03,
    3.572089324786E-03,7.144173634598E-03,1.428834225422E-02,
    2.857667949347E-02,5.715335397196E-02,0.114306702929,0.228613400843,
    0.457226796671,0.914453588327,1.828907171638,3.657814338262),
.UNSPECIFIED.) CURVE() GEOMETRIC_REPRESENTATION_ITEM() 
RATIONAL_B_SPLINE_CURVE((1.,1.,1.,1.,1.,1.,1.000000000001,0.999999999999
    ,1.,1.,1.,1.,1.,1.,0.999999999999,1.000000000001,0.999999999998,
    1.000000000002,0.999999999999,1.000000000001,1.,1.,1.,1.,1.,
    1.000000000001,0.999999999998,1.000000000002,0.999999999997,
    1.000000000002,0.999999999999,1.000000000001,1.,1.,1.,1.000000000001
    ,0.999999999999,1.000000000002,0.999999999997,1.000000000003,
    0.999999999997,1.000000000002,0.999999999999,1.,1.,1.,1.,1.,
    1.000000000001,0.999999999999,1.000000000001,0.999999999999,
    1.000000000001,1.,1.,1.,1.,0.999999999999,1.000000000002,
    0.999999999997,1.000000000005,0.999999999995,1.000000000005,
    0.999999999997,1.000000000002,0.999999999999,1.,1.,1.,1.000000000001
    ,0.999999999997,1.000000000004,0.999999999995,1.000000000004,
    0.999999999997,1.000000000001,1.,1.,1.,1.,1.000000000001,
    0.999999999998,1.000000000003,0.999999999997,1.000000000003,
    0.999999999998,1.000000000001,1.,1.,1.,1.,1.000000000001,
    0.999999999997,1.000000000004,0.999999999995,1.000000000004,
    0.999999999997,1.000000000002,0.999999999999,1.,1.,1.,1.,
    1.000000000001,0.999999999999,1.000000000001,0.999999999999,
    1.000000000001,1.,1.,1.,1.,1.000000000001,0.999999999999,
    1.000000000003,0.999999999996,1.000000000004,0.999999999997,
    1.000000000002,0.999999999999,1.,1.,1.,1.,1.000000000001,
    0.999999999998,1.000000000002,0.999999999997,1.000000000003,
0.999999999998,1.000000000001,1.,1.,1.)) REPRESENTATION_ITEM('') );
#2377 = CARTESIAN_POINT('',(13.081902798406,-31.37762733266,0.));
#2378 = CARTESIAN_POINT('',(13.082111358523,-31.37753198729,-2.132E-14)
  );
#2379 = CARTESIAN_POINT('',(13.081906287333,-31.37827512155,
    -3.14468673E-09));
#2380 = CARTESIAN_POINT('',(13.083224795495,-31.37592981942,
    -9.42096934E-09));
#2381 = CARTESIAN_POINT('',(13.0808647915,-31.38104120103,
    -1.886415157E-08));
#2382 = CARTESIAN_POINT('',(13.084867884756,-31.37325399634,
    -3.140615445E-08));
#2383 = CARTESIAN_POINT('',(13.080689023446,-31.38205236922,
    -4.714571877E-08));
#2384 = CARTESIAN_POINT('',(13.084437097967,-31.37478211053,
    -6.597377289E-08));
#2385 = CARTESIAN_POINT('',(13.082413674172,-31.37921121188,
    -8.798277307E-08));
#2386 = CARTESIAN_POINT('',(13.083487776828,-31.37736134068,
    -1.1311342518E-07));
#2387 = CARTESIAN_POINT('',(13.0833899435,-31.37788709171,
    -1.4139391957E-07));
#2388 = CARTESIAN_POINT('',(13.083575407354,-31.37783857291,
    -1.72814965E-07));
#2389 = CARTESIAN_POINT('',(13.083879519367,-31.37787697636,
    -2.419421723E-07));
#2390 = CARTESIAN_POINT('',(13.084031575346,-31.37789617787,
    -2.7964792904E-07));
#2391 = CARTESIAN_POINT('',(13.084183631299,-31.37791537917,
    -3.2049690624E-07));
#2392 = CARTESIAN_POINT('',(13.084335687224,-31.37793458026,
    -3.6448631346E-07));
#2393 = CARTESIAN_POINT('',(13.084487743125,-31.37795378113,
    -4.1162188713E-07));
#2394 = CARTESIAN_POINT('',(13.084639798998,-31.37797298178,
    -4.618948195E-07));
#2395 = CARTESIAN_POINT('',(13.084791854846,-31.37799218222,
    -5.1531622669E-07));
#2396 = CARTESIAN_POINT('',(13.084943910668,-31.37801138245,
    -5.7187493263E-07));
#2397 = CARTESIAN_POINT('',(13.085095966465,-31.37803058247,
    -6.3158022057E-07));
#2398 = CARTESIAN_POINT('',(13.085248022237,-31.37804978227,
    -6.9442606221E-07));
#2399 = CARTESIAN_POINT('',(13.085400077984,-31.37806898186,
    -7.6041560537E-07));
#2400 = CARTESIAN_POINT('',(13.085856245151,-31.37812657997,
    -9.6781208847E-07));
#2401 = CARTESIAN_POINT('',(13.086160356497,-31.37816497786,
    -1.11864788743E-06));
#2402 = CARTESIAN_POINT('',(13.086464467746,-31.3782033749,
    -1.28205529348E-06));
#2403 = CARTESIAN_POINT('',(13.086768578902,-31.37824177107,
    -1.45803510809E-06));
#2404 = CARTESIAN_POINT('',(13.087072689963,-31.3782801664,
    -1.64658721524E-06));
#2405 = CARTESIAN_POINT('',(13.087376800935,-31.37831856086,
    -1.84771258005E-06));
#2406 = CARTESIAN_POINT('',(13.087680911816,-31.37835695448,
    -2.06141105308E-06));
#2407 = CARTESIAN_POINT('',(13.087985022612,-31.37839534723,
    -2.28768350852E-06));
#2408 = CARTESIAN_POINT('',(13.088289133321,-31.37843373914,
    -2.52652996435E-06));
#2409 = CARTESIAN_POINT('',(13.088593243948,-31.37847213018,
    -2.7779510996E-06));
#2410 = CARTESIAN_POINT('',(13.088897354493,-31.37851052038,
    -3.04194713274E-06));
#2411 = CARTESIAN_POINT('',(13.089809685889,-31.37862568839,
    -3.87166139315E-06));
#2412 = CARTESIAN_POINT('',(13.090417906502,-31.37870246365,
    -4.47510554158E-06));
#2413 = CARTESIAN_POINT('',(13.091026126811,-31.37877923549,
    -5.12885459969E-06));
#2414 = CARTESIAN_POINT('',(13.091634346835,-31.37885600391,
    -5.8329109297E-06));
#2415 = CARTESIAN_POINT('',(13.092242566582,-31.37893276891,
    -6.58727961544E-06));
#2416 = CARTESIAN_POINT('',(13.092850786077,-31.37900953051,
    -7.39196090604E-06));
#2417 = CARTESIAN_POINT('',(13.093459005324,-31.37908628868,
    -8.24696216151E-06));
#2418 = CARTESIAN_POINT('',(13.094067224349,-31.37916304345,
    -9.15228208298E-06));
#2419 = CARTESIAN_POINT('',(13.094675443157,-31.3792397948,
    -1.010792799827E-05));
#2420 = CARTESIAN_POINT('',(13.095283661771,-31.37931654273,
    -1.111390033126E-05));
#2421 = CARTESIAN_POINT('',(13.095891880203,-31.37939328726,
    -1.217020382338E-05));
#2422 = CARTESIAN_POINT('',(13.097716534997,-31.37962351061,
    -1.549011600277E-05));
#2423 = CARTESIAN_POINT('',(13.098932970862,-31.37977697921,
    -1.790472562024E-05));
#2424 = CARTESIAN_POINT('',(13.100149406181,-31.37993043417,
    -2.05206981635E-05));
#2425 = CARTESIAN_POINT('',(13.101365841074,-31.3800838755,
    -2.333805852761E-05));
#2426 = CARTESIAN_POINT('',(13.102582275661,-31.38023730321,
    -2.635683858165E-05));
#2427 = CARTESIAN_POINT('',(13.103798710064,-31.3803907173,
    -2.957705853068E-05));
#2428 = CARTESIAN_POINT('',(13.105015144399,-31.3805441178,
    -3.299875424645E-05));
#2429 = CARTESIAN_POINT('',(13.10623157879,-31.38069750468,
    -3.662194433907E-05));
#2430 = CARTESIAN_POINT('',(13.107448013354,-31.38085087798,
    -4.044666313874E-05));
#2431 = CARTESIAN_POINT('',(13.108664448213,-31.38100423768,
    -4.447293320164E-05));
#2432 = CARTESIAN_POINT('',(13.109880883485,-31.38115758381,
    -4.870078418007E-05));
#2433 = CARTESIAN_POINT('',(13.113530190904,-31.38161758146,
    -6.198915902589E-05));
#2434 = CARTESIAN_POINT('',(13.115963064707,-31.38192419227,
    -7.165449036683E-05));
#2435 = CARTESIAN_POINT('',(13.11839594162,-31.38223074883,
    -8.212647367467E-05));
#2436 = CARTESIAN_POINT('',(13.120828822554,-31.3825372512,
    -9.340534239444E-05));
#2437 = CARTESIAN_POINT('',(13.123261708434,-31.38284369942,
    -1.05491338481E-04));
#2438 = CARTESIAN_POINT('',(13.125694600162,-31.38315009353,
    -1.183846890973E-04));
#2439 = CARTESIAN_POINT('',(13.128127498671,-31.38345643358,
    -1.320856420778E-04));
#2440 = CARTESIAN_POINT('',(13.130560404863,-31.38376271963,
    -1.465944215666E-04));
#2441 = CARTESIAN_POINT('',(13.132993319663,-31.38406895171,
    -1.619112740647E-04));
#2442 = CARTESIAN_POINT('',(13.135426243983,-31.38437512987,
    -1.780364288325E-04));
#2443 = CARTESIAN_POINT('',(13.13785917874,-31.38468125417,
    -1.94970125763E-04));
#2444 = CARTESIAN_POINT('',(13.145158017073,-31.38559946559,
    -2.481975477205E-04));
#2445 = CARTESIAN_POINT('',(13.150023956654,-31.38621139149,
    -2.869174133852E-04));
#2446 = CARTESIAN_POINT('',(13.154889949211,-31.3868231025,
    -3.288743484657E-04));
#2447 = CARTESIAN_POINT('',(13.159756000358,-31.38743459877,
    -3.740705017881E-04));
#2448 = CARTESIAN_POINT('',(13.164622115716,-31.38804588046,
    -4.225080289506E-04));
#2449 = CARTESIAN_POINT('',(13.169488300892,-31.38865694771,
    -4.741890738588E-04));
#2450 = CARTESIAN_POINT('',(13.174354561514,-31.38926780069,
    -5.291157962917E-04));
#2451 = CARTESIAN_POINT('',(13.179220903187,-31.38987843954,
    -5.8729033867E-04));
#2452 = CARTESIAN_POINT('',(13.184087331535,-31.39048886441,
    -6.487148588308E-04));
#2453 = CARTESIAN_POINT('',(13.188953852169,-31.39109907547,
    -7.133915035205E-04));
#2454 = CARTESIAN_POINT('',(13.193820470708,-31.39170907285,
    -7.813224258403E-04));
#2455 = CARTESIAN_POINT('',(13.208420636883,-31.39353842446,
    -9.948844766955E-04));
#2456 = CARTESIAN_POINT('',(13.218154464484,-31.39475713444,
    -1.150280686303E-03));
#2457 = CARTESIAN_POINT('',(13.227888723938,-31.3959749882,
    -1.318719846289E-03));
#2458 = CARTESIAN_POINT('',(13.237623463616,-31.39719198727,
    -1.500223394564E-03));
#2459 = CARTESIAN_POINT('',(13.247358731887,-31.39840813318,
    -1.694812776769E-03));
#2460 = CARTESIAN_POINT('',(13.257094577122,-31.39962342746,
    -1.902509425198E-03));
#2461 = CARTESIAN_POINT('',(13.266831047691,-31.40083787164,
    -2.123334790584E-03));
#2462 = CARTESIAN_POINT('',(13.276568191963,-31.40205146725,
    -2.357310302905E-03));
#2463 = CARTESIAN_POINT('',(13.28630605831,-31.40326421583,
    -2.60445741129E-03));
#2464 = CARTESIAN_POINT('',(13.2960446951,-31.40447611891,
    -2.864797550429E-03));
#2465 = CARTESIAN_POINT('',(13.305784150705,-31.40568717801,
    -3.138352163768E-03));
#2466 = CARTESIAN_POINT('',(13.335005119071,-31.409317828,
    -3.998723744402E-03));
#2467 = CARTESIAN_POINT('',(13.354489181207,-31.41173488864,
    -4.625162543734E-03));
#2468 = CARTESIAN_POINT('',(13.373977231961,-31.41414860855,
    -5.304721285289E-03));
#2469 = CARTESIAN_POINT('',(13.393469843394,-31.41655901966,
    -6.037662166612E-03));
#2470 = CARTESIAN_POINT('',(13.412967587562,-31.41896615392,
    -6.824247383893E-03));
#2471 = CARTESIAN_POINT('',(13.432471036529,-31.42137004328,
    -7.664739135125E-03));
#2472 = CARTESIAN_POINT('',(13.45198076235,-31.42377071967,
    -8.559399616163E-03));
#2473 = CARTESIAN_POINT('',(13.471497337089,-31.42616821505,
    -9.508491025083E-03));
#2474 = CARTESIAN_POINT('',(13.491021332801,-31.42856256135,
    -1.051227555801E-02));
#2475 = CARTESIAN_POINT('',(13.510553321549,-31.43095379052,
    -1.157101541246E-02));
#2476 = CARTESIAN_POINT('',(13.530093875392,-31.4333419345,
    -1.268497278519E-02));
#2477 = CARTESIAN_POINT('',(13.58874294838,-31.44049720672,
    -1.619328404931E-02));
#2478 = CARTESIAN_POINT('',(13.627879022749,-31.44525527901,
    -1.875231907273E-02));
#2479 = CARTESIAN_POINT('',(13.667056847585,-31.45000147496,
    -2.153543471794E-02));
#2480 = CARTESIAN_POINT('',(13.706281480982,-31.45473602743,
    -2.454655076187E-02));
#2481 = CARTESIAN_POINT('',(13.745557981031,-31.45945916926,
    -2.778958697595E-02));
#2482 = CARTESIAN_POINT('',(13.784891405828,-31.46417113331,
    -3.1268463141E-02));
#2483 = CARTESIAN_POINT('',(13.82428681346,-31.46887215243,
    -3.498709902506E-02));
#2484 = CARTESIAN_POINT('',(13.863749262025,-31.47356245946,
    -3.894941441024E-02));
#2485 = CARTESIAN_POINT('',(13.90328380961,-31.47824228727,
    -4.315932906608E-02));
#2486 = CARTESIAN_POINT('',(13.942895514312,-31.48291186869,
    -4.762076277117E-02));
#2487 = CARTESIAN_POINT('',(13.982589434221,-31.48757143659,
    -5.233763529898E-02));
#2488 = CARTESIAN_POINT('',(14.101933013849,-31.50152079825,
    -6.726632867735E-02));
#2489 = CARTESIAN_POINT('',(14.181847970241,-31.51078106529,
    -7.826371224082E-02));
#2490 = CARTESIAN_POINT('',(14.262155523826,-31.52000364161,
    -9.035378226698E-02));
#2491 = CARTESIAN_POINT('',(14.342901347498,-31.52919030175,
    -0.103587072016));
#2492 = CARTESIAN_POINT('',(14.424136486491,-31.53834318016,
    -0.118019960502));
#2493 = CARTESIAN_POINT('',(14.505917085095,-31.54746497346,
    -0.133717750185));
#2494 = CARTESIAN_POINT('',(14.588304113314,-31.55655914248,
    -0.15075774459));
#2495 = CARTESIAN_POINT('',(14.671363093583,-31.5656301145,
    -0.169232326019));
#2496 = CARTESIAN_POINT('',(14.755163827434,-31.57468348533,
    -0.189252033164));
#2497 = CARTESIAN_POINT('',(14.839780122196,-31.5837262215,
    -0.210948638809));
#2498 = CARTESIAN_POINT('',(14.925289517677,-31.59276686235,
    -0.234478227465));
#2499 = CARTESIAN_POINT('',(15.184740003216,-31.61991344206,
    -0.311116364206));
#2500 = CARTESIAN_POINT('',(15.361545378939,-31.63800679359,
    -0.370184894644));
#2501 = CARTESIAN_POINT('',(15.543203444165,-31.65644981402,
    -0.439447428093));
#2502 = CARTESIAN_POINT('',(15.728331500966,-31.67451665391,
    -0.518732931981));
#2503 = CARTESIAN_POINT('',(15.920383691729,-31.69376922999,
    -0.613987074936));
#2504 = CARTESIAN_POINT('',(16.115742885931,-31.71333187713,
    -0.727214198773));
#2505 = CARTESIAN_POINT('',(16.312157233672,-31.73305219969,
    -0.861424642932));
#2506 = CARTESIAN_POINT('',(16.508520742265,-31.75486603248,
    -1.026759199004));
#2507 = CARTESIAN_POINT('',(16.687622138579,-31.77764095551,
    -1.233409569236));
#2508 = CARTESIAN_POINT('',(16.814776352726,-31.79456888801,
    -1.477193695739));
#2509 = CARTESIAN_POINT('',(16.878761195302,-31.80303563908,
    -1.738626617441));
#2510 = CARTESIAN_POINT('',(16.878761195301,-31.80303563908,-2.));
#2511 = TOROIDAL_SURFACE('',#2512,34.207281191572,2.);
#2512 = AXIS2_PLACEMENT_3D('',#2513,#2514,#2515);
#2513 = CARTESIAN_POINT('',(-2.48E-15,0.229364080538,-2.));
#2514 = DIRECTION('',(0.,0.,1.));
#2515 = DIRECTION('',(0.426893763697,-0.904301782878,0.));
#2516 = ADVANCED_FACE('',(#2517),#2528,.F.);
#2517 = FACE_BOUND('',#2518,.F.);
#2518 = EDGE_LOOP('',(#2519,#2525,#2526,#2527));
#2519 = ORIENTED_EDGE('',*,*,#2520,.T.);
#2520 = EDGE_CURVE('',#1313,#1356,#2521,.T.);
#2521 = LINE('',#2522,#2523);
#2522 = CARTESIAN_POINT('',(32.5,0.,0.));
#2523 = VECTOR('',#2524,1.);
#2524 = DIRECTION('',(-0.,-0.,-1.));
#2525 = ORIENTED_EDGE('',*,*,#1355,.T.);
#2526 = ORIENTED_EDGE('',*,*,#2520,.F.);
#2527 = ORIENTED_EDGE('',*,*,#1312,.F.);
#2528 = CYLINDRICAL_SURFACE('',#2529,32.5);
#2529 = AXIS2_PLACEMENT_3D('',#2530,#2531,#2532);
#2530 = CARTESIAN_POINT('',(0.,0.,0.));
#2531 = DIRECTION('',(0.,0.,1.));
#2532 = DIRECTION('',(1.,0.,0.));
#2533 = ADVANCED_FACE('',(#2534),#2676,.T.);
#2534 = FACE_BOUND('',#2535,.F.);
#2535 = EDGE_LOOP('',(#2536,#2537,#2538,#2539));
#2536 = ORIENTED_EDGE('',*,*,#1730,.F.);
#2537 = ORIENTED_EDGE('',*,*,#1374,.F.);
#2538 = ORIENTED_EDGE('',*,*,#1329,.T.);
#2539 = ORIENTED_EDGE('',*,*,#2540,.F.);
#2540 = EDGE_CURVE('',#1731,#1330,#2541,.T.);
#2541 = ( BOUNDED_CURVE() B_SPLINE_CURVE(12,(#2542,#2543,#2544,#2545,
    #2546,#2547,#2548,#2549,#2550,#2551,#2552,#2553,#2554,#2555,#2556,
    #2557,#2558,#2559,#2560,#2561,#2562,#2563,#2564,#2565,#2566,#2567,
    #2568,#2569,#2570,#2571,#2572,#2573,#2574,#2575,#2576,#2577,#2578,
    #2579,#2580,#2581,#2582,#2583,#2584,#2585,#2586,#2587,#2588,#2589,
    #2590,#2591,#2592,#2593,#2594,#2595,#2596,#2597,#2598,#2599,#2600,
    #2601,#2602,#2603,#2604,#2605,#2606,#2607,#2608,#2609,#2610,#2611,
    #2612,#2613,#2614,#2615,#2616,#2617,#2618,#2619,#2620,#2621,#2622,
    #2623,#2624,#2625,#2626,#2627,#2628,#2629,#2630,#2631,#2632,#2633,
    #2634,#2635,#2636,#2637,#2638,#2639,#2640,#2641,#2642,#2643,#2644,
    #2645,#2646,#2647,#2648,#2649,#2650,#2651,#2652,#2653,#2654,#2655,
    #2656,#2657,#2658,#2659,#2660,#2661,#2662,#2663,#2664,#2665,#2666,
    #2667,#2668,#2669,#2670,#2671,#2672,#2673,#2674,#2675),
.UNSPECIFIED.,.F.,.F.) B_SPLINE_CURVE_WITH_KNOTS((13,11,11,11,11,11,11,
    11,11,11,11,11,13),(31.157814353862,33.001365736327,33.908497222026,
    34.362062964875,34.5888458363,34.702237272012,34.758932989869,
    34.787280848797,34.801454778261,34.808541742993,34.812085225359,
34.813856966542,34.815628707725),.UNSPECIFIED.) CURVE() 
GEOMETRIC_REPRESENTATION_ITEM() RATIONAL_B_SPLINE_CURVE((1.,1.,1.,
    1.000000000001,0.999999999998,1.000000000003,0.999999999996,
    1.000000000003,0.999999999998,1.000000000001,1.,1.,1.,1.,1.,
    0.999999999999,1.000000000001,0.999999999999,1.000000000001,
    0.999999999999,1.,1.,1.,1.,1.000000000001,0.999999999998,
    1.000000000003,0.999999999996,1.000000000004,0.999999999996,
    1.000000000002,0.999999999999,1.,1.,1.,1.,1.000000000001,
    0.999999999999,1.000000000001,0.999999999999,1.,1.,1.,1.,1.,1.,1.,1.
    ,1.000000000001,0.999999999998,1.000000000003,0.999999999997,
    1.000000000002,0.999999999999,1.,1.,1.,1.,1.,1.,1.,1.,1.,1.,1.,1.,1.
    ,1.,1.,1.000000000001,0.999999999998,1.000000000002,0.999999999998,
    1.000000000002,0.999999999999,1.000000000001,1.,1.,1.,1.000000000001
    ,0.999999999998,1.000000000003,0.999999999996,1.000000000005,
    0.999999999996,1.000000000003,0.999999999998,1.000000000001,1.,1.,1.
    ,0.999999999999,1.000000000001,0.999999999999,1.000000000001,
    0.999999999999,1.000000000001,1.,1.,1.,1.,1.,0.999999999999,
    1.000000000003,0.999999999996,1.000000000004,0.999999999997,
    1.000000000002,0.999999999999,1.,1.,1.,1.,1.000000000001,
    0.999999999999,1.000000000002,0.999999999998,1.000000000002,
    0.999999999999,1.000000000001,1.,1.,1.,1.,1.,1.000000000001,
    0.999999999999,1.000000000001,0.999999999999,1.000000000001,1.,1.,1.
,1.)) REPRESENTATION_ITEM('') );
#2542 = CARTESIAN_POINT('',(-15.87925025651,-34.09006367879,-29.5));
#2543 = CARTESIAN_POINT('',(-15.87925025651,-34.09006367879,
    -29.76920380883));
#2544 = CARTESIAN_POINT('',(-15.82601142129,-34.04427919306,
    -30.03851777666));
#2545 = CARTESIAN_POINT('',(-15.71986690251,-33.95270191238,
    -30.28774887225));
#2546 = CARTESIAN_POINT('',(-15.57332287143,-33.82524584134,
    -30.49624346669));
#2547 = CARTESIAN_POINT('',(-15.41860742068,-33.68082455142,
    -30.65853152187));
#2548 = CARTESIAN_POINT('',(-15.27007672811,-33.53925764348,
    -30.79062488133));
#2549 = CARTESIAN_POINT('',(-15.12372611454,-33.39924585879,
    -30.90207697837));
#2550 = CARTESIAN_POINT('',(-14.97989174261,-33.25884161397,
    -30.99427669247));
#2551 = CARTESIAN_POINT('',(-14.84415364603,-33.12657228594,
    -31.07251833128));
#2552 = CARTESIAN_POINT('',(-14.71052365444,-32.99551855602,
    -31.13982411918));
#2553 = CARTESIAN_POINT('',(-14.58115810484,-32.86844749224,
    -31.19765852866));
#2554 = CARTESIAN_POINT('',(-14.39275139561,-32.68299531353,
    -31.27221991481));
#2555 = CARTESIAN_POINT('',(-14.33140070099,-32.62254930226,
    -31.29489831955));
#2556 = CARTESIAN_POINT('',(-14.27075503566,-32.56274706807,
    -31.31583947252));
#2557 = CARTESIAN_POINT('',(-14.21074524324,-32.50352482756,
    -31.33518991461));
#2558 = CARTESIAN_POINT('',(-14.1513100241,-32.44482406841,
    -31.35307238867));
#2559 = CARTESIAN_POINT('',(-14.09239513458,-32.38659121158,
    -31.36958900407));
#2560 = CARTESIAN_POINT('',(-14.03395258619,-32.32877727351,
    -31.38482440112));
#2561 = CARTESIAN_POINT('',(-13.97593984482,-32.27133752835,
    -31.39884891567));
#2562 = CARTESIAN_POINT('',(-13.91831902993,-32.21423117013,
    -31.41172174354));
#2563 = CARTESIAN_POINT('',(-13.86105611377,-32.15742097502,
    -31.42349410507));
#2564 = CARTESIAN_POINT('',(-13.8041201206,-32.10087296347,
    -31.43421240962));
#2565 = CARTESIAN_POINT('',(-13.71916342847,-32.01639761197,
    -31.44877592529));
#2566 = CARTESIAN_POINT('',(-13.69091843695,-31.98829620004,
    -31.45337967106));
#2567 = CARTESIAN_POINT('',(-13.66274422851,-31.96024828343,
    -31.45773621648));
#2568 = CARTESIAN_POINT('',(-13.63463768037,-31.93225031888,
    -31.46184912066));
#2569 = CARTESIAN_POINT('',(-13.60659566975,-31.90429876313,
    -31.46572194269));
#2570 = CARTESIAN_POINT('',(-13.57861507389,-31.87639007294,
    -31.46935824166));
#2571 = CARTESIAN_POINT('',(-13.55069277,-31.84852070503,-31.4727615767)
  );
#2572 = CARTESIAN_POINT('',(-13.52282563532,-31.82068711617,
    -31.47593550689));
#2573 = CARTESIAN_POINT('',(-13.49501054706,-31.79288576308,
    -31.47888359135));
#2574 = CARTESIAN_POINT('',(-13.46724438245,-31.76511310252,
    -31.48160938916));
#2575 = CARTESIAN_POINT('',(-13.43952401871,-31.73736559122,
    -31.48411645943));
#2576 = CARTESIAN_POINT('',(-13.39800749025,-31.6957767333,
    -31.48755431219));
#2577 = CARTESIAN_POINT('',(-13.38417943508,-31.68191929818,
    -31.48864606811));
#2578 = CARTESIAN_POINT('',(-13.37036179643,-31.66806695391,
    -31.48968386882));
#2579 = CARTESIAN_POINT('',(-13.35655420321,-31.65421927382,
    -31.49066795407));
#2580 = CARTESIAN_POINT('',(-13.3427562843,-31.64037583123,
    -31.49159856365));
#2581 = CARTESIAN_POINT('',(-13.32896766861,-31.62653619949,
    -31.4924759373));
#2582 = CARTESIAN_POINT('',(-13.31518798501,-31.61269995192,
    -31.49330031481));
#2583 = CARTESIAN_POINT('',(-13.3014168624,-31.59886666185,
    -31.49407193593));
#2584 = CARTESIAN_POINT('',(-13.28765392967,-31.5850359026,
    -31.49479104046));
#2585 = CARTESIAN_POINT('',(-13.27389881571,-31.57120724752,
    -31.49545786813));
#2586 = CARTESIAN_POINT('',(-13.26015114941,-31.55738026993,
    -31.49607265874));
#2587 = CARTESIAN_POINT('',(-13.2395402648,-31.53664167976,
    -31.4969171487));
#2588 = CARTESIAN_POINT('',(-13.23267173698,-31.5297291265,
    -31.49718567739));
#2589 = CARTESIAN_POINT('',(-13.22580492704,-31.52281682679,
    -31.49744125718));
#2590 = CARTESIAN_POINT('',(-13.21893978582,-31.51590472406,
    -31.49768390713));
#2591 = CARTESIAN_POINT('',(-13.21207626415,-31.50899276172,
    -31.49791364631));
#2592 = CARTESIAN_POINT('',(-13.20521431286,-31.50208088322,
    -31.49813049377));
#2593 = CARTESIAN_POINT('',(-13.1983538828,-31.49516903198,
    -31.49833446858));
#2594 = CARTESIAN_POINT('',(-13.1914949248,-31.48825715141,
    -31.4985255898));
#2595 = CARTESIAN_POINT('',(-13.1846373897,-31.48134518496,
    -31.49870387649));
#2596 = CARTESIAN_POINT('',(-13.17778122832,-31.47443307604,
    -31.49886934772));
#2597 = CARTESIAN_POINT('',(-13.1709263915,-31.46752076807,
    -31.49902202255));
#2598 = CARTESIAN_POINT('',(-13.16064604939,-31.45715192271,
    -31.49923186877));
#2599 = CARTESIAN_POINT('',(-13.15721958712,-31.45369557654,
    -31.49929862206));
#2600 = CARTESIAN_POINT('',(-13.15379343684,-31.45023915859,
    -31.4993621816));
#2601 = CARTESIAN_POINT('',(-13.15036759212,-31.44678266142,
    -31.49942254912));
#2602 = CARTESIAN_POINT('',(-13.14694204651,-31.44332607765,
    -31.49947972631));
#2603 = CARTESIAN_POINT('',(-13.14351679356,-31.43986939983,
    -31.49953371489));
#2604 = CARTESIAN_POINT('',(-13.14009182685,-31.43641262057,
    -31.49958451656));
#2605 = CARTESIAN_POINT('',(-13.1366671399,-31.43295573245,
    -31.49963213305));
#2606 = CARTESIAN_POINT('',(-13.1332427263,-31.42949872806,
    -31.49967656604));
#2607 = CARTESIAN_POINT('',(-13.12981857959,-31.42604159998,
    -31.49971781727));
#2608 = CARTESIAN_POINT('',(-13.12639469333,-31.4225843408,
    -31.49975588843));
#2609 = CARTESIAN_POINT('',(-13.12125924496,-31.41739824426,
    -31.49980822764));
#2610 = CARTESIAN_POINT('',(-13.11954749231,-31.41566951074,
    -31.49982487938));
#2611 = CARTESIAN_POINT('',(-13.11783580229,-31.41394074161,
    -31.49984073664));
#2612 = CARTESIAN_POINT('',(-13.11612417408,-31.4122119359,
    -31.49985579958));
#2613 = CARTESIAN_POINT('',(-13.11441260686,-31.41048309266,
    -31.49987006837));
#2614 = CARTESIAN_POINT('',(-13.11270109979,-31.40875421094,
    -31.49988354319));
#2615 = CARTESIAN_POINT('',(-13.11098965205,-31.40702528979,
    -31.49989622421));
#2616 = CARTESIAN_POINT('',(-13.1092782628,-31.40529632825,
    -31.4999081116));
#2617 = CARTESIAN_POINT('',(-13.10756693123,-31.40356732537,
    -31.49991920552));
#2618 = CARTESIAN_POINT('',(-13.1058556565,-31.4018382802,
    -31.49992950616));
#2619 = CARTESIAN_POINT('',(-13.10414443778,-31.40010919179,
    -31.49993901368));
#2620 = CARTESIAN_POINT('',(-13.10157769249,-31.39751549288,
    -31.49995208553));
#2621 = CARTESIAN_POINT('',(-13.10072212452,-31.39665091553,
    -31.49995624458));
#2622 = CARTESIAN_POINT('',(-13.09986657024,-31.395786327,-31.4999602054
    ));
#2623 = CARTESIAN_POINT('',(-13.09901102954,-31.39492172718,
    -31.49996396802));
#2624 = CARTESIAN_POINT('',(-13.09815550233,-31.39405711594,
    -31.49996753245));
#2625 = CARTESIAN_POINT('',(-13.09729998848,-31.39319249317,
    -31.49997089872));
#2626 = CARTESIAN_POINT('',(-13.09644448791,-31.39232785874,
    -31.49997406684));
#2627 = CARTESIAN_POINT('',(-13.09558900049,-31.39146321253,
    -31.49997703683));
#2628 = CARTESIAN_POINT('',(-13.09473352614,-31.39059855443,
    -31.49997980871));
#2629 = CARTESIAN_POINT('',(-13.09387806474,-31.3897338843,
    -31.4999823825));
#2630 = CARTESIAN_POINT('',(-13.09302261619,-31.38886920204,
    -31.49998475822));
#2631 = CARTESIAN_POINT('',(-13.09173946248,-31.38757216025,
    -31.49998802471));
#2632 = CARTESIAN_POINT('',(-13.09131174776,-31.38713980992,
    -31.49998906403));
#2633 = CARTESIAN_POINT('',(-13.09088403622,-31.38670745651,
    -31.49999005384));
#2634 = CARTESIAN_POINT('',(-13.09045632783,-31.38627510001,
    -31.49999099413));
#2635 = CARTESIAN_POINT('',(-13.09002862259,-31.3858427404,
    -31.49999188492));
#2636 = CARTESIAN_POINT('',(-13.08960092048,-31.38541037765,
    -31.49999272621));
#2637 = CARTESIAN_POINT('',(-13.0891732215,-31.38497801177,
    -31.49999351799));
#2638 = CARTESIAN_POINT('',(-13.08874552561,-31.38454564273,
    -31.49999426027));
#2639 = CARTESIAN_POINT('',(-13.08831783283,-31.38411327052,
    -31.49999495305));
#2640 = CARTESIAN_POINT('',(-13.08789014312,-31.38368089512,
    -31.49999559634));
#2641 = CARTESIAN_POINT('',(-13.08746245648,-31.38324851652,
    -31.49999619013));
#2642 = CARTESIAN_POINT('',(-13.08682093109,-31.38259994379,
    -31.49999700658));
#2643 = CARTESIAN_POINT('',(-13.08660709006,-31.38238375207,
    -31.49999726635));
#2644 = CARTESIAN_POINT('',(-13.08639324979,-31.38216755955,
    -31.49999751376));
#2645 = CARTESIAN_POINT('',(-13.08617941028,-31.38195136622,
    -31.49999774879));
#2646 = CARTESIAN_POINT('',(-13.08596557153,-31.38173517209,
    -31.49999797145));
#2647 = CARTESIAN_POINT('',(-13.08575173354,-31.38151897713,
    -31.49999818173));
#2648 = CARTESIAN_POINT('',(-13.0855378963,-31.38130278137,
    -31.49999837965));
#2649 = CARTESIAN_POINT('',(-13.08532405981,-31.38108658479,
    -31.49999856519));
#2650 = CARTESIAN_POINT('',(-13.08511022408,-31.38087038739,
    -31.49999873837));
#2651 = CARTESIAN_POINT('',(-13.0848963891,-31.38065418917,
    -31.49999889917));
#2652 = CARTESIAN_POINT('',(-13.08468255486,-31.38043799013,
    -31.4999990476));
#2653 = CARTESIAN_POINT('',(-13.08436180463,-31.38011369034,
    -31.49999925169));
#2654 = CARTESIAN_POINT('',(-13.08425488807,-31.3800055902,
    -31.49999931663));
#2655 = CARTESIAN_POINT('',(-13.0841479717,-31.37989748985,
    -31.49999937847));
#2656 = CARTESIAN_POINT('',(-13.08404105551,-31.3797893893,
    -31.49999943723));
#2657 = CARTESIAN_POINT('',(-13.08393413951,-31.37968128855,
    -31.49999949288));
#2658 = CARTESIAN_POINT('',(-13.0838272237,-31.37957318758,
    -31.49999954545));
#2659 = CARTESIAN_POINT('',(-13.08372030807,-31.37946508641,
    -31.49999959493));
#2660 = CARTESIAN_POINT('',(-13.08361339263,-31.37935698503,
    -31.49999964131));
#2661 = CARTESIAN_POINT('',(-13.08350647737,-31.37924888345,
    -31.4999996846));
#2662 = CARTESIAN_POINT('',(-13.0833995623,-31.37914078166,
    -31.4999997248));
#2663 = CARTESIAN_POINT('',(-13.08329264741,-31.37903267965,
    -31.4999997619));
#2664 = CARTESIAN_POINT('',(-13.08307881801,-31.37881647524,
    -31.49999982993));
#2665 = CARTESIAN_POINT('',(-13.08293877986,-31.37877551771,
    -31.49999986085));
#2666 = CARTESIAN_POINT('',(-13.08307963027,-31.37816517129,
    -31.49999988868));
#2667 = CARTESIAN_POINT('',(-13.08205850397,-31.37991026746,
    -31.49999991342));
#2668 = CARTESIAN_POINT('',(-13.08410860073,-31.37542968903,
    -31.49999993506));
#2669 = CARTESIAN_POINT('',(-13.0804361648,-31.382549254,-31.49999995361
    ));
#2670 = CARTESIAN_POINT('',(-13.08462349335,-31.37373629435,
    -31.49999996908));
#2671 = CARTESIAN_POINT('',(-13.08069808762,-31.38136865461,
    -31.49999998144));
#2672 = CARTESIAN_POINT('',(-13.08308207161,-31.37621125418,
    -31.49999999072));
#2673 = CARTESIAN_POINT('',(-13.08181848128,-31.37844785003,
    -31.4999999969));
#2674 = CARTESIAN_POINT('',(-13.08206573646,-31.37762181186,-31.5));
#2675 = CARTESIAN_POINT('',(-13.08190276842,-31.37762733713,-31.5));
#2676 = CYLINDRICAL_SURFACE('',#2677,2.);
#2677 = AXIS2_PLACEMENT_3D('',#2678,#2679,#2680);
#2678 = CARTESIAN_POINT('',(-19.81814834742,-56.5176380902,-29.5));
#2679 = DIRECTION('',(0.258819045103,0.965925826289,0.));
#2680 = DIRECTION('',(-0.965925826289,0.258819045103,0.));
#2681 = ADVANCED_FACE('',(#2682),#2968,.T.);
#2682 = FACE_BOUND('',#2683,.F.);
#2683 = EDGE_LOOP('',(#2684,#2821,#2830,#2967));
#2684 = ORIENTED_EDGE('',*,*,#2685,.F.);
#2685 = EDGE_CURVE('',#1909,#1339,#2686,.T.);
#2686 = ( BOUNDED_CURVE() B_SPLINE_CURVE(12,(#2687,#2688,#2689,#2690,
    #2691,#2692,#2693,#2694,#2695,#2696,#2697,#2698,#2699,#2700,#2701,
    #2702,#2703,#2704,#2705,#2706,#2707,#2708,#2709,#2710,#2711,#2712,
    #2713,#2714,#2715,#2716,#2717,#2718,#2719,#2720,#2721,#2722,#2723,
    #2724,#2725,#2726,#2727,#2728,#2729,#2730,#2731,#2732,#2733,#2734,
    #2735,#2736,#2737,#2738,#2739,#2740,#2741,#2742,#2743,#2744,#2745,
    #2746,#2747,#2748,#2749,#2750,#2751,#2752,#2753,#2754,#2755,#2756,
    #2757,#2758,#2759,#2760,#2761,#2762,#2763,#2764,#2765,#2766,#2767,
    #2768,#2769,#2770,#2771,#2772,#2773,#2774,#2775,#2776,#2777,#2778,
    #2779,#2780,#2781,#2782,#2783,#2784,#2785,#2786,#2787,#2788,#2789,
    #2790,#2791,#2792,#2793,#2794,#2795,#2796,#2797,#2798,#2799,#2800,
    #2801,#2802,#2803,#2804,#2805,#2806,#2807,#2808,#2809,#2810,#2811,
    #2812,#2813,#2814,#2815,#2816,#2817,#2818,#2819,#2820),
.UNSPECIFIED.,.F.,.F.) B_SPLINE_CURVE_WITH_KNOTS((13,11,11,11,11,11,11,
    11,11,11,11,11,13),(31.157814338262,32.986721241418,33.901174692996,
    34.358401418785,34.58701478168,34.701321463127,34.758474803851,
    34.787051474213,34.801339809393,34.808483976984,34.812056060779,
34.813842102677,34.815628144574),.UNSPECIFIED.) CURVE() 
GEOMETRIC_REPRESENTATION_ITEM() RATIONAL_B_SPLINE_CURVE((1.,1.,
    1.000000000001,0.999999999998,1.000000000003,0.999999999996,
    1.000000000005,0.999999999996,1.000000000003,0.999999999998,
    1.000000000001,1.,1.,1.,1.,1.,1.,1.000000000001,0.999999999999,1.,1.
    ,1.,1.,1.,1.,1.,1.000000000001,0.999999999999,1.000000000001,1.,1.,
    1.,1.,1.,1.,1.,1.,1.000000000001,0.999999999999,1.000000000001,
    0.999999999999,1.000000000001,0.999999999999,1.,1.,1.,0.999999999999
    ,1.000000000002,0.999999999996,1.000000000005,0.999999999994,
    1.000000000005,0.999999999997,1.000000000002,0.999999999999,1.,1.,
    1.000000000001,0.999999999998,1.000000000003,0.999999999996,
    1.000000000004,0.999999999996,1.000000000002,0.999999999999,1.,1.,1.
    ,1.,0.999999999999,1.000000000002,0.999999999997,1.000000000004,
    0.999999999997,1.000000000002,0.999999999999,1.,1.,1.,1.,
    0.999999999999,1.000000000002,0.999999999998,1.000000000002,
    0.999999999998,1.000000000001,0.999999999999,1.,1.,1.,1.,
    0.999999999999,1.000000000001,0.999999999998,1.000000000002,
    0.999999999998,1.000000000001,0.999999999999,1.,1.,1.,1.,1.,
    1.000000000001,0.999999999999,1.000000000002,0.999999999999,
    1.000000000001,1.,1.,1.,1.,1.,0.999999999999,1.000000000001,
    0.999999999999,1.000000000001,0.999999999999,1.000000000001,1.,1.,1.
    ,1.,1.,1.,1.000000000001,0.999999999999,1.000000000001,
0.999999999999,1.000000000001,1.,1.,1.,1.)) REPRESENTATION_ITEM('') );
#2687 = CARTESIAN_POINT('',(16.878761195301,-31.80303563908,-29.5));
#2688 = CARTESIAN_POINT('',(16.878761195302,-31.80303563908,
    -29.76137488995));
#2689 = CARTESIAN_POINT('',(16.814883586827,-31.79454797772,
    -30.02286709753));
#2690 = CARTESIAN_POINT('',(16.687102903819,-31.77772418521,
    -30.26633170885));
#2691 = CARTESIAN_POINT('',(16.509703378525,-31.75472260125,
    -30.47345535558));
#2692 = CARTESIAN_POINT('',(16.311097216911,-31.73319394004,
    -30.63849083666));
#2693 = CARTESIAN_POINT('',(16.115581917912,-31.7133075708,
    -30.77283150736));
#2694 = CARTESIAN_POINT('',(15.921452914792,-31.69363147278,
    -30.88613905307));
#2695 = CARTESIAN_POINT('',(15.727384939001,-31.67469713996,
    -30.98101098084));
#2696 = CARTESIAN_POINT('',(15.543556586985,-31.65633690974,
    -31.06075948759));
#2697 = CARTESIAN_POINT('',(15.361483414886,-31.6380395409,
    -31.12975116764));
#2698 = CARTESIAN_POINT('',(15.18477020306,-31.61991662033,
    -31.18887459549));
#2699 = CARTESIAN_POINT('',(14.925279550883,-31.59276534417,
    -31.26552501537));
#2700 = CARTESIAN_POINT('',(14.839753404297,-31.58372138178,
    -31.28907745619));
#2701 = CARTESIAN_POINT('',(14.755119217137,-31.5746754787,-31.310792818
    ));
#2702 = CARTESIAN_POINT('',(14.671301844458,-31.5656201002,
    -31.33081681984));
#2703 = CARTESIAN_POINT('',(14.58822977443,-31.55654858058,
    -31.34928027963));
#2704 = CARTESIAN_POINT('',(14.505835128315,-31.54745512309,
    -31.36629911423));
#2705 = CARTESIAN_POINT('',(14.424053660497,-31.53833479997,
    -31.38197433939));
#2706 = CARTESIAN_POINT('',(14.34282475845,-31.52918355247,
    -31.3963920698));
#2707 = CARTESIAN_POINT('',(14.262091442766,-31.5199981908,
    -31.40962351901));
#2708 = CARTESIAN_POINT('',(14.181800367137,-31.51077639417,
    -31.42172499953));
#2709 = CARTESIAN_POINT('',(14.101901818361,-31.50151671077,
    -31.43273792274));
#2710 = CARTESIAN_POINT('',(13.982573665336,-31.48756948128,
    -31.44766423707));
#2711 = CARTESIAN_POINT('',(13.942883828881,-31.48291048239,
    -31.45238049867));
#2712 = CARTESIAN_POINT('',(13.90327524201,-31.47824133995,
    -31.45684148233));
#2713 = CARTESIAN_POINT('',(13.863742939754,-31.47356183286,
    -31.46105108659));
#2714 = CARTESIAN_POINT('',(13.824281957146,-31.46887173995,
    -31.46501321002));
#2715 = CARTESIAN_POINT('',(13.784887329217,-31.46417084012,
    -31.46873175118));
#2716 = CARTESIAN_POINT('',(13.745554090998,-31.45945891221,
    -31.47221060862));
#2717 = CARTESIAN_POINT('',(13.70627727752,-31.4547357351,-31.4754536809
    ));
#2718 = CARTESIAN_POINT('',(13.667051923815,-31.45000108765,
    -31.47846486657));
#2719 = CARTESIAN_POINT('',(13.627873064915,-31.44525474873,
    -31.48124806419));
#2720 = CARTESIAN_POINT('',(13.58873573585,-31.44049649721,
    -31.48380717233));
#2721 = CARTESIAN_POINT('',(13.530084589555,-31.43334091932,
    -31.48731554813));
#2722 = CARTESIAN_POINT('',(13.510543486272,-31.43095269105,
    -31.48842951374));
#2723 = CARTESIAN_POINT('',(13.491011098118,-31.42856139643,
    -31.48948824985));
#2724 = CARTESIAN_POINT('',(13.471486861412,-31.42616700478,
    -31.49049201996));
#2725 = CARTESIAN_POINT('',(13.451970212461,-31.42376948539,
    -31.49144108758));
#2726 = CARTESIAN_POINT('',(13.43246058759,-31.4213688076,
    -31.49233571618));
#2727 = CARTESIAN_POINT('',(13.412957423101,-31.41896494069,
    -31.49317616928));
#2728 = CARTESIAN_POINT('',(13.393460155322,-31.41655785398,
    -31.49396271037));
#2729 = CARTESIAN_POINT('',(13.373968220557,-31.41414751677,
    -31.49469560295));
#2730 = CARTESIAN_POINT('',(13.354481055127,-31.41173389837,
    -31.49537511051));
#2731 = CARTESIAN_POINT('',(13.334998095343,-31.40931696808,
    -31.49600149655));
#2732 = CARTESIAN_POINT('',(13.305779118612,-31.40568655879,
    -31.49686178858));
#2733 = CARTESIAN_POINT('',(13.296040374069,-31.40447558625,
    -31.4971353179));
#2734 = CARTESIAN_POINT('',(13.286302478827,-31.40326377394,
    -31.49739563417));
#2735 = CARTESIAN_POINT('',(13.276565367818,-31.40205111821,
    -31.49764275905));
#2736 = CARTESIAN_POINT('',(13.266828975978,-31.40083761542,
    -31.49787671417));
#2737 = CARTESIAN_POINT('',(13.257093238234,-31.39962326191,
    -31.49809752119));
#2738 = CARTESIAN_POINT('',(13.247358089525,-31.39840805402,
    -31.49830520174));
#2739 = CARTESIAN_POINT('',(13.237623464777,-31.39719198812,
    -31.49849977748));
#2740 = CARTESIAN_POINT('',(13.227889298931,-31.39597506054,
    -31.49868127004));
#2741 = CARTESIAN_POINT('',(13.218155526913,-31.39475726764,
    -31.49884970109));
#2742 = CARTESIAN_POINT('',(13.208422083659,-31.39353860577,
    -31.49900509225));
#2743 = CARTESIAN_POINT('',(13.193822314323,-31.39170930402,
    -31.49921865165));
#2744 = CARTESIAN_POINT('',(13.188955779759,-31.39109931721,
    -31.49928658244));
#2745 = CARTESIAN_POINT('',(13.184089299938,-31.39048911133,
    -31.49935125961));
#2746 = CARTESIAN_POINT('',(13.179222874395,-31.38987868687,
    -31.49941268519));
#2747 = CARTESIAN_POINT('',(13.174356502651,-31.38926804432,
    -31.49947086124));
#2748 = CARTESIAN_POINT('',(13.169490184249,-31.38865718417,
    -31.4995257898));
#2749 = CARTESIAN_POINT('',(13.164623918703,-31.3880461069,
    -31.49957747291));
#2750 = CARTESIAN_POINT('',(13.159757705558,-31.38743481301,
    -31.49962591262));
#2751 = CARTESIAN_POINT('',(13.154891544332,-31.38682330298,
    -31.49967111097));
#2752 = CARTESIAN_POINT('',(13.150025434563,-31.38621157731,
    -31.49971307001));
#2753 = CARTESIAN_POINT('',(13.145159375776,-31.38559963648,
    -31.49975179178));
#2754 = CARTESIAN_POINT('',(13.137860363366,-31.38468140323,
    -31.49980502161));
#2755 = CARTESIAN_POINT('',(13.135427373703,-31.38437527205,
    -31.49982195605));
#2756 = CARTESIAN_POINT('',(13.132994397601,-31.38406908739,
    -31.49983808188));
#2757 = CARTESIAN_POINT('',(13.130561434151,-31.38376284921,
    -31.49985339936));
#2758 = CARTESIAN_POINT('',(13.128128482438,-31.38345655745,
    -31.49986790872));
#2759 = CARTESIAN_POINT('',(13.125695541557,-31.38315021208,
    -31.4998816102));
#2760 = CARTESIAN_POINT('',(13.12326261059,-31.38284381304,
    -31.49989450404));
#2761 = CARTESIAN_POINT('',(13.120829688634,-31.3825373603,
    -31.49990659047));
#2762 = CARTESIAN_POINT('',(13.11839677477,-31.3822308538,
    -31.49991786975));
#2763 = CARTESIAN_POINT('',(13.115963868092,-31.3819242935,
    -31.49992834211));
#2764 = CARTESIAN_POINT('',(13.113530967687,-31.38161767936,
    -31.49993800778));
#2765 = CARTESIAN_POINT('',(13.109881625123,-31.3811576773,
    -31.49995129663));
#2766 = CARTESIAN_POINT('',(13.108665178721,-31.38100432978,
    -31.49995552463));
#2767 = CARTESIAN_POINT('',(13.107448733272,-31.38085096875,
    -31.49995955104));
#2768 = CARTESIAN_POINT('',(13.106232288606,-31.38069759419,
    -31.4999633759));
#2769 = CARTESIAN_POINT('',(13.105015844556,-31.38054420609,
    -31.49996699923));
#2770 = CARTESIAN_POINT('',(13.103799400956,-31.38039080444,
    -31.49997042106));
#2771 = CARTESIAN_POINT('',(13.102582957637,-31.38023738922,
    -31.4999736414));
#2772 = CARTESIAN_POINT('',(13.101366514432,-31.38008396043,
    -31.49997666031));
#2773 = CARTESIAN_POINT('',(13.100150071172,-31.37993051805,
    -31.49997947779));
#2774 = CARTESIAN_POINT('',(13.098933627691,-31.37977706207,
    -31.49998209388));
#2775 = CARTESIAN_POINT('',(13.097717183821,-31.37962359247,
    -31.4999845086));
#2776 = CARTESIAN_POINT('',(13.09589251718,-31.37939336763,
    -31.49998782868));
#2777 = CARTESIAN_POINT('',(13.095284294828,-31.37931662261,
    -31.49998888504));
#2778 = CARTESIAN_POINT('',(13.094676072322,-31.37923987419,
    -31.49998989107));
#2779 = CARTESIAN_POINT('',(13.094067849641,-31.37916312235,
    -31.49999084677));
#2780 = CARTESIAN_POINT('',(13.09345962677,-31.37908636711,
    -31.49999175214));
#2781 = CARTESIAN_POINT('',(13.092851403686,-31.37900960845,
    -31.49999260719));
#2782 = CARTESIAN_POINT('',(13.092243180377,-31.37893284638,
    -31.49999341193));
#2783 = CARTESIAN_POINT('',(13.091634956817,-31.3788560809,
    -31.49999416635));
#2784 = CARTESIAN_POINT('',(13.091026732997,-31.378779312,
    -31.49999487045));
#2785 = CARTESIAN_POINT('',(13.09041850889,-31.37870253968,
    -31.49999552425));
#2786 = CARTESIAN_POINT('',(13.089810284485,-31.37862576395,
    -31.49999612774));
#2787 = CARTESIAN_POINT('',(13.088897947396,-31.37851059522,
    -31.49999695753));
#2788 = CARTESIAN_POINT('',(13.088593834954,-31.37847220479,
    -31.49999722155));
#2789 = CARTESIAN_POINT('',(13.088289722429,-31.3784338135,-31.499997473
    ));
#2790 = CARTESIAN_POINT('',(13.087985609825,-31.37839542136,
    -31.49999771187));
#2791 = CARTESIAN_POINT('',(13.087681497127,-31.37835702837,
    -31.49999793816));
#2792 = CARTESIAN_POINT('',(13.087377384352,-31.37831863452,
    -31.49999815189));
#2793 = CARTESIAN_POINT('',(13.087073271476,-31.37828023981,
    -31.49999835303));
#2794 = CARTESIAN_POINT('',(13.086769158519,-31.37824184425,
    -31.49999854161));
#2795 = CARTESIAN_POINT('',(13.08646504546,-31.37820344783,
    -31.49999871761));
#2796 = CARTESIAN_POINT('',(13.08616093231,-31.37816505056,
    -31.49999888104));
#2797 = CARTESIAN_POINT('',(13.08585681906,-31.37812665243,
    -31.4999990319));
#2798 = CARTESIAN_POINT('',(13.085400649036,-31.37806905396,
    -31.49999923933));
#2799 = CARTESIAN_POINT('',(13.085248592336,-31.37804985425,
    -31.49999930533));
#2800 = CARTESIAN_POINT('',(13.085096535611,-31.37803065433,
    -31.49999936819));
#2801 = CARTESIAN_POINT('',(13.084944478861,-31.3780114542,
    -31.4999994279));
#2802 = CARTESIAN_POINT('',(13.084792422084,-31.37799225385,
    -31.49999948448));
#2803 = CARTESIAN_POINT('',(13.084640365283,-31.37797305329,
    -31.49999953791));
#2804 = CARTESIAN_POINT('',(13.084488308453,-31.37795385251,
    -31.49999958819));
#2805 = CARTESIAN_POINT('',(13.0843362516,-31.37793465152,
    -31.49999963534));
#2806 = CARTESIAN_POINT('',(13.084184194717,-31.37791545032,
    -31.49999967934));
#2807 = CARTESIAN_POINT('',(13.084032137809,-31.3778962489,
    -31.4999997202));
#2808 = CARTESIAN_POINT('',(13.083880080874,-31.37787704726,
    -31.49999975792));
#2809 = CARTESIAN_POINT('',(13.083575966948,-31.37783864357,
    -31.49999982706));
#2810 = CARTESIAN_POINT('',(13.08339049639,-31.37788717373,
    -31.49999985849));
#2811 = CARTESIAN_POINT('',(13.083488371561,-31.3773613371,
    -31.49999988683));
#2812 = CARTESIAN_POINT('',(13.082414110937,-31.37921152171,
    -31.49999991178));
#2813 = CARTESIAN_POINT('',(13.08443790133,-31.3747816864,
    -31.49999993425));
#2814 = CARTESIAN_POINT('',(13.08068922507,-31.38205314423,
    -31.49999995235));
#2815 = CARTESIAN_POINT('',(13.084868796478,-31.37325335222,
    -31.49999996899));
#2816 = CARTESIAN_POINT('',(13.080865088249,-31.38104178155,
    -31.49999998075));
#2817 = CARTESIAN_POINT('',(13.083225471338,-31.3759296424,
    -31.49999999072));
#2818 = CARTESIAN_POINT('',(13.081906802538,-31.37827526206,
    -31.49999999677));
#2819 = CARTESIAN_POINT('',(13.0821119112,-31.37753205161,-31.5));
#2820 = CARTESIAN_POINT('',(13.081903135558,-31.37762748952,-31.5));
#2821 = ORIENTED_EDGE('',*,*,#2822,.T.);
#2822 = EDGE_CURVE('',#1909,#2823,#2825,.T.);
#2823 = VERTEX_POINT('',#2824);
#2824 = CARTESIAN_POINT('',(-16.8787611953,-31.80303563908,-29.5));
#2825 = CIRCLE('',#2826,36.207281191572);
#2826 = AXIS2_PLACEMENT_3D('',#2827,#2828,#2829);
#2827 = CARTESIAN_POINT('',(-2.48E-15,0.229364080538,-29.5));
#2828 = DIRECTION('',(-0.,0.,1.));
#2829 = DIRECTION('',(0.426893763697,-0.904301782878,0.));
#2830 = ORIENTED_EDGE('',*,*,#2831,.T.);
#2831 = EDGE_CURVE('',#2823,#1330,#2832,.T.);
#2832 = ( BOUNDED_CURVE() B_SPLINE_CURVE(12,(#2833,#2834,#2835,#2836,
    #2837,#2838,#2839,#2840,#2841,#2842,#2843,#2844,#2845,#2846,#2847,
    #2848,#2849,#2850,#2851,#2852,#2853,#2854,#2855,#2856,#2857,#2858,
    #2859,#2860,#2861,#2862,#2863,#2864,#2865,#2866,#2867,#2868,#2869,
    #2870,#2871,#2872,#2873,#2874,#2875,#2876,#2877,#2878,#2879,#2880,
    #2881,#2882,#2883,#2884,#2885,#2886,#2887,#2888,#2889,#2890,#2891,
    #2892,#2893,#2894,#2895,#2896,#2897,#2898,#2899,#2900,#2901,#2902,
    #2903,#2904,#2905,#2906,#2907,#2908,#2909,#2910,#2911,#2912,#2913,
    #2914,#2915,#2916,#2917,#2918,#2919,#2920,#2921,#2922,#2923,#2924,
    #2925,#2926,#2927,#2928,#2929,#2930,#2931,#2932,#2933,#2934,#2935,
    #2936,#2937,#2938,#2939,#2940,#2941,#2942,#2943,#2944,#2945,#2946,
    #2947,#2948,#2949,#2950,#2951,#2952,#2953,#2954,#2955,#2956,#2957,
    #2958,#2959,#2960,#2961,#2962,#2963,#2964,#2965,#2966),
.UNSPECIFIED.,.F.,.F.) B_SPLINE_CURVE_WITH_KNOTS((13,11,11,11,11,11,11,
    11,11,11,11,11,13),(31.157814353862,33.001365736327,33.908497222026,
    34.362062964875,34.5888458363,34.702237272012,34.758932989869,
    34.787280848797,34.801454778261,34.808541742993,34.812085225359,
34.813856966542,34.815628707725),.UNSPECIFIED.) CURVE() 
GEOMETRIC_REPRESENTATION_ITEM() RATIONAL_B_SPLINE_CURVE((1.,1.,1.,
    1.000000000001,0.999999999998,1.000000000003,0.999999999996,
    1.000000000003,0.999999999998,1.000000000001,1.,1.,1.,1.,1.,
    0.999999999999,1.000000000001,0.999999999999,1.000000000001,
    0.999999999999,1.,1.,1.,1.,1.000000000001,0.999999999998,
    1.000000000003,0.999999999996,1.000000000004,0.999999999996,
    1.000000000002,0.999999999999,1.,1.,1.,1.,1.000000000001,
    0.999999999999,1.000000000001,0.999999999999,1.,1.,1.,1.,1.,1.,1.,1.
    ,1.000000000001,0.999999999998,1.000000000003,0.999999999997,
    1.000000000002,0.999999999999,1.,1.,1.,1.,1.,1.,1.,1.,1.,1.,1.,1.,1.
    ,1.,1.,1.000000000001,0.999999999998,1.000000000002,0.999999999998,
    1.000000000002,0.999999999999,1.000000000001,1.,1.,1.,1.000000000001
    ,0.999999999998,1.000000000003,0.999999999996,1.000000000005,
    0.999999999996,1.000000000003,0.999999999998,1.000000000001,1.,1.,1.
    ,0.999999999999,1.000000000001,0.999999999999,1.000000000001,
    0.999999999999,1.000000000001,1.,1.,1.,1.,1.,0.999999999999,
    1.000000000003,0.999999999996,1.000000000004,0.999999999997,
    1.000000000002,0.999999999999,1.,1.,1.,1.,1.000000000001,
    0.999999999999,1.000000000002,0.999999999998,1.000000000002,
    0.999999999999,1.000000000001,1.,1.,1.,1.,1.,1.000000000001,
    0.999999999999,1.000000000001,0.999999999999,1.000000000001,1.,1.,1.
,1.)) REPRESENTATION_ITEM('') );
#2833 = CARTESIAN_POINT('',(-16.8787611953,-31.80303563908,-29.5));
#2834 = CARTESIAN_POINT('',(-16.8787611953,-31.80303563908,
    -29.76349073677));
#2835 = CARTESIAN_POINT('',(-16.8138325617,-31.79440885703,
    -30.02710517505));
#2836 = CARTESIAN_POINT('',(-16.68405001607,-31.7773197329,
    -30.27221860351));
#2837 = CARTESIAN_POINT('',(-16.50379659857,-31.75396210702,
    -30.4801978086));
#2838 = CARTESIAN_POINT('',(-16.30321518759,-31.7323397413,
    -30.64508410018));
#2839 = CARTESIAN_POINT('',(-16.10602635385,-31.71233676084,
    -30.77934726847));
#2840 = CARTESIAN_POINT('',(-15.91032714875,-31.69250531408,
    -30.89257556732));
#2841 = CARTESIAN_POINT('',(-15.71506203252,-31.67349602641,
    -30.98703728052));
#2842 = CARTESIAN_POINT('',(-15.52996957891,-31.65497796075,
    -31.0666079863));
#2843 = CARTESIAN_POINT('',(-15.34686635212,-31.63657221575,
    -31.13526494893));
#2844 = CARTESIAN_POINT('',(-15.16902224514,-31.61829849289,
    -31.19411539495));
#2845 = CARTESIAN_POINT('',(-14.90934094346,-31.59108047563,
    -31.2698987894));
#2846 = CARTESIAN_POINT('',(-14.8246715618,-31.5821127583,
    -31.29292955384));
#2847 = CARTESIAN_POINT('',(-14.74088090975,-31.57314246314,
    -31.31417754403));
#2848 = CARTESIAN_POINT('',(-14.65788567708,-31.56416077855,
    -31.33379408584));
#2849 = CARTESIAN_POINT('',(-14.5756094505,-31.55516072982,
    -31.35190637205));
#2850 = CARTESIAN_POINT('',(-14.49398226657,-31.54613689758,
    -31.36862062365));
#2851 = CARTESIAN_POINT('',(-14.41294016458,-31.5370851363,
    -31.38402525111));
#2852 = CARTESIAN_POINT('',(-14.33242473952,-31.5280022928,
    -31.39819401565));
#2853 = CARTESIAN_POINT('',(-14.25238269495,-31.51888592475,
    -31.41118919049));
#2854 = CARTESIAN_POINT('',(-14.17276539597,-31.5097340191,
    -31.42306472214));
#2855 = CARTESIAN_POINT('',(-14.09352842208,-31.50054471068,
    -31.43386939166));
#2856 = CARTESIAN_POINT('',(-13.97518246919,-31.48670164554,
    -31.44854026804));
#2857 = CARTESIAN_POINT('',(-13.93581779481,-31.48207748121,
    -31.45317621084));
#2858 = CARTESIAN_POINT('',(-13.89653244337,-31.477443315,
    -31.45756157755));
#2859 = CARTESIAN_POINT('',(-13.85732176124,-31.47279895435,
    -31.46170014144));
#2860 = CARTESIAN_POINT('',(-13.81818109475,-31.46814420667,
    -31.46559567578));
#2861 = CARTESIAN_POINT('',(-13.7791057903,-31.46347887938,
    -31.46925195381));
#2862 = CARTESIAN_POINT('',(-13.7400911942,-31.45880277992,
    -31.4726727488));
#2863 = CARTESIAN_POINT('',(-13.70113265286,-31.4541157157,
    -31.47586183401));
#2864 = CARTESIAN_POINT('',(-13.6622255126,-31.44941749414,
    -31.47882298269));
#2865 = CARTESIAN_POINT('',(-13.6233651198,-31.44470792266,
    -31.48155996811));
#2866 = CARTESIAN_POINT('',(-13.58454682082,-31.4399868087,
    -31.48407656352));
#2867 = CARTESIAN_POINT('',(-13.5263755326,-31.43288753515,
    -31.48752653151));
#2868 = CARTESIAN_POINT('',(-13.50699460971,-31.43051817697,
    -31.48862194783));
#2869 = CARTESIAN_POINT('',(-13.48762262935,-31.42814585357,
    -31.48966305093));
#2870 = CARTESIAN_POINT('',(-13.46825902751,-31.42577053337,
    -31.49065010057));
#2871 = CARTESIAN_POINT('',(-13.44890324017,-31.42339218482,
    -31.49158335654));
#2872 = CARTESIAN_POINT('',(-13.42955470336,-31.42101077635,
    -31.49246307861));
#2873 = CARTESIAN_POINT('',(-13.41021285304,-31.4186262764,
    -31.49328952656));
#2874 = CARTESIAN_POINT('',(-13.39087712523,-31.41623865339,
    -31.49406296017));
#2875 = CARTESIAN_POINT('',(-13.3715469559,-31.41384787577,
    -31.49478363922));
#2876 = CARTESIAN_POINT('',(-13.35222178108,-31.41145391197,
    -31.49545182347));
#2877 = CARTESIAN_POINT('',(-13.33290103675,-31.40905673042,
    -31.49606777273));
#2878 = CARTESIAN_POINT('',(-13.30392571997,-31.40545608413,
    -31.49691373376));
#2879 = CARTESIAN_POINT('',(-13.2942682439,-31.404255055,-31.49718270784
    ));
#2880 = CARTESIAN_POINT('',(-13.28461165569,-31.40305320718,
    -31.49743869035));
#2881 = CARTESIAN_POINT('',(-13.27495588035,-31.40185053568,
    -31.49768170263));
#2882 = CARTESIAN_POINT('',(-13.26530084289,-31.40064703552,
    -31.49791176603));
#2883 = CARTESIAN_POINT('',(-13.25564646834,-31.39944270169,
    -31.4981289019));
#2884 = CARTESIAN_POINT('',(-13.24599268169,-31.39823752923,
    -31.49833313159));
#2885 = CARTESIAN_POINT('',(-13.23633940796,-31.39703151312,
    -31.49852447645));
#2886 = CARTESIAN_POINT('',(-13.22668657216,-31.39582464839,
    -31.49870295783));
#2887 = CARTESIAN_POINT('',(-13.21703409931,-31.39461693004,
    -31.49886859707));
#2888 = CARTESIAN_POINT('',(-13.20738191441,-31.39340835309,
    -31.49902141553));
#2889 = CARTESIAN_POINT('',(-13.19290395651,-31.39159419226,
    -31.49923144407));
#2890 = CARTESIAN_POINT('',(-13.18807802313,-31.39098925597,
    -31.49929825259));
#2891 = CARTESIAN_POINT('',(-13.18325213252,-31.39038410293,
    -31.4993618621));
#2892 = CARTESIAN_POINT('',(-13.17842627482,-31.38977873246,
    -31.4994222746));
#2893 = CARTESIAN_POINT('',(-13.17360044021,-31.38917314384,
    -31.49947949208));
#2894 = CARTESIAN_POINT('',(-13.16877461883,-31.38856733637,
    -31.49953351651));
#2895 = CARTESIAN_POINT('',(-13.16394880088,-31.38796130934,
    -31.4995843499));
#2896 = CARTESIAN_POINT('',(-13.15912297648,-31.38735506204,
    -31.49963199422));
#2897 = CARTESIAN_POINT('',(-13.15429713582,-31.38674859376,
    -31.49967645147));
#2898 = CARTESIAN_POINT('',(-13.14947126905,-31.3861419038,
    -31.49971772364));
#2899 = CARTESIAN_POINT('',(-13.14464536635,-31.38553499146,
    -31.4997558127));
#2900 = CARTESIAN_POINT('',(-13.13740644361,-31.38462428829,
    -31.49980817464));
#2901 = CARTESIAN_POINT('',(-13.13499345787,-31.38432066478,
    -31.49982483327));
#2902 = CARTESIAN_POINT('',(-13.13258045936,-31.3840169854,
    -31.49984069676));
#2903 = CARTESIAN_POINT('',(-13.13016744683,-31.38371325005,
    -31.49985576531));
#2904 = CARTESIAN_POINT('',(-13.127754419,-31.38340945862,
    -31.49987003913));
#2905 = CARTESIAN_POINT('',(-13.12534137461,-31.38310561104,
    -31.49988351842));
#2906 = CARTESIAN_POINT('',(-13.12292831239,-31.38280170721,
    -31.4998962034));
#2907 = CARTESIAN_POINT('',(-13.1205152311,-31.38249774702,
    -31.49990809426));
#2908 = CARTESIAN_POINT('',(-13.11810212944,-31.38219373039,
    -31.49991919121));
#2909 = CARTESIAN_POINT('',(-13.11568900617,-31.38188965723,
    -31.49992949446));
#2910 = CARTESIAN_POINT('',(-13.11327586001,-31.38158552743,
    -31.49993900422));
#2911 = CARTESIAN_POINT('',(-13.10965610456,-31.38112924765,
    -31.49995207891));
#2912 = CARTESIAN_POINT('',(-13.10844951336,-31.38097714021,
    -31.49995623882));
#2913 = CARTESIAN_POINT('',(-13.10724291597,-31.38082501857,
    -31.49996020042));
#2914 = CARTESIAN_POINT('',(-13.10603631221,-31.38067288273,
    -31.49996396374));
#2915 = CARTESIAN_POINT('',(-13.10482970194,-31.38052073266,
    -31.4999675288));
#2916 = CARTESIAN_POINT('',(-13.10362308497,-31.38036856837,
    -31.49997089563));
#2917 = CARTESIAN_POINT('',(-13.10241646117,-31.38021638984,
    -31.49997406424));
#2918 = CARTESIAN_POINT('',(-13.10120983036,-31.38006419705,
    -31.49997703466));
#2919 = CARTESIAN_POINT('',(-13.10000319239,-31.37991198999,
    -31.49997980692));
#2920 = CARTESIAN_POINT('',(-13.09879654709,-31.37975976865,
    -31.49998238104));
#2921 = CARTESIAN_POINT('',(-13.09758989431,-31.37960753302,
    -31.49998475704));
#2922 = CARTESIAN_POINT('',(-13.09577990366,-31.37937915812,
    -31.49998802388));
#2923 = CARTESIAN_POINT('',(-13.09517657154,-31.37930302958,
    -31.49998906331));
#2924 = CARTESIAN_POINT('',(-13.09457323748,-31.37922689746,
    -31.49999005321));
#2925 = CARTESIAN_POINT('',(-13.09396990147,-31.37915076176,
    -31.4999909936));
#2926 = CARTESIAN_POINT('',(-13.09336656349,-31.37907462249,
    -31.49999188446));
#2927 = CARTESIAN_POINT('',(-13.09276322351,-31.37899847962,
    -31.49999272582));
#2928 = CARTESIAN_POINT('',(-13.09215988153,-31.37892233318,
    -31.49999351766));
#2929 = CARTESIAN_POINT('',(-13.0915565375,-31.37884618315,-31.49999426)
  );
#2930 = CARTESIAN_POINT('',(-13.09095319143,-31.37877002953,
    -31.49999495283));
#2931 = CARTESIAN_POINT('',(-13.09034984328,-31.37869387233,
    -31.49999559615));
#2932 = CARTESIAN_POINT('',(-13.08974649304,-31.37861771153,
    -31.49999618998));
#2933 = CARTESIAN_POINT('',(-13.08884146451,-31.37850346495,
    -31.49999700647));
#2934 = CARTESIAN_POINT('',(-13.0885397878,-31.37846538186,
    -31.49999726626));
#2935 = CARTESIAN_POINT('',(-13.08823811056,-31.37842729787,
    -31.49999751368));
#2936 = CARTESIAN_POINT('',(-13.08793643279,-31.37838921298,
    -31.49999774872));
#2937 = CARTESIAN_POINT('',(-13.08763475449,-31.3783511272,
    -31.49999797139));
#2938 = CARTESIAN_POINT('',(-13.08733307564,-31.37831304051,
    -31.49999818169));
#2939 = CARTESIAN_POINT('',(-13.08703139625,-31.37827495293,
    -31.49999837961));
#2940 = CARTESIAN_POINT('',(-13.08672971632,-31.37823686445,
    -31.49999856516));
#2941 = CARTESIAN_POINT('',(-13.08642803584,-31.37819877507,
    -31.49999873834));
#2942 = CARTESIAN_POINT('',(-13.08612635482,-31.37816068478,
    -31.49999889914));
#2943 = CARTESIAN_POINT('',(-13.08582467324,-31.3781225936,
    -31.49999904758));
#2944 = CARTESIAN_POINT('',(-13.08537215004,-31.37806545548,
    -31.49999925168));
#2945 = CARTESIAN_POINT('',(-13.08522130884,-31.37804640922,
    -31.49999931662));
#2946 = CARTESIAN_POINT('',(-13.0850704675,-31.37802736273,
    -31.49999937846));
#2947 = CARTESIAN_POINT('',(-13.08491962602,-31.37800831601,
    -31.49999943722));
#2948 = CARTESIAN_POINT('',(-13.08476878439,-31.37798926907,
    -31.49999949288));
#2949 = CARTESIAN_POINT('',(-13.08461794263,-31.37797022191,
    -31.49999954545));
#2950 = CARTESIAN_POINT('',(-13.08446710073,-31.37795117452,
    -31.49999959492));
#2951 = CARTESIAN_POINT('',(-13.08431625869,-31.3779321269,
    -31.49999964131));
#2952 = CARTESIAN_POINT('',(-13.08416541651,-31.37791307906,
    -31.4999996846));
#2953 = CARTESIAN_POINT('',(-13.08401457418,-31.377894031,-31.4999997248
    ));
#2954 = CARTESIAN_POINT('',(-13.08386373172,-31.37787498271,
    -31.4999997619));
#2955 = CARTESIAN_POINT('',(-13.08356204651,-31.37783688567,
    -31.49999982993));
#2956 = CARTESIAN_POINT('',(-13.08337808013,-31.37788498182,
    -31.49999986085));
#2957 = CARTESIAN_POINT('',(-13.08347500198,-31.37736368907,
    -31.49999988868));
#2958 = CARTESIAN_POINT('',(-13.08240994681,-31.37919783887,
    -31.49999991342));
#2959 = CARTESIAN_POINT('',(-13.08441611434,-31.3748063141,
    -31.49999993506));
#2960 = CARTESIAN_POINT('',(-13.0806997489,-31.38201493262,
    -31.49999995362));
#2961 = CARTESIAN_POINT('',(-13.08484314755,-31.37329102664,
    -31.49999996907));
#2962 = CARTESIAN_POINT('',(-13.08087381166,-31.38101244042,
    -31.49999998144));
#2963 = CARTESIAN_POINT('',(-13.08321386511,-31.37594409359,
    -31.49999999072));
#2964 = CARTESIAN_POINT('',(-13.08190634395,-31.37826974297,
    -31.4999999969));
#2965 = CARTESIAN_POINT('',(-13.08210966796,-31.37753275834,-31.5));
#2966 = CARTESIAN_POINT('',(-13.08190276842,-31.37762733713,-31.5));
#2967 = ORIENTED_EDGE('',*,*,#1346,.F.);
#2968 = TOROIDAL_SURFACE('',#2969,34.207281191572,2.);
#2969 = AXIS2_PLACEMENT_3D('',#2970,#2971,#2972);
#2970 = CARTESIAN_POINT('',(-2.48E-15,0.229364080538,-29.5));
#2971 = DIRECTION('',(-0.,-0.,-1.));
#2972 = DIRECTION('',(0.426893763697,-0.904301782878,0.));
#2973 = ADVANCED_FACE('',(#2974),#2996,.F.);
#2974 = FACE_BOUND('',#2975,.T.);
#2975 = EDGE_LOOP('',(#2976,#2982,#2988,#2995));
#2976 = ORIENTED_EDGE('',*,*,#2977,.T.);
#2977 = EDGE_CURVE('',#1722,#2229,#2978,.T.);
#2978 = ( BOUNDED_CURVE() B_SPLINE_CURVE(2,(#2979,#2980,#2981),
.UNSPECIFIED.,.F.,.F.) B_SPLINE_CURVE_WITH_KNOTS((3,3),(0.,
3.657814353862),.PIECEWISE_BEZIER_KNOTS.) CURVE() 
GEOMETRIC_REPRESENTATION_ITEM() RATIONAL_B_SPLINE_CURVE((1.,
0.781444201016,1.)) REPRESENTATION_ITEM('') );
#2979 = CARTESIAN_POINT('',(-15.87925025651,-34.09006367879,-2.));
#2980 = CARTESIAN_POINT('',(-15.46592158466,-32.54750007521,-2.));
#2981 = CARTESIAN_POINT('',(-16.8787611953,-31.80303563908,-2.));
#2982 = ORIENTED_EDGE('',*,*,#2983,.T.);
#2983 = EDGE_CURVE('',#2229,#2823,#2984,.T.);
#2984 = LINE('',#2985,#2986);
#2985 = CARTESIAN_POINT('',(-16.8787611953,-31.80303563908,-2.));
#2986 = VECTOR('',#2987,1.);
#2987 = DIRECTION('',(-0.,-0.,-1.));
#2988 = ORIENTED_EDGE('',*,*,#2989,.F.);
#2989 = EDGE_CURVE('',#1731,#2823,#2990,.T.);
#2990 = CIRCLE('',#2991,2.);
#2991 = AXIS2_PLACEMENT_3D('',#2992,#2993,#2994);
#2992 = CARTESIAN_POINT('',(-17.81110190909,-33.57242558858,-29.5));
#2993 = DIRECTION('',(-0.,0.,1.));
#2994 = DIRECTION('',(0.965925826289,-0.258819045103,0.));
#2995 = ORIENTED_EDGE('',*,*,#1738,.F.);
#2996 = CYLINDRICAL_SURFACE('',#2997,2.);
#2997 = AXIS2_PLACEMENT_3D('',#2998,#2999,#3000);
#2998 = CARTESIAN_POINT('',(-17.81110190909,-33.57242558858,-2.));
#2999 = DIRECTION('',(-0.,-0.,-1.));
#3000 = DIRECTION('',(0.965925826289,-0.258819045103,0.));
#3001 = ADVANCED_FACE('',(#3002),#3007,.F.);
#3002 = FACE_BOUND('',#3003,.F.);
#3003 = EDGE_LOOP('',(#3004,#3005,#3006));
#3004 = ORIENTED_EDGE('',*,*,#2375,.T.);
#3005 = ORIENTED_EDGE('',*,*,#1900,.F.);
#3006 = ORIENTED_EDGE('',*,*,#1755,.F.);
#3007 = ( BOUNDED_SURFACE() B_SPLINE_SURFACE(2,12,(
    (#3008,#3009,#3010,#3011,#3012,#3013,#3014,#3015,#3016,#3017,#3018
      ,#3019,#3020,#3021,#3022,#3023,#3024,#3025,#3026,#3027,#3028,#3029
      ,#3030,#3031,#3032,#3033,#3034,#3035,#3036,#3037,#3038,#3039,#3040
      ,#3041,#3042,#3043,#3044,#3045,#3046,#3047,#3048,#3049,#3050,#3051
      ,#3052,#3053,#3054,#3055,#3056,#3057,#3058,#3059,#3060,#3061,#3062
      ,#3063,#3064,#3065,#3066,#3067,#3068,#3069,#3070,#3071,#3072,#3073
      ,#3074,#3075,#3076,#3077,#3078,#3079,#3080,#3081,#3082,#3083,#3084
      ,#3085,#3086,#3087,#3088,#3089,#3090,#3091,#3092,#3093,#3094,#3095
      ,#3096,#3097,#3098,#3099,#3100,#3101,#3102,#3103,#3104,#3105,#3106
      ,#3107,#3108,#3109,#3110,#3111,#3112,#3113,#3114,#3115,#3116,#3117
      ,#3118,#3119,#3120,#3121,#3122,#3123,#3124,#3125,#3126,#3127,#3128
      ,#3129,#3130,#3131,#3132,#3133,#3134,#3135,#3136,#3137,#3138,#3139
      ,#3140,#3141)
    ,(#3142,#3143,#3144,#3145,#3146,#3147,#3148,#3149,#3150,#3151,#3152
      ,#3153,#3154,#3155,#3156,#3157,#3158,#3159,#3160,#3161,#3162,#3163
      ,#3164,#3165,#3166,#3167,#3168,#3169,#3170,#3171,#3172,#3173,#3174
      ,#3175,#3176,#3177,#3178,#3179,#3180,#3181,#3182,#3183,#3184,#3185
      ,#3186,#3187,#3188,#3189,#3190,#3191,#3192,#3193,#3194,#3195,#3196
      ,#3197,#3198,#3199,#3200,#3201,#3202,#3203,#3204,#3205,#3206,#3207
      ,#3208,#3209,#3210,#3211,#3212,#3213,#3214,#3215,#3216,#3217,#3218
      ,#3219,#3220,#3221,#3222,#3223,#3224,#3225,#3226,#3227,#3228,#3229
      ,#3230,#3231,#3232,#3233,#3234,#3235,#3236,#3237,#3238,#3239,#3240
      ,#3241,#3242,#3243,#3244,#3245,#3246,#3247,#3248,#3249,#3250,#3251
      ,#3252,#3253,#3254,#3255,#3256,#3257,#3258,#3259,#3260,#3261,#3262
      ,#3263,#3264,#3265,#3266,#3267,#3268,#3269,#3270,#3271,#3272,#3273
      ,#3274,#3275)
    ,(#3276,#3277,#3278,#3279,#3280,#3281,#3282,#3283,#3284,#3285,#3286
      ,#3287,#3288,#3289,#3290,#3291,#3292,#3293,#3294,#3295,#3296,#3297
      ,#3298,#3299,#3300,#3301,#3302,#3303,#3304,#3305,#3306,#3307,#3308
      ,#3309,#3310,#3311,#3312,#3313,#3314,#3315,#3316,#3317,#3318,#3319
      ,#3320,#3321,#3322,#3323,#3324,#3325,#3326,#3327,#3328,#3329,#3330
      ,#3331,#3332,#3333,#3334,#3335,#3336,#3337,#3338,#3339,#3340,#3341
      ,#3342,#3343,#3344,#3345,#3346,#3347,#3348,#3349,#3350,#3351,#3352
      ,#3353,#3354,#3355,#3356,#3357,#3358,#3359,#3360,#3361,#3362,#3363
      ,#3364,#3365,#3366,#3367,#3368,#3369,#3370,#3371,#3372,#3373,#3374
      ,#3375,#3376,#3377,#3378,#3379,#3380,#3381,#3382,#3383,#3384,#3385
      ,#3386,#3387,#3388,#3389,#3390,#3391,#3392,#3393,#3394,#3395,#3396
      ,#3397,#3398,#3399,#3400,#3401,#3402,#3403,#3404,#3405,#3406,#3407
      ,#3408,#3409
)),.UNSPECIFIED.,.F.,.F.,.F.) B_SPLINE_SURFACE_WITH_KNOTS((3,3),(13,11,
    11,11,11,11,11,11,11,11,11,11,13),(0.,3.657814333247),(
    5.01497477E-09,1.78604716988E-03,3.572089324786E-03,
    7.144173634598E-03,1.428834225422E-02,2.857667949347E-02,
    5.715335397196E-02,0.114306702929,0.228613400843,0.457226796671,
    0.914453588327,1.828907171638,3.657814338262),.UNSPECIFIED.) 
GEOMETRIC_REPRESENTATION_ITEM() RATIONAL_B_SPLINE_SURFACE((
    (1.,1.,1.,1.,1.,1.,1.000000000001,0.999999999999,1.,1.,1.,1.,1.,1.
      ,0.999999999999,1.000000000001,0.999999999998,1.000000000002
      ,0.999999999999,1.000000000001,1.,1.,1.,1.,1.,1.000000000001
      ,0.999999999998,1.000000000002,0.999999999997,1.000000000002
      ,0.999999999999,1.000000000001,1.,1.,1.,1.000000000001
      ,0.999999999999,1.000000000002,0.999999999997,1.000000000003
      ,0.999999999997,1.000000000002,0.999999999999,1.,1.,1.,1.,1.
      ,1.000000000001,0.999999999999,1.000000000001,0.999999999999
      ,1.000000000001,1.,1.,1.,1.,0.999999999999,1.000000000002
      ,0.999999999997,1.000000000005,0.999999999995,1.000000000005
      ,0.999999999997,1.000000000002,0.999999999999,1.,1.,1.
      ,1.000000000001,0.999999999997,1.000000000004,0.999999999995
      ,1.000000000004,0.999999999997,1.000000000001,1.,1.,1.,1.
      ,1.000000000001,0.999999999998,1.000000000003,0.999999999997
      ,1.000000000003,0.999999999998,1.000000000001,1.,1.,1.,1.
      ,1.000000000001,0.999999999997,1.000000000004,0.999999999995
      ,1.000000000004,0.999999999997,1.000000000002,0.999999999999,1.,1.
      ,1.,1.,1.000000000001,0.999999999999,1.000000000001,0.999999999999
      ,1.000000000001,1.,1.,1.,1.,1.000000000001,0.999999999999
      ,1.000000000003,0.999999999996,1.000000000004,0.999999999997
      ,1.000000000002,0.999999999999,1.,1.,1.,1.,1.000000000001
      ,0.999999999998,1.000000000002,0.999999999997,1.000000000003
      ,0.999999999998,1.000000000001,1.,1.,1.)
    ,(1.,1.,0.999999999316,0.999999997952,0.999999995898,0.999999993171
      ,0.999999989749,0.999999985655,0.99999998087,0.999999975406
      ,0.999999969257,0.999999962426,0.999999947396,0.999999939199
      ,0.999999930317,0.999999920754,0.999999910504,0.999999899577
      ,0.999999887961,0.999999875666,0.999999862685,0.999999849023
      ,0.999999834676,0.999999789589,0.999999756797,0.999999721275
      ,0.999999683016,0.999999642032,0.999999598306,0.999999551858
      ,0.999999502668,0.999999450752,0.9999993961,0.999999338717
      ,0.999999158369,0.999999027209,0.999998885116,0.999998732099
      ,0.999998568143,0.999998393269,0.999998207454,0.99999801072
      ,0.999997803049,0.999997584453,0.999997354926,0.999996633557
      ,0.999996108929,0.999995540582,0.999994928523,0.999994272741
      ,0.999993573251,0.999992830037,0.999992043114,0.999991212471
      ,0.999990338116,0.999989420044,0.999986534684,0.999984436254
      ,0.999982162967,0.999979714813,0.999977091807,0.999974293921
      ,0.999971321183,0.999968173563,0.99996485108,0.999961353719
      ,0.999957681484,0.999946140146,0.999937746446,0.999928653206
      ,0.999918860352,0.999908367832,0.999897175558,0.999885283489
      ,0.999872691531,0.999859399639,0.999845407732,0.999830715752
      ,0.999784539377,0.999750955343,0.9997145702,0.999675382613
      ,0.99963339127,0.999588594823,0.999540991969,0.999490581358
      ,0.999437361681,0.999381331599,0.999322489792,0.999137525206
      ,0.9990029788,0.99885716836,0.998700066528,0.998531645962
      ,0.998351879288,0.998160739179,0.997958198256,0.997744229185
      ,0.997518804601,0.997281897155,0.996536644169,0.995994045653
      ,0.995405157011,0.994769451305,0.9940864016,0.99335548096
      ,0.992576162449,0.991747919131,0.99087022407,0.989942550329
      ,0.988964370974,0.985876735254,0.983612622223,0.981136749632
      ,0.978442068784,0.975520404203,0.972362305278,0.96895689781
      ,0.965291735671,0.961352652353,0.95712361261,0.952586564034
      ,0.937990737942,0.926952532322,0.914403547361,0.900374815718
      ,0.884261072365,0.866421763052,0.846809297004,0.82521810335
      ,0.804178883396,0.789073484032,0.781444201016,0.781444201016)
    ,(1.,1.,1.,1.,1.,1.,1.000000000001,0.999999999999,1.,1.,1.,1.,1.,1.
      ,0.999999999999,1.000000000001,0.999999999998,1.000000000002
      ,0.999999999999,1.000000000001,1.,1.,1.,1.,1.,1.000000000001
      ,0.999999999998,1.000000000002,0.999999999997,1.000000000002
      ,0.999999999999,1.000000000001,1.,1.,1.,1.000000000001
      ,0.999999999999,1.000000000002,0.999999999997,1.000000000003
      ,0.999999999997,1.000000000002,0.999999999999,1.,1.,1.,1.,1.
      ,1.000000000001,0.999999999999,1.000000000001,0.999999999999
      ,1.000000000001,1.,1.,1.,1.,0.999999999999,1.000000000002
      ,0.999999999997,1.000000000005,0.999999999995,1.000000000005
      ,0.999999999997,1.000000000002,0.999999999999,1.,1.,1.
      ,1.000000000001,0.999999999997,1.000000000004,0.999999999995
      ,1.000000000004,0.999999999997,1.000000000001,1.,1.,1.,1.
      ,1.000000000001,0.999999999998,1.000000000003,0.999999999997
      ,1.000000000003,0.999999999998,1.000000000001,1.,1.,1.,1.
      ,1.000000000001,0.999999999997,1.000000000004,0.999999999995
      ,1.000000000004,0.999999999997,1.000000000002,0.999999999999,1.,1.
      ,1.,1.,1.000000000001,0.999999999999,1.000000000001,0.999999999999
      ,1.000000000001,1.,1.,1.,1.,1.000000000001,0.999999999999
      ,1.000000000003,0.999999999996,1.000000000004,0.999999999997
      ,1.000000000002,0.999999999999,1.,1.,1.,1.,1.000000000001
      ,0.999999999998,1.000000000002,0.999999999997,1.000000000003
,0.999999999998,1.000000000001,1.,1.,1.
))) REPRESENTATION_ITEM('') SURFACE() );
#3008 = CARTESIAN_POINT('',(13.081902789652,-31.37762732834,2.2E-16));
#3009 = CARTESIAN_POINT('',(13.08206706767,-31.37762176894,-1.62825E-12)
  );
#3010 = CARTESIAN_POINT('',(13.081817712843,-31.37845467092,
    -3.13610193E-09));
#3011 = CARTESIAN_POINT('',(13.083091934745,-31.37619914252,
    -9.44568879E-09));
#3012 = CARTESIAN_POINT('',(13.080687651849,-31.38140028363,
    -1.881702927E-08));
#3013 = CARTESIAN_POINT('',(13.084646454291,-31.37370286329,
    -3.146895322E-08));
#3014 = CARTESIAN_POINT('',(13.080423318171,-31.38259098877,
    -4.708494161E-08));
#3015 = CARTESIAN_POINT('',(13.084127102964,-31.37541051362,
    -6.601493829E-08));
#3016 = CARTESIAN_POINT('',(13.082059400823,-31.37992937613,
    -8.796241791E-08));
#3017 = CARTESIAN_POINT('',(13.083089219482,-31.37816927822,
    -1.1311837145E-07));
#3018 = CARTESIAN_POINT('',(13.082947104708,-31.37878479808,
    -1.4139180626E-07));
#3019 = CARTESIAN_POINT('',(13.083088286871,-31.3788260493,
    -1.7281322529E-07));
#3020 = CARTESIAN_POINT('',(13.083303836227,-31.3790439927,
    -2.4193936243E-07));
#3021 = CARTESIAN_POINT('',(13.083411611177,-31.37915296427,
    -2.7964469862E-07));
#3022 = CARTESIAN_POINT('',(13.083519386399,-31.37926193572,
    -3.2049223175E-07));
#3023 = CARTESIAN_POINT('',(13.083627161891,-31.37937090705,
    -3.6448243335E-07));
#3024 = CARTESIAN_POINT('',(13.083734937661,-31.37947987824,
    -4.1161436526E-07));
#3025 = CARTESIAN_POINT('',(13.083842713695,-31.37958884932,
    -4.6188972624E-07));
#3026 = CARTESIAN_POINT('',(13.083950490012,-31.37969782026,
    -5.1530633494E-07));
#3027 = CARTESIAN_POINT('',(13.084058266592,-31.37980679108,
    -5.7186662317E-07));
#3028 = CARTESIAN_POINT('',(13.084166043451,-31.37991576178,
    -6.3156856922E-07));
#3029 = CARTESIAN_POINT('',(13.08427382058,-31.38002473235,
    -6.9441362627E-07));
#3030 = CARTESIAN_POINT('',(13.084381597984,-31.38013370279,
    -7.6040108776E-07));
#3031 = CARTESIAN_POINT('',(13.084704931013,-31.38046061376,
    -9.6779164971E-07));
#3032 = CARTESIAN_POINT('',(13.08492048746,-31.3806785539,
    -1.11862271623E-06));
#3033 = CARTESIAN_POINT('',(13.085136045,-31.38089649355,
    -1.28202465999E-06));
#3034 = CARTESIAN_POINT('',(13.085351603637,-31.3811144327,
    -1.45799833517E-06));
#3035 = CARTESIAN_POINT('',(13.085567163369,-31.38133237135,
    -1.64654282875E-06));
#3036 = CARTESIAN_POINT('',(13.0857827242,-31.38155030951,
    -1.84766074074E-06));
#3037 = CARTESIAN_POINT('',(13.08599828613,-31.38176824718,
    -2.06134908398E-06));
#3038 = CARTESIAN_POINT('',(13.086213849159,-31.38198618436,
    -2.28761210253E-06));
#3039 = CARTESIAN_POINT('',(13.08642941329,-31.38220412105,
    -2.52644642706E-06));
#3040 = CARTESIAN_POINT('',(13.086644978523,-31.38242205726,
    -2.7778551398E-06));
#3041 = CARTESIAN_POINT('',(13.086860544859,-31.38263999297,
    -3.04183702726E-06));
#3042 = CARTESIAN_POINT('',(13.087507247181,-31.38329379867,
    -3.87150496506E-06));
#3043 = CARTESIAN_POINT('',(13.087938386481,-31.38372966719,
    -4.47491292299E-06));
#3044 = CARTESIAN_POINT('',(13.088369530207,-31.38416553378,
    -5.12861885882E-06));
#3045 = CARTESIAN_POINT('',(13.088800678372,-31.38460139846,
    -5.83262755849E-06));
#3046 = CARTESIAN_POINT('',(13.089231830977,-31.38503726123,
    -6.58693770594E-06));
#3047 = CARTESIAN_POINT('',(13.089662988044,-31.3854731221,
    -7.39155800489E-06));
#3048 = CARTESIAN_POINT('',(13.090094149566,-31.38590898109,
    -8.24648408793E-06));
#3049 = CARTESIAN_POINT('',(13.090525315569,-31.38634483821,
    -9.15172547611E-06));
#3050 = CARTESIAN_POINT('',(13.090956486047,-31.38678069346,
    -1.010727952233E-05));
#3051 = CARTESIAN_POINT('',(13.09138766102,-31.38721654686,
    -1.111315238034E-05));
#3052 = CARTESIAN_POINT('',(13.09181884049,-31.38765239841,
    -1.216934501946E-05));
#3053 = CARTESIAN_POINT('',(13.093112392431,-31.3889599476,
    -1.548889238534E-05));
#3054 = CARTESIAN_POINT('',(13.093974778426,-31.38983163974,
    -1.790321489548E-05));
#3055 = CARTESIAN_POINT('',(13.094837182531,-31.39070332465,
    -2.051885185428E-05));
#3056 = CARTESIAN_POINT('',(13.095699604815,-31.39157500241,
    -2.333582447767E-05));
#3057 = CARTESIAN_POINT('',(13.096562045357,-31.39244667312,
    -2.635415868157E-05));
#3058 = CARTESIAN_POINT('',(13.09742450422,-31.39331833686,
    -2.957387267244E-05));
#3059 = CARTESIAN_POINT('',(13.098286981489,-31.39418999372,
    -3.299499496845E-05));
#3060 = CARTESIAN_POINT('',(13.099149477224,-31.39506164379,
    -3.661754276452E-05));
#3061 = CARTESIAN_POINT('',(13.100011991509,-31.39593328716,
    -4.044154346883E-05));
#3062 = CARTESIAN_POINT('',(13.10087452441,-31.39680492392,
    -4.446701697902E-05));
#3063 = CARTESIAN_POINT('',(13.101737076002,-31.39767655415,
    -4.869398759899E-05));
#3064 = CARTESIAN_POINT('',(13.10432478707,-31.40029142553,
    -6.197945783482E-05));
#3065 = CARTESIAN_POINT('',(13.106050002862,-31.40203464739,
    -7.164250125125E-05));
#3066 = CARTESIAN_POINT('',(13.107775294304,-31.40377784422,
    -8.211180943796E-05));
#3067 = CARTESIAN_POINT('',(13.109500661961,-31.4055210167,
    -9.338758076471E-05));
#3068 = CARTESIAN_POINT('',(13.111226106409,-31.40726416553,
    -1.05470020465E-04));
#3069 = CARTESIAN_POINT('',(13.112951628203,-31.40900729139,
    -1.183593223298E-04));
#3070 = CARTESIAN_POINT('',(13.114677227927,-31.41075039498,
    -1.32055695359E-04));
#3071 = CARTESIAN_POINT('',(13.116402906135,-31.41249347698,
    -1.465593321129E-04));
#3072 = CARTESIAN_POINT('',(13.118128663406,-31.41423653809,
    -1.618704396986E-04));
#3073 = CARTESIAN_POINT('',(13.119854500301,-31.415979579,
    -1.77989214737E-04));
#3074 = CARTESIAN_POINT('',(13.121580417392,-31.41772260038,
    -1.949158598841E-04));
#3075 = CARTESIAN_POINT('',(13.126758410955,-31.42295160807,
    -2.481200057121E-04));
#3076 = CARTESIAN_POINT('',(13.130210731022,-31.42643753923,
    -2.868215239175E-04));
#3077 = CARTESIAN_POINT('',(13.133663378972,-31.42992340087,
    -3.287569969402E-04));
#3078 = CARTESIAN_POINT('',(13.137116358316,-31.43340919748,
    -3.739282881365E-04));
#3079 = CARTESIAN_POINT('',(13.140569672593,-31.43689493353,
    -4.223372694786E-04));
#3080 = CARTESIAN_POINT('',(13.144023325296,-31.44038061347,
    -4.739857980045E-04));
#3081 = CARTESIAN_POINT('',(13.147477319982,-31.44386624178,
    -5.288757514502E-04));
#3082 = CARTESIAN_POINT('',(13.150931660135,-31.44735182292,
    -5.870089841874E-04));
#3083 = CARTESIAN_POINT('',(13.154386349306,-31.45083736138,
    -6.483873722086E-04));
#3084 = CARTESIAN_POINT('',(13.157841390996,-31.45432286161,
    -7.130127751556E-04));
#3085 = CARTESIAN_POINT('',(13.161296788737,-31.45780832808,
    -7.808870626141E-04));
#3086 = CARTESIAN_POINT('',(13.171664060661,-31.46826463962,
    -9.942621732739E-04));
#3087 = CARTESIAN_POINT('',(13.178576992519,-31.47523537571,
    -1.149511130019E-03));
#3088 = CARTESIAN_POINT('',(13.185491371813,-31.48220601119,
    -1.317778079343E-03));
#3089 = CARTESIAN_POINT('',(13.192407228744,-31.48917658369,
    -1.499082130979E-03));
#3090 = CARTESIAN_POINT('',(13.199324593497,-31.49614713089,
    -1.693442395141E-03));
#3091 = CARTESIAN_POINT('',(13.206243496284,-31.50311769041,
    -1.900877980346E-03));
#3092 = CARTESIAN_POINT('',(13.213163967281,-31.51008829992,
    -2.121407998457E-03));
#3093 = CARTESIAN_POINT('',(13.220086036704,-31.51705899707,
    -2.355051556532E-03));
#3094 = CARTESIAN_POINT('',(13.227009734732,-31.52402981951,
    -2.601827766951E-03));
#3095 = CARTESIAN_POINT('',(13.233935091572,-31.53100080489,
    -2.861755737488E-03));
#3096 = CARTESIAN_POINT('',(13.240862137414,-31.53797199086,
    -3.134854579E-03));
#3097 = CARTESIAN_POINT('',(13.261648432539,-31.55888626349,
    -3.993721044439E-03));
#3098 = CARTESIAN_POINT('',(13.275512798379,-31.57283002682,
    -4.618974957198E-03));
#3099 = CARTESIAN_POINT('',(13.289384373739,-31.58677513628,
    -5.297146691798E-03));
#3100 = CARTESIAN_POINT('',(13.303263532375,-31.60072202306,
    -6.02847779964E-03));
#3101 = CARTESIAN_POINT('',(13.317150648054,-31.61467111838,
    -6.813209835152E-03));
#3102 = CARTESIAN_POINT('',(13.331046094529,-31.62862285343,
    -7.651584347536E-03));
#3103 = CARTESIAN_POINT('',(13.344950245571,-31.64257765942,
    -8.543842893118E-03));
#3104 = CARTESIAN_POINT('',(13.35886347493,-31.65653596756,
    -9.490227020349E-03));
#3105 = CARTESIAN_POINT('',(13.372786156376,-31.67049820905,
    -1.049097828484E-02));
#3106 = CARTESIAN_POINT('',(13.386718663663,-31.68446481509,
    -1.154633823683E-02));
#3107 = CARTESIAN_POINT('',(13.400661370556,-31.69843621689,
    -1.265654842984E-02));
#3108 = CARTESIAN_POINT('',(13.442521211332,-31.74036610319,
    -1.615245438778E-02));
#3109 = CARTESIAN_POINT('',(13.470470083972,-31.76834029199,
    -1.870172880441E-02));
#3110 = CARTESIAN_POINT('',(13.498464685653,-31.79633925708,
    -2.147337281304E-02));
#3111 = CARTESIAN_POINT('',(13.526508433297,-31.82436684349,
    -2.44710855622E-02));
#3112 = CARTESIAN_POINT('',(13.554604743812,-31.85242689625,
    -2.769856619827E-02));
#3113 = CARTESIAN_POINT('',(13.582757034132,-31.8805232604,
    -3.115951387073E-02));
#3114 = CARTESIAN_POINT('',(13.610968721155,-31.90865978095,
    -3.485762772542E-02));
#3115 = CARTESIAN_POINT('',(13.639243221819,-31.93684030294,
    -3.879660691164E-02));
#3116 = CARTESIAN_POINT('',(13.667583953026,-31.9650686714,
    -4.298015057609E-02));
#3117 = CARTESIAN_POINT('',(13.695994331705,-31.99334873135,
    -4.741195786693E-02));
#3118 = CARTESIAN_POINT('',(13.724477774768,-32.02168432783,
    -5.209572793181E-02));
#3119 = CARTESIAN_POINT('',(13.81015754787,-32.10686926193,
    -6.691402389149E-02));
#3120 = CARTESIAN_POINT('',(13.867585815757,-32.16389949166,
    -7.78225486953E-02));
#3121 = CARTESIAN_POINT('',(13.925350785405,-32.22120105144,
    -8.980652599573E-02));
#3122 = CARTESIAN_POINT('',(13.983484297476,-32.2788090357,
    -0.102914073932));
#3123 = CARTESIAN_POINT('',(14.042022073711,-32.33676244966,
    -0.1171987373));
#3124 = CARTESIAN_POINT('',(14.101004039957,-32.39510408209,
    -0.132722587779));
#3125 = CARTESIAN_POINT('',(14.160474649194,-32.45388037802,
    -0.149559324094));
#3126 = CARTESIAN_POINT('',(14.220483204556,-32.51314131154,
    -0.167797372251));
#3127 = CARTESIAN_POINT('',(14.281084182371,-32.57294025851,
    -0.187542985706));
#3128 = CARTESIAN_POINT('',(14.34233755517,-32.63333386931,
    -0.208923345589));
#3129 = CARTESIAN_POINT('',(14.404309114728,-32.69438194162,
    -0.232089660881));
#3130 = CARTESIAN_POINT('',(14.592594155785,-32.87967799617,
    -0.307481484128));
#3131 = CARTESIAN_POINT('',(14.721184001874,-33.00606335701,
    -0.365498136084));
#3132 = CARTESIAN_POINT('',(14.854073647388,-33.13587926256,
    -0.433533454321));
#3133 = CARTESIAN_POINT('',(14.989272459559,-33.26866614109,
    -0.511158734243));
#3134 = CARTESIAN_POINT('',(15.131611957193,-33.40618437732,
    -0.604565885971));
#3135 = CARTESIAN_POINT('',(15.277398477952,-33.54622537548,
    -0.715819557963));
#3136 = CARTESIAN_POINT('',(15.425125723397,-33.68751751892,
    -0.847699560872));
#3137 = CARTESIAN_POINT('',(15.577638192582,-33.82830371712,
    -1.010942792014));
#3138 = CARTESIAN_POINT('',(15.722538629434,-33.95536646327,
    -1.217863809131));
#3139 = CARTESIAN_POINT('',(15.826843110087,-34.04491124712,
    -1.465898466889));
#3140 = CARTESIAN_POINT('',(15.879250256515,-34.09006367879,
    -1.732959454391));
#3141 = CARTESIAN_POINT('',(15.879250256515,-34.09006367879,-2.));
#3142 = CARTESIAN_POINT('',(13.081902793137,-31.37762733231,3.3E-16));
#3143 = CARTESIAN_POINT('',(13.082089213096,-31.37757687811,-8.209E-13)
  );
#3144 = CARTESIAN_POINT('',(13.081862000088,-31.37836489623,
    -5.87556104E-09));
#3145 = CARTESIAN_POINT('',(13.083158365121,-31.37606448097,
    -1.762690671E-08));
#3146 = CARTESIAN_POINT('',(13.080776221668,-31.38122074234,
    -3.524775405E-08));
#3147 = CARTESIAN_POINT('',(13.084757169535,-31.37347842979,
    -5.875194364E-08));
#3148 = CARTESIAN_POINT('',(13.080556170783,-31.38232167904,
    -8.811958441E-08));
#3149 = CARTESIAN_POINT('',(13.084282100474,-31.37509631203,
    -1.2337267274E-07));
#3150 = CARTESIAN_POINT('',(13.082236537467,-31.37957029402,
    -1.644926757E-07));
#3151 = CARTESIAN_POINT('',(13.083288498131,-31.37776530942,
    -2.1149163643E-07));
#3152 = CARTESIAN_POINT('',(13.083168524061,-31.37833594487,
    -2.6436377032E-07));
#3153 = CARTESIAN_POINT('',(13.083331847054,-31.37833231107,
    -3.2311115949E-07));
#3154 = CARTESIAN_POINT('',(13.083591677699,-31.37846048448,
    -4.5235557911E-07));
#3155 = CARTESIAN_POINT('',(13.083721593141,-31.37852457101,
    -5.2285264895E-07));
#3156 = CARTESIAN_POINT('',(13.083851508701,-31.37858865738,
    -5.9922471063E-07));
#3157 = CARTESIAN_POINT('',(13.083981424381,-31.37865274356,
    -6.8147155374E-07));
#3158 = CARTESIAN_POINT('',(13.084111340177,-31.37871682958,
    -7.6959369455E-07));
#3159 = CARTESIAN_POINT('',(13.084241256093,-31.37878091542,
    -8.6359045481E-07));
#3160 = CARTESIAN_POINT('',(13.084371172126,-31.3788450011,
    -9.6346276812E-07));
#3161 = CARTESIAN_POINT('',(13.084501088276,-31.37890908659,
    -1.06920975251E-06));
#3162 = CARTESIAN_POINT('',(13.084631004544,-31.37897317192,
    -1.18083222855E-06));
#3163 = CARTESIAN_POINT('',(13.084760920928,-31.37903725707,
    -1.29832969953E-06));
#3164 = CARTESIAN_POINT('',(13.084890837429,-31.37910134205,
    -1.4217024964E-06));
#3165 = CARTESIAN_POINT('',(13.085280587295,-31.37929359648,
    -1.8094466564E-06));
#3166 = CARTESIAN_POINT('',(13.085540421011,-31.3794217654,
    -2.09144387675E-06));
#3167 = CARTESIAN_POINT('',(13.085800255196,-31.37954993364,
    -2.39694252135E-06));
#3168 = CARTESIAN_POINT('',(13.08606008984,-31.37967810118,
    -2.72594296058E-06));
#3169 = CARTESIAN_POINT('',(13.086319924956,-31.37980626803,
    -3.0784453412E-06));
#3170 = CARTESIAN_POINT('',(13.086579760523,-31.37993443418,
    -3.45445033267E-06));
#3171 = CARTESIAN_POINT('',(13.086839596559,-31.38006259964,
    -3.85395781355E-06));
#3172 = CARTESIAN_POINT('',(13.087099433045,-31.3801907644,
    -4.27696847682E-06));
#3173 = CARTESIAN_POINT('',(13.087359269992,-31.38031892846,
    -4.72348248004E-06));
#3174 = CARTESIAN_POINT('',(13.08761910739,-31.38044709182,
    -5.19350010775E-06));
#3175 = CARTESIAN_POINT('',(13.087878945242,-31.38057525449,
    -5.68702182902E-06));
#3176 = CARTESIAN_POINT('',(13.088658460241,-31.38095974042,
    -7.23809999847E-06));
#3177 = CARTESIAN_POINT('',(13.089178138757,-31.3812160616,
    -8.36616993871E-06));
#3178 = CARTESIAN_POINT('',(13.089697819078,-31.38147237998,
    -9.58825858488E-06));
#3179 = CARTESIAN_POINT('',(13.090217501188,-31.38172869556,
    -1.090437295515E-05));
#3180 = CARTESIAN_POINT('',(13.090737185076,-31.38198500831,
    -1.231450709083E-05));
#3181 = CARTESIAN_POINT('',(13.091256870721,-31.38224131825,
    -1.38186767199E-05));
#3182 = CARTESIAN_POINT('',(13.091776558117,-31.38249762535,
    -1.541686842921E-05));
#3183 = CARTESIAN_POINT('',(13.092296247242,-31.38275392962,
    -1.710910077835E-05));
#3184 = CARTESIAN_POINT('',(13.092815938088,-31.38301023105,
    -1.889536364497E-05));
#3185 = CARTESIAN_POINT('',(13.093335630635,-31.38326652963,
    -2.077566786629E-05));
#3186 = CARTESIAN_POINT('',(13.093855324872,-31.38352282534,
    -2.275001203411E-05));
#3187 = CARTESIAN_POINT('',(13.095414413355,-31.38429170427,
    -2.895517970469E-05));
#3188 = CARTESIAN_POINT('',(13.096453812763,-31.38480427896,
    -3.346813523841E-05));
#3189 = CARTESIAN_POINT('',(13.097493218891,-31.38531684219,
    -3.835728845181E-05));
#3190 = CARTESIAN_POINT('',(13.098532631621,-31.38582939393,
    -4.362266123792E-05));
#3191 = CARTESIAN_POINT('',(13.09957205084,-31.38634193409,
    -4.926427463769E-05));
#3192 = CARTESIAN_POINT('',(13.100611476427,-31.38685446264,
    -5.528215180017E-05));
#3193 = CARTESIAN_POINT('',(13.101650908273,-31.3873669795,
    -6.167631286125E-05));
#3194 = CARTESIAN_POINT('',(13.102690346254,-31.38787948464,
    -6.844678192175E-05));
#3195 = CARTESIAN_POINT('',(13.103729790261,-31.38839197797,
    -7.559357925113E-05));
#3196 = CARTESIAN_POINT('',(13.104769240173,-31.38890445947,
    -8.311672846817E-05));
#3197 = CARTESIAN_POINT('',(13.105808695877,-31.38941692905,
    -9.101625113972E-05));
#3198 = CARTESIAN_POINT('',(13.108927086009,-31.39095430487,
    -1.158440555984E-04));
#3199 = CARTESIAN_POINT('',(13.111006038597,-31.39197917577,
    -1.33901543065E-04));
#3200 = CARTESIAN_POINT('',(13.113085014059,-31.39300399889,
    -1.534648159643E-04));
#3201 = CARTESIAN_POINT('',(13.115164011433,-31.39402877379,
    -1.745340565252E-04));
#3202 = CARTESIAN_POINT('',(13.117243029759,-31.39505349997,
    -1.971094544741E-04));
#3203 = CARTESIAN_POINT('',(13.119322068077,-31.39607817699,
    -2.21191191612E-04));
#3204 = CARTESIAN_POINT('',(13.121401125426,-31.39710280437,
    -2.4677946358E-04));
#3205 = CARTESIAN_POINT('',(13.123480200845,-31.39812738163,
    -2.73874454772E-04));
#3206 = CARTESIAN_POINT('',(13.125559293375,-31.39915190833,
    -3.02476362113E-04));
#3207 = CARTESIAN_POINT('',(13.127638402054,-31.40017638397,
    -3.325853765304E-04));
#3208 = CARTESIAN_POINT('',(13.129717525922,-31.40120080811,
    -3.642016947258E-04));
#3209 = CARTESIAN_POINT('',(13.13595498821,-31.40427394823,
    -4.635739148108E-04));
#3210 = CARTESIAN_POINT('',(13.14011337974,-31.40632251335,
    -5.358526890157E-04));
#3211 = CARTESIAN_POINT('',(13.144271829489,-31.40837087127,
    -6.141634029567E-04));
#3212 = CARTESIAN_POINT('',(13.148430328334,-31.41041901759,
    -6.98507648647E-04));
#3213 = CARTESIAN_POINT('',(13.152588867157,-31.41246694793,
    -7.888870447633E-04));
#3214 = CARTESIAN_POINT('',(13.156747436834,-31.41451465793,
    -8.853032332331E-04));
#3215 = CARTESIAN_POINT('',(13.160906028254,-31.41656214319,
    -9.87757884285E-04));
#3216 = CARTESIAN_POINT('',(13.16506463229,-31.41860939934,
    -1.09625269075E-03));
#3217 = CARTESIAN_POINT('',(13.169223239833,-31.42065642198,
    -1.210789373082E-03));
#3218 = CARTESIAN_POINT('',(13.173381841762,-31.42270320675,
    -1.331369676096E-03));
#3219 = CARTESIAN_POINT('',(13.177540428963,-31.42474974925,
    -1.457995370464E-03));
#3220 = CARTESIAN_POINT('',(13.190016503171,-31.43088882582,
    -1.856026271686E-03));
#3221 = CARTESIAN_POINT('',(13.198333964674,-31.43498064229,
    -2.145577275586E-03));
#3222 = CARTESIAN_POINT('',(13.206651304903,-31.43907146027,
    -2.459335328773E-03));
#3223 = CARTESIAN_POINT('',(13.214968451954,-31.44316124552,
    -2.797314903646E-03));
#3224 = CARTESIAN_POINT('',(13.223285333971,-31.4472499638,
    -3.159530889662E-03));
#3225 = CARTESIAN_POINT('',(13.231601879101,-31.45133758088,
    -3.545998579373E-03));
#3226 = CARTESIAN_POINT('',(13.239918015548,-31.4554240625,
    -3.956733689902E-03));
#3227 = CARTESIAN_POINT('',(13.248233671507,-31.45950937442,
    -4.391752340128E-03));
#3228 = CARTESIAN_POINT('',(13.256548775224,-31.46359348239,
    -4.851071074152E-03));
#3229 = CARTESIAN_POINT('',(13.264863254944,-31.46767635214,
    -5.33470684415E-03));
#3230 = CARTESIAN_POINT('',(13.273177038943,-31.47175794942,
    -5.842677023283E-03));
#3231 = CARTESIAN_POINT('',(13.298119166514,-31.48400033173,
    -7.439841245296E-03));
#3232 = CARTESIAN_POINT('',(13.314745783348,-31.49215747145,
    -8.60214321511E-03));
#3233 = CARTESIAN_POINT('',(13.331369439516,-31.50030944416,
    -9.862072686591E-03));
#3234 = CARTESIAN_POINT('',(13.347989669893,-31.50845603529,
    -1.121980387161E-02));
#3235 = CARTESIAN_POINT('',(13.364606010646,-31.5165970307,
    -1.267551786367E-02));
#3236 = CARTESIAN_POINT('',(13.38121799922,-31.52473221662,
    -1.422940269925E-02));
#3237 = CARTESIAN_POINT('',(13.397825174228,-31.5328613796,
    -1.588165339852E-02));
#3238 = CARTESIAN_POINT('',(13.41442707547,-31.54098430654,
    -1.763247203814E-02));
#3239 = CARTESIAN_POINT('',(13.431023243808,-31.54910078462,
    -1.948206778925E-02));
#3240 = CARTESIAN_POINT('',(13.447613221171,-31.5572106013,
    -2.143065699256E-02));
#3241 = CARTESIAN_POINT('',(13.464196550466,-31.56531354428,
    -2.34784632056E-02));
#3242 = CARTESIAN_POINT('',(13.513950018517,-31.58961322472,
    -2.992343701992E-02));
#3243 = CARTESIAN_POINT('',(13.547105632136,-31.60579185444,
    -3.462022355362E-02));
#3244 = CARTESIAN_POINT('',(13.5802346974,-31.62194311036,
    -3.971826713916E-02));
#3245 = CARTESIAN_POINT('',(13.61333234693,-31.63806483386,
    -4.521988543415E-02));
#3246 = CARTESIAN_POINT('',(13.646393762675,-31.65415488687,
    -5.11275270903E-02));
#3247 = CARTESIAN_POINT('',(13.679414173629,-31.67021115075,
    -5.744377546844E-02));
#3248 = CARTESIAN_POINT('',(13.712388853463,-31.68623152518,
    -6.417135252044E-02));
#3249 = CARTESIAN_POINT('',(13.745313118213,-31.70221392702,
    -7.131312278115E-02));
#3250 = CARTESIAN_POINT('',(13.778182323841,-31.71815628915,
    -7.887209754831E-02));
#3251 = CARTESIAN_POINT('',(13.810991863856,-31.73405655932,
    -8.685143919277E-02));
#3252 = CARTESIAN_POINT('',(13.843737166829,-31.74991269893,
    -9.525446565875E-02));
#3253 = CARTESIAN_POINT('',(13.941971425244,-31.79744167737,
    -0.121800344042));
#3254 = CARTESIAN_POINT('',(14.007286663631,-31.82899208682,
    -0.141247876784));
#3255 = CARTESIAN_POINT('',(14.072309113955,-31.86035205493,
    -0.162456631984));
#3256 = CARTESIAN_POINT('',(14.136987539298,-31.89149945039,
    -0.1854603576));
#3257 = CARTESIAN_POINT('',(14.201267926473,-31.92241116685,
    -0.210296756131));
#3258 = CARTESIAN_POINT('',(14.265091657837,-31.95306243067,
    -0.23700713372));
#3259 = CARTESIAN_POINT('',(14.328393675993,-31.98342611025,
    -0.265636121215));
#3260 = CARTESIAN_POINT('',(14.391100625748,-32.01347202057,
    -0.296231476596));
#3261 = CARTESIAN_POINT('',(14.4531289548,-32.04316621584,
    -0.328843979386));
#3262 = CARTESIAN_POINT('',(14.514382950999,-32.07247026157,
    -0.363527429451));
#3263 = CARTESIAN_POINT('',(14.574752689344,-32.10134047562,
    -0.400338764405));
#3264 = CARTESIAN_POINT('',(14.754677533927,-32.18738386028,
    -0.518551131396));
#3265 = CARTESIAN_POINT('',(14.871647578652,-32.24331502378,
    -0.60719156189));
#3266 = CARTESIAN_POINT('',(14.983722546351,-32.29703385235,
    -0.705710113474));
#3267 = CARTESIAN_POINT('',(15.090319465129,-32.34822961335,
    -0.815425087663));
#3268 = CARTESIAN_POINT('',(15.187750258664,-32.3956384213,
    -0.935994076814));
#3269 = CARTESIAN_POINT('',(15.275440468898,-32.43890120252,
    -1.068509039742));
#3270 = CARTESIAN_POINT('',(15.349979103983,-32.47668821793,
    -1.213603764178));
#3271 = CARTESIAN_POINT('',(15.404016673733,-32.50639181656,
    -1.368382156405));
#3272 = CARTESIAN_POINT('',(15.436110357965,-32.52697769991,
    -1.525909314099));
#3273 = CARTESIAN_POINT('',(15.455768559641,-32.54049539429,
    -1.680520752048));
#3274 = CARTESIAN_POINT('',(15.465921584663,-32.54750007521,
    -1.838841944019));
#3275 = CARTESIAN_POINT('',(15.465921584663,-32.54750007521,-2.));
#3276 = CARTESIAN_POINT('',(13.081902798406,-31.37762733266,0.));
#3277 = CARTESIAN_POINT('',(13.082111358523,-31.37753198729,-2.132E-14)
  );
#3278 = CARTESIAN_POINT('',(13.081906287333,-31.37827512155,
    -3.14468673E-09));
#3279 = CARTESIAN_POINT('',(13.083224795495,-31.37592981942,
    -9.42096934E-09));
#3280 = CARTESIAN_POINT('',(13.0808647915,-31.38104120103,
    -1.886415157E-08));
#3281 = CARTESIAN_POINT('',(13.084867884756,-31.37325399634,
    -3.140615445E-08));
#3282 = CARTESIAN_POINT('',(13.080689023446,-31.38205236922,
    -4.714571877E-08));
#3283 = CARTESIAN_POINT('',(13.084437097967,-31.37478211053,
    -6.597377289E-08));
#3284 = CARTESIAN_POINT('',(13.082413674172,-31.37921121188,
    -8.798277307E-08));
#3285 = CARTESIAN_POINT('',(13.083487776828,-31.37736134068,
    -1.1311342518E-07));
#3286 = CARTESIAN_POINT('',(13.0833899435,-31.37788709171,
    -1.4139391957E-07));
#3287 = CARTESIAN_POINT('',(13.083575407354,-31.37783857291,
    -1.72814965E-07));
#3288 = CARTESIAN_POINT('',(13.083879519367,-31.37787697636,
    -2.419421723E-07));
#3289 = CARTESIAN_POINT('',(13.084031575346,-31.37789617787,
    -2.7964792904E-07));
#3290 = CARTESIAN_POINT('',(13.084183631299,-31.37791537917,
    -3.2049690624E-07));
#3291 = CARTESIAN_POINT('',(13.084335687224,-31.37793458026,
    -3.6448631346E-07));
#3292 = CARTESIAN_POINT('',(13.084487743125,-31.37795378113,
    -4.1162188713E-07));
#3293 = CARTESIAN_POINT('',(13.084639798998,-31.37797298178,
    -4.618948195E-07));
#3294 = CARTESIAN_POINT('',(13.084791854846,-31.37799218222,
    -5.1531622669E-07));
#3295 = CARTESIAN_POINT('',(13.084943910668,-31.37801138245,
    -5.7187493263E-07));
#3296 = CARTESIAN_POINT('',(13.085095966465,-31.37803058247,
    -6.3158022057E-07));
#3297 = CARTESIAN_POINT('',(13.085248022237,-31.37804978227,
    -6.9442606221E-07));
#3298 = CARTESIAN_POINT('',(13.085400077984,-31.37806898186,
    -7.6041560537E-07));
#3299 = CARTESIAN_POINT('',(13.085856245151,-31.37812657997,
    -9.6781208847E-07));
#3300 = CARTESIAN_POINT('',(13.086160356497,-31.37816497786,
    -1.11864788743E-06));
#3301 = CARTESIAN_POINT('',(13.086464467746,-31.3782033749,
    -1.28205529348E-06));
#3302 = CARTESIAN_POINT('',(13.086768578902,-31.37824177107,
    -1.45803510809E-06));
#3303 = CARTESIAN_POINT('',(13.087072689963,-31.3782801664,
    -1.64658721524E-06));
#3304 = CARTESIAN_POINT('',(13.087376800935,-31.37831856086,
    -1.84771258005E-06));
#3305 = CARTESIAN_POINT('',(13.087680911816,-31.37835695448,
    -2.06141105308E-06));
#3306 = CARTESIAN_POINT('',(13.087985022612,-31.37839534723,
    -2.28768350852E-06));
#3307 = CARTESIAN_POINT('',(13.088289133321,-31.37843373914,
    -2.52652996435E-06));
#3308 = CARTESIAN_POINT('',(13.088593243948,-31.37847213018,
    -2.7779510996E-06));
#3309 = CARTESIAN_POINT('',(13.088897354493,-31.37851052038,
    -3.04194713274E-06));
#3310 = CARTESIAN_POINT('',(13.089809685889,-31.37862568839,
    -3.87166139315E-06));
#3311 = CARTESIAN_POINT('',(13.090417906502,-31.37870246365,
    -4.47510554158E-06));
#3312 = CARTESIAN_POINT('',(13.091026126811,-31.37877923549,
    -5.12885459969E-06));
#3313 = CARTESIAN_POINT('',(13.091634346835,-31.37885600391,
    -5.8329109297E-06));
#3314 = CARTESIAN_POINT('',(13.092242566582,-31.37893276891,
    -6.58727961544E-06));
#3315 = CARTESIAN_POINT('',(13.092850786077,-31.37900953051,
    -7.39196090604E-06));
#3316 = CARTESIAN_POINT('',(13.093459005324,-31.37908628868,
    -8.24696216151E-06));
#3317 = CARTESIAN_POINT('',(13.094067224349,-31.37916304345,
    -9.15228208298E-06));
#3318 = CARTESIAN_POINT('',(13.094675443157,-31.3792397948,
    -1.010792799827E-05));
#3319 = CARTESIAN_POINT('',(13.095283661771,-31.37931654273,
    -1.111390033126E-05));
#3320 = CARTESIAN_POINT('',(13.095891880203,-31.37939328726,
    -1.217020382338E-05));
#3321 = CARTESIAN_POINT('',(13.097716534997,-31.37962351061,
    -1.549011600277E-05));
#3322 = CARTESIAN_POINT('',(13.098932970862,-31.37977697921,
    -1.790472562024E-05));
#3323 = CARTESIAN_POINT('',(13.100149406181,-31.37993043417,
    -2.05206981635E-05));
#3324 = CARTESIAN_POINT('',(13.101365841074,-31.3800838755,
    -2.333805852761E-05));
#3325 = CARTESIAN_POINT('',(13.102582275661,-31.38023730321,
    -2.635683858165E-05));
#3326 = CARTESIAN_POINT('',(13.103798710064,-31.3803907173,
    -2.957705853068E-05));
#3327 = CARTESIAN_POINT('',(13.105015144399,-31.3805441178,
    -3.299875424645E-05));
#3328 = CARTESIAN_POINT('',(13.10623157879,-31.38069750468,
    -3.662194433907E-05));
#3329 = CARTESIAN_POINT('',(13.107448013354,-31.38085087798,
    -4.044666313874E-05));
#3330 = CARTESIAN_POINT('',(13.108664448213,-31.38100423768,
    -4.447293320164E-05));
#3331 = CARTESIAN_POINT('',(13.109880883485,-31.38115758381,
    -4.870078418007E-05));
#3332 = CARTESIAN_POINT('',(13.113530190904,-31.38161758146,
    -6.198915902589E-05));
#3333 = CARTESIAN_POINT('',(13.115963064707,-31.38192419227,
    -7.165449036683E-05));
#3334 = CARTESIAN_POINT('',(13.11839594162,-31.38223074883,
    -8.212647367467E-05));
#3335 = CARTESIAN_POINT('',(13.120828822554,-31.3825372512,
    -9.340534239444E-05));
#3336 = CARTESIAN_POINT('',(13.123261708434,-31.38284369942,
    -1.05491338481E-04));
#3337 = CARTESIAN_POINT('',(13.125694600162,-31.38315009353,
    -1.183846890973E-04));
#3338 = CARTESIAN_POINT('',(13.128127498671,-31.38345643358,
    -1.320856420778E-04));
#3339 = CARTESIAN_POINT('',(13.130560404863,-31.38376271963,
    -1.465944215666E-04));
#3340 = CARTESIAN_POINT('',(13.132993319663,-31.38406895171,
    -1.619112740647E-04));
#3341 = CARTESIAN_POINT('',(13.135426243983,-31.38437512987,
    -1.780364288325E-04));
#3342 = CARTESIAN_POINT('',(13.13785917874,-31.38468125417,
    -1.94970125763E-04));
#3343 = CARTESIAN_POINT('',(13.145158017073,-31.38559946559,
    -2.481975477205E-04));
#3344 = CARTESIAN_POINT('',(13.150023956654,-31.38621139149,
    -2.869174133852E-04));
#3345 = CARTESIAN_POINT('',(13.154889949211,-31.3868231025,
    -3.288743484657E-04));
#3346 = CARTESIAN_POINT('',(13.159756000358,-31.38743459877,
    -3.740705017881E-04));
#3347 = CARTESIAN_POINT('',(13.164622115716,-31.38804588046,
    -4.225080289506E-04));
#3348 = CARTESIAN_POINT('',(13.169488300892,-31.38865694771,
    -4.741890738588E-04));
#3349 = CARTESIAN_POINT('',(13.174354561514,-31.38926780069,
    -5.291157962917E-04));
#3350 = CARTESIAN_POINT('',(13.179220903187,-31.38987843954,
    -5.8729033867E-04));
#3351 = CARTESIAN_POINT('',(13.184087331535,-31.39048886441,
    -6.487148588308E-04));
#3352 = CARTESIAN_POINT('',(13.188953852169,-31.39109907547,
    -7.133915035205E-04));
#3353 = CARTESIAN_POINT('',(13.193820470708,-31.39170907285,
    -7.813224258403E-04));
#3354 = CARTESIAN_POINT('',(13.208420636883,-31.39353842446,
    -9.948844766955E-04));
#3355 = CARTESIAN_POINT('',(13.218154464484,-31.39475713444,
    -1.150280686303E-03));
#3356 = CARTESIAN_POINT('',(13.227888723938,-31.3959749882,
    -1.318719846289E-03));
#3357 = CARTESIAN_POINT('',(13.237623463616,-31.39719198727,
    -1.500223394564E-03));
#3358 = CARTESIAN_POINT('',(13.247358731887,-31.39840813318,
    -1.694812776769E-03));
#3359 = CARTESIAN_POINT('',(13.257094577122,-31.39962342746,
    -1.902509425198E-03));
#3360 = CARTESIAN_POINT('',(13.266831047691,-31.40083787164,
    -2.123334790584E-03));
#3361 = CARTESIAN_POINT('',(13.276568191963,-31.40205146725,
    -2.357310302905E-03));
#3362 = CARTESIAN_POINT('',(13.28630605831,-31.40326421583,
    -2.60445741129E-03));
#3363 = CARTESIAN_POINT('',(13.2960446951,-31.40447611891,
    -2.864797550429E-03));
#3364 = CARTESIAN_POINT('',(13.305784150705,-31.40568717801,
    -3.138352163768E-03));
#3365 = CARTESIAN_POINT('',(13.335005119071,-31.409317828,
    -3.998723744402E-03));
#3366 = CARTESIAN_POINT('',(13.354489181207,-31.41173488864,
    -4.625162543734E-03));
#3367 = CARTESIAN_POINT('',(13.373977231961,-31.41414860855,
    -5.304721285289E-03));
#3368 = CARTESIAN_POINT('',(13.393469843394,-31.41655901966,
    -6.037662166612E-03));
#3369 = CARTESIAN_POINT('',(13.412967587562,-31.41896615392,
    -6.824247383893E-03));
#3370 = CARTESIAN_POINT('',(13.432471036529,-31.42137004328,
    -7.664739135125E-03));
#3371 = CARTESIAN_POINT('',(13.45198076235,-31.42377071967,
    -8.559399616163E-03));
#3372 = CARTESIAN_POINT('',(13.471497337089,-31.42616821505,
    -9.508491025083E-03));
#3373 = CARTESIAN_POINT('',(13.491021332801,-31.42856256135,
    -1.051227555801E-02));
#3374 = CARTESIAN_POINT('',(13.510553321549,-31.43095379052,
    -1.157101541246E-02));
#3375 = CARTESIAN_POINT('',(13.530093875392,-31.4333419345,
    -1.268497278519E-02));
#3376 = CARTESIAN_POINT('',(13.58874294838,-31.44049720672,
    -1.619328404931E-02));
#3377 = CARTESIAN_POINT('',(13.627879022749,-31.44525527901,
    -1.875231907273E-02));
#3378 = CARTESIAN_POINT('',(13.667056847585,-31.45000147496,
    -2.153543471794E-02));
#3379 = CARTESIAN_POINT('',(13.706281480982,-31.45473602743,
    -2.454655076187E-02));
#3380 = CARTESIAN_POINT('',(13.745557981031,-31.45945916926,
    -2.778958697595E-02));
#3381 = CARTESIAN_POINT('',(13.784891405828,-31.46417113331,
    -3.1268463141E-02));
#3382 = CARTESIAN_POINT('',(13.82428681346,-31.46887215243,
    -3.498709902506E-02));
#3383 = CARTESIAN_POINT('',(13.863749262025,-31.47356245946,
    -3.894941441024E-02));
#3384 = CARTESIAN_POINT('',(13.90328380961,-31.47824228727,
    -4.315932906608E-02));
#3385 = CARTESIAN_POINT('',(13.942895514312,-31.48291186869,
    -4.762076277117E-02));
#3386 = CARTESIAN_POINT('',(13.982589434221,-31.48757143659,
    -5.233763529898E-02));
#3387 = CARTESIAN_POINT('',(14.101933013849,-31.50152079825,
    -6.726632867735E-02));
#3388 = CARTESIAN_POINT('',(14.181847970241,-31.51078106529,
    -7.826371224082E-02));
#3389 = CARTESIAN_POINT('',(14.262155523826,-31.52000364161,
    -9.035378226698E-02));
#3390 = CARTESIAN_POINT('',(14.342901347498,-31.52919030175,
    -0.103587072016));
#3391 = CARTESIAN_POINT('',(14.424136486491,-31.53834318016,
    -0.118019960502));
#3392 = CARTESIAN_POINT('',(14.505917085095,-31.54746497346,
    -0.133717750185));
#3393 = CARTESIAN_POINT('',(14.588304113314,-31.55655914248,
    -0.15075774459));
#3394 = CARTESIAN_POINT('',(14.671363093583,-31.5656301145,
    -0.169232326019));
#3395 = CARTESIAN_POINT('',(14.755163827434,-31.57468348533,
    -0.189252033164));
#3396 = CARTESIAN_POINT('',(14.839780122196,-31.5837262215,
    -0.210948638809));
#3397 = CARTESIAN_POINT('',(14.925289517677,-31.59276686235,
    -0.234478227465));
#3398 = CARTESIAN_POINT('',(15.184740003216,-31.61991344206,
    -0.311116364206));
#3399 = CARTESIAN_POINT('',(15.361545378939,-31.63800679359,
    -0.370184894644));
#3400 = CARTESIAN_POINT('',(15.543203444165,-31.65644981402,
    -0.439447428093));
#3401 = CARTESIAN_POINT('',(15.728331500966,-31.67451665391,
    -0.518732931981));
#3402 = CARTESIAN_POINT('',(15.920383691729,-31.69376922999,
    -0.613987074936));
#3403 = CARTESIAN_POINT('',(16.115742885931,-31.71333187713,
    -0.727214198773));
#3404 = CARTESIAN_POINT('',(16.312157233672,-31.73305219969,
    -0.861424642932));
#3405 = CARTESIAN_POINT('',(16.508520742265,-31.75486603248,
    -1.026759199004));
#3406 = CARTESIAN_POINT('',(16.687622138579,-31.77764095551,
    -1.233409569236));
#3407 = CARTESIAN_POINT('',(16.814776352726,-31.79456888801,
    -1.477193695739));
#3408 = CARTESIAN_POINT('',(16.878761195302,-31.80303563908,
    -1.738626617441));
#3409 = CARTESIAN_POINT('',(16.878761195301,-31.80303563908,-2.));
#3410 = ADVANCED_FACE('',(#3411),#3417,.T.);
#3411 = FACE_BOUND('',#3412,.T.);
#3412 = EDGE_LOOP('',(#3413,#3414,#3415,#3416));
#3413 = ORIENTED_EDGE('',*,*,#2228,.F.);
#3414 = ORIENTED_EDGE('',*,*,#1908,.T.);
#3415 = ORIENTED_EDGE('',*,*,#2822,.T.);
#3416 = ORIENTED_EDGE('',*,*,#2983,.F.);
#3417 = CYLINDRICAL_SURFACE('',#3418,36.207281191572);
#3418 = AXIS2_PLACEMENT_3D('',#3419,#3420,#3421);
#3419 = CARTESIAN_POINT('',(-2.48E-15,0.229364080538,0.));
#3420 = DIRECTION('',(0.,0.,1.));
#3421 = DIRECTION('',(1.,0.,0.));
#3422 = ADVANCED_FACE('',(#3423),#3428,.F.);
#3423 = FACE_BOUND('',#3424,.F.);
#3424 = EDGE_LOOP('',(#3425,#3426,#3427));
#3425 = ORIENTED_EDGE('',*,*,#1916,.T.);
#3426 = ORIENTED_EDGE('',*,*,#2685,.T.);
#3427 = ORIENTED_EDGE('',*,*,#1935,.F.);
#3428 = ( BOUNDED_SURFACE() B_SPLINE_SURFACE(2,12,(
    (#3429,#3430,#3431,#3432,#3433,#3434,#3435,#3436,#3437,#3438,#3439
      ,#3440,#3441,#3442,#3443,#3444,#3445,#3446,#3447,#3448,#3449,#3450
      ,#3451,#3452,#3453,#3454,#3455,#3456,#3457,#3458,#3459,#3460,#3461
      ,#3462,#3463,#3464,#3465,#3466,#3467,#3468,#3469,#3470,#3471,#3472
      ,#3473,#3474,#3475,#3476,#3477,#3478,#3479,#3480,#3481,#3482,#3483
      ,#3484,#3485,#3486,#3487,#3488,#3489,#3490,#3491,#3492,#3493,#3494
      ,#3495,#3496,#3497,#3498,#3499,#3500,#3501,#3502,#3503,#3504,#3505
      ,#3506,#3507,#3508,#3509,#3510,#3511,#3512,#3513,#3514,#3515,#3516
      ,#3517,#3518,#3519,#3520,#3521,#3522,#3523,#3524,#3525,#3526,#3527
      ,#3528,#3529,#3530,#3531,#3532,#3533,#3534,#3535,#3536,#3537,#3538
      ,#3539,#3540,#3541,#3542,#3543,#3544,#3545,#3546,#3547,#3548,#3549
      ,#3550,#3551,#3552,#3553,#3554,#3555,#3556,#3557,#3558,#3559,#3560
      ,#3561,#3562)
    ,(#3563,#3564,#3565,#3566,#3567,#3568,#3569,#3570,#3571,#3572,#3573
      ,#3574,#3575,#3576,#3577,#3578,#3579,#3580,#3581,#3582,#3583,#3584
      ,#3585,#3586,#3587,#3588,#3589,#3590,#3591,#3592,#3593,#3594,#3595
      ,#3596,#3597,#3598,#3599,#3600,#3601,#3602,#3603,#3604,#3605,#3606
      ,#3607,#3608,#3609,#3610,#3611,#3612,#3613,#3614,#3615,#3616,#3617
      ,#3618,#3619,#3620,#3621,#3622,#3623,#3624,#3625,#3626,#3627,#3628
      ,#3629,#3630,#3631,#3632,#3633,#3634,#3635,#3636,#3637,#3638,#3639
      ,#3640,#3641,#3642,#3643,#3644,#3645,#3646,#3647,#3648,#3649,#3650
      ,#3651,#3652,#3653,#3654,#3655,#3656,#3657,#3658,#3659,#3660,#3661
      ,#3662,#3663,#3664,#3665,#3666,#3667,#3668,#3669,#3670,#3671,#3672
      ,#3673,#3674,#3675,#3676,#3677,#3678,#3679,#3680,#3681,#3682,#3683
      ,#3684,#3685,#3686,#3687,#3688,#3689,#3690,#3691,#3692,#3693,#3694
      ,#3695,#3696)
    ,(#3697,#3698,#3699,#3700,#3701,#3702,#3703,#3704,#3705,#3706,#3707
      ,#3708,#3709,#3710,#3711,#3712,#3713,#3714,#3715,#3716,#3717,#3718
      ,#3719,#3720,#3721,#3722,#3723,#3724,#3725,#3726,#3727,#3728,#3729
      ,#3730,#3731,#3732,#3733,#3734,#3735,#3736,#3737,#3738,#3739,#3740
      ,#3741,#3742,#3743,#3744,#3745,#3746,#3747,#3748,#3749,#3750,#3751
      ,#3752,#3753,#3754,#3755,#3756,#3757,#3758,#3759,#3760,#3761,#3762
      ,#3763,#3764,#3765,#3766,#3767,#3768,#3769,#3770,#3771,#3772,#3773
      ,#3774,#3775,#3776,#3777,#3778,#3779,#3780,#3781,#3782,#3783,#3784
      ,#3785,#3786,#3787,#3788,#3789,#3790,#3791,#3792,#3793,#3794,#3795
      ,#3796,#3797,#3798,#3799,#3800,#3801,#3802,#3803,#3804,#3805,#3806
      ,#3807,#3808,#3809,#3810,#3811,#3812,#3813,#3814,#3815,#3816,#3817
      ,#3818,#3819,#3820,#3821,#3822,#3823,#3824,#3825,#3826,#3827,#3828
      ,#3829,#3830
)),.UNSPECIFIED.,.F.,.F.,.F.) B_SPLINE_SURFACE_WITH_KNOTS((3,3),(13,11,
    11,11,11,11,11,11,11,11,11,11,13),(0.,3.657813806312),(
    31.157814338262,32.986721241418,33.901174692996,34.358401418785,
    34.58701478168,34.701321463127,34.758474803851,34.787051474213,
    34.801339809393,34.808483976984,34.812056060779,34.813842102677,
34.815628144574),.UNSPECIFIED.) GEOMETRIC_REPRESENTATION_ITEM() 
RATIONAL_B_SPLINE_SURFACE((
    (1.,1.,1.000000000001,0.999999999998,1.000000000003,0.999999999996
      ,1.000000000005,0.999999999996,1.000000000003,0.999999999998
      ,1.000000000001,1.,1.,1.,1.,1.,1.,1.000000000001,0.999999999999,1.
      ,1.,1.,1.,1.,1.,1.,1.000000000001,0.999999999999,1.000000000001,1.
      ,1.,1.,1.,1.,1.,1.,1.,1.000000000001,0.999999999999,1.000000000001
      ,0.999999999999,1.000000000001,0.999999999999,1.,1.,1.
      ,0.999999999999,1.000000000002,0.999999999996,1.000000000005
      ,0.999999999994,1.000000000005,0.999999999997,1.000000000002
      ,0.999999999999,1.,1.,1.000000000001,0.999999999998,1.000000000003
      ,0.999999999996,1.000000000004,0.999999999996,1.000000000002
      ,0.999999999999,1.,1.,1.,1.,0.999999999999,1.000000000002
      ,0.999999999997,1.000000000004,0.999999999997,1.000000000002
      ,0.999999999999,1.,1.,1.,1.,0.999999999999,1.000000000002
      ,0.999999999998,1.000000000002,0.999999999998,1.000000000001
      ,0.999999999999,1.,1.,1.,1.,0.999999999999,1.000000000001
      ,0.999999999998,1.000000000002,0.999999999998,1.000000000001
      ,0.999999999999,1.,1.,1.,1.,1.,1.000000000001,0.999999999999
      ,1.000000000002,0.999999999999,1.000000000001,1.,1.,1.,1.,1.
      ,0.999999999999,1.000000000001,0.999999999999,1.000000000001
      ,0.999999999999,1.000000000001,1.,1.,1.,1.,1.,1.,1.000000000001
      ,0.999999999999,1.000000000001,0.999999999999,1.000000000001,1.,1.
      ,1.,1.)
    ,(0.781444201016,0.781444201016,0.789059079417,0.804246622602
      ,0.825063359393,0.846956797532,0.866431701234,0.884115795129
      ,0.900516712079,0.914340415015,0.926965886278,0.937989017841
      ,0.95258706109,0.957125835941,0.96135637075,0.965296130416
      ,0.968961045218,0.972365510808,0.975522388216,0.97844300385
      ,0.981137149491,0.983613082301,0.985877524815,0.988964735013
      ,0.989942805708,0.990870400007,0.991748040893,0.992576251337
      ,0.993355554325,0.994086472827,0.994769529827,0.995405248299
      ,0.995994151223,0.996536761576,0.997282022716,0.997518930143
      ,0.997744352254,0.997958316686,0.998160851073,0.998351983055
      ,0.998531740264,0.998700150341,0.998857240919,0.999003039636
      ,0.999137574128,0.999322520984,0.999381357171,0.999437381964
      ,0.999490596726,0.999541002841,0.999588601656,0.999633394566
      ,0.999675382917,0.999714568095,0.99975095146,0.999784534386
      ,0.999830710167,0.999845402116,0.999859394127,0.999872686252
      ,0.999885278521,0.999897170998,0.999908363703,0.999918856703
      ,0.999928650024,0.999937743721,0.999946137833,0.999957679691
      ,0.999961352086,0.999964849593,0.999968172217,0.999971319953
      ,0.999974292818,0.999977090796,0.99997971391,0.999982162145
      ,0.999984435516,0.99998653402,0.999989419482,0.999990337587
      ,0.999991211974,0.999992042649,0.999992829599,0.999993572845
      ,0.99999427236,0.99999492817,0.999995540255,0.999996108627
      ,0.99999663328,0.999997354685,0.999997584224,0.999997802833
      ,0.999998010514,0.999998207262,0.999998393085,0.999998567973
      ,0.999998731937,0.999998884967,0.99999902707,0.999999158242
      ,0.999999338605,0.999999395993,0.999999450649,0.999999502574
      ,0.999999551762,0.999999598224,0.999999641947,0.999999682943
      ,0.999999721203,0.999999756732,0.999999789527,0.999999834622
      ,0.999999848971,0.999999862636,0.99999987562,0.999999887916
      ,0.999999899536,0.999999910465,0.999999920717,0.999999930282
      ,0.999999939166,0.999999947366,0.9999999624,0.999999969234
      ,0.999999975385,0.999999980853,0.999999985637,0.999999989738
      ,0.999999993157,0.999999995891,0.999999997944,0.999999999312
      ,0.999999999998,1.)
    ,(1.,1.,1.000000000001,0.999999999998,1.000000000003,0.999999999996
      ,1.000000000005,0.999999999996,1.000000000003,0.999999999998
      ,1.000000000001,1.,1.,1.,1.,1.,1.,1.000000000001,0.999999999999,1.
      ,1.,1.,1.,1.,1.,1.,1.000000000001,0.999999999999,1.000000000001,1.
      ,1.,1.,1.,1.,1.,1.,1.,1.000000000001,0.999999999999,1.000000000001
      ,0.999999999999,1.000000000001,0.999999999999,1.,1.,1.
      ,0.999999999999,1.000000000002,0.999999999996,1.000000000005
      ,0.999999999994,1.000000000005,0.999999999997,1.000000000002
      ,0.999999999999,1.,1.,1.000000000001,0.999999999998,1.000000000003
      ,0.999999999996,1.000000000004,0.999999999996,1.000000000002
      ,0.999999999999,1.,1.,1.,1.,0.999999999999,1.000000000002
      ,0.999999999997,1.000000000004,0.999999999997,1.000000000002
      ,0.999999999999,1.,1.,1.,1.,0.999999999999,1.000000000002
      ,0.999999999998,1.000000000002,0.999999999998,1.000000000001
      ,0.999999999999,1.,1.,1.,1.,0.999999999999,1.000000000001
      ,0.999999999998,1.000000000002,0.999999999998,1.000000000001
      ,0.999999999999,1.,1.,1.,1.,1.,1.000000000001,0.999999999999
      ,1.000000000002,0.999999999999,1.000000000001,1.,1.,1.,1.,1.
      ,0.999999999999,1.000000000001,0.999999999999,1.000000000001
      ,0.999999999999,1.000000000001,1.,1.,1.,1.,1.,1.,1.000000000001
      ,0.999999999999,1.000000000001,0.999999999999,1.000000000001,1.,1.
,1.,1.))) REPRESENTATION_ITEM('') SURFACE() );
#3429 = CARTESIAN_POINT('',(15.879250256515,-34.09006367879,-29.5));
#3430 = CARTESIAN_POINT('',(15.879250256515,-34.09006367879,
    -29.76704208568));
#3431 = CARTESIAN_POINT('',(15.826872557781,-34.04502122324,
    -30.03418916414));
#3432 = CARTESIAN_POINT('',(15.722366916098,-33.95485179282,
    -30.28175761939));
#3433 = CARTESIAN_POINT('',(15.578118827098,-33.82943154059,
    -30.48949375772));
#3434 = CARTESIAN_POINT('',(15.424692918841,-33.68649030331,
    -30.65202857903));
#3435 = CARTESIAN_POINT('',(15.277278303709,-33.54611996332,
    -30.78421734795));
#3436 = CARTESIAN_POINT('',(15.13205010169,-33.40721405592,
    -30.89575080338));
#3437 = CARTESIAN_POINT('',(14.988966837993,-33.26769055919,
    -30.98837861327));
#3438 = CARTESIAN_POINT('',(14.854124659058,-33.13629119229,
    -31.0667802536));
#3439 = CARTESIAN_POINT('',(14.721190092662,-33.00597830523,
    -31.13441373548));
#3440 = CARTESIAN_POINT('',(14.592616101409,-32.87969955398,
    -31.19250962217));
#3441 = CARTESIAN_POINT('',(14.404301534586,-32.69437518071,
    -31.26791352646));
#3442 = CARTESIAN_POINT('',(14.342314781222,-32.63331494459,
    -31.29110271931));
#3443 = CARTESIAN_POINT('',(14.281046167563,-32.57290850701,
    -31.31250181658));
#3444 = CARTESIAN_POINT('',(14.220433251308,-32.51309797805,
    -31.33225161058));
#3445 = CARTESIAN_POINT('',(14.160417777062,-32.45382833428,
    -31.35047833959));
#3446 = CARTESIAN_POINT('',(14.100945676336,-32.39504741877,
    -31.36729368784));
#3447 = CARTESIAN_POINT('',(14.041967067548,-32.33670594107,
    -31.38279478556));
#3448 = CARTESIAN_POINT('',(13.983436256019,-32.27875747725,
    -31.39706420894));
#3449 = CARTESIAN_POINT('',(13.925311733979,-32.22115846985,
    -31.41016998011));
#3450 = CARTESIAN_POINT('',(13.867556180562,-32.16386822794,
    -31.42216556721));
#3451 = CARTESIAN_POINT('',(13.810136461807,-32.10684892705,
    -31.43308988434));
#3452 = CARTESIAN_POINT('',(13.724467215087,-32.02167395032,
    -31.44790599515));
#3453 = CARTESIAN_POINT('',(13.695986493543,-31.99334092199,
    -31.45258921141));
#3454 = CARTESIAN_POINT('',(13.667578125856,-31.96506275283,
    -31.45702061832));
#3455 = CARTESIAN_POINT('',(13.63923877186,-31.93683567141,
    -31.46120389391));
#3456 = CARTESIAN_POINT('',(13.610965091373,-31.90865590632,
    -31.46514271618));
#3457 = CARTESIAN_POINT('',(13.582753744241,-31.88051968615,
    -31.46884076313));
#3458 = CARTESIAN_POINT('',(13.554601390275,-31.85242323948,
    -31.47230171277));
#3459 = CARTESIAN_POINT('',(13.52650468932,-31.82436279489,
    -31.47552924312));
#3460 = CARTESIAN_POINT('',(13.498460301192,-31.79633458097,
    -31.47852703218));
#3461 = CARTESIAN_POINT('',(13.470464885731,-31.7683348263,
    -31.48129875796));
#3462 = CARTESIAN_POINT('',(13.442515102759,-31.74035975947,
    -31.48384809847));
#3463 = CARTESIAN_POINT('',(13.400653866783,-31.69842853386,
    -31.48734404834));
#3464 = CARTESIAN_POINT('',(13.386710808735,-31.68445679836,
    -31.48845425954));
#3465 = CARTESIAN_POINT('',(13.372778068075,-31.67048997529,
    -31.48950960833));
#3466 = CARTESIAN_POINT('',(13.358855274921,-31.65652763738,
    -31.49051033767));
#3467 = CARTESIAN_POINT('',(13.344942059377,-31.64256935739,
    -31.49145669058));
#3468 = CARTESIAN_POINT('',(13.331038051566,-31.62861470802,
    -31.49234891004));
#3469 = CARTESIAN_POINT('',(13.317142881589,-31.61466326203,
    -31.49318723905));
#3470 = CARTESIAN_POINT('',(13.303256179572,-31.60071459215,
    -31.4939719206));
#3471 = CARTESIAN_POINT('',(13.289377575614,-31.5867682711,
    -31.49470319767));
#3472 = CARTESIAN_POINT('',(13.275506699838,-31.57282387162,
    -31.49538131326));
#3473 = CARTESIAN_POINT('',(13.26164318235,-31.55888096645,
    -31.49600651038));
#3474 = CARTESIAN_POINT('',(13.240858388725,-31.53796820925,
    -31.4968652928));
#3475 = CARTESIAN_POINT('',(13.23393187457,-31.53099755974,
    -31.49713836505));
#3476 = CARTESIAN_POINT('',(13.22700706874,-31.52402713019,
    -31.49739826805));
#3477 = CARTESIAN_POINT('',(13.220083929165,-31.517056871,
    -31.49764502109));
#3478 = CARTESIAN_POINT('',(13.213162413792,-31.51008673259,
    -31.49787864348));
#3479 = CARTESIAN_POINT('',(13.206242480539,-31.50311666536,
    -31.49809915452));
#3480 = CARTESIAN_POINT('',(13.199324087365,-31.49614661972,
    -31.49830657349));
#3481 = CARTESIAN_POINT('',(13.192407192181,-31.48917654607,
    -31.49850091972));
#3482 = CARTESIAN_POINT('',(13.185491752943,-31.48220639483,
    -31.4986822125));
#3483 = CARTESIAN_POINT('',(13.178577727574,-31.47523611639,
    -31.49885047112));
#3484 = CARTESIAN_POINT('',(13.171665074017,-31.46826566118,
    -31.49900571489));
#3485 = CARTESIAN_POINT('',(13.161298088297,-31.45780963879,
    -31.49921908722));
#3486 = CARTESIAN_POINT('',(13.157842751519,-31.45432423396,
    -31.49928696134));
#3487 = CARTESIAN_POINT('',(13.154387740014,-31.45083876434,
    -31.49935158723));
#3488 = CARTESIAN_POINT('',(13.150933053937,-31.44735322915,
    -31.49941296666));
#3489 = CARTESIAN_POINT('',(13.147478693425,-31.44386762763,
    -31.49947110137));
#3490 = CARTESIAN_POINT('',(13.144024658645,-31.44038195899,
    -31.49952599314));
#3491 = CARTESIAN_POINT('',(13.140570949721,-31.43689622248,
    -31.49957764371));
#3492 = CARTESIAN_POINT('',(13.137117566827,-31.43341041731,
    -31.49962605486));
#3493 = CARTESIAN_POINT('',(13.13366451009,-31.42992454273,
    -31.49967122834));
#3494 = CARTESIAN_POINT('',(13.130211779673,-31.42643859796,
    -31.4997131659));
#3495 = CARTESIAN_POINT('',(13.126759375716,-31.42295258222,
    -31.49975186932));
#3496 = CARTESIAN_POINT('',(13.121581259697,-31.41772345102,
    -31.49980507586));
#3497 = CARTESIAN_POINT('',(13.119855303897,-31.41598039059,
    -31.49982200324));
#3498 = CARTESIAN_POINT('',(13.118129430409,-31.41423731277,
    -31.4998381227));
#3499 = CARTESIAN_POINT('',(13.116403638677,-31.4124942169,
    -31.49985343443));
#3500 = CARTESIAN_POINT('',(13.114677928133,-31.41075110227,
    -31.49986793865));
#3501 = CARTESIAN_POINT('',(13.112952298231,-31.40900796823,
    -31.49988163555));
#3502 = CARTESIAN_POINT('',(13.111226748394,-31.40726481408,
    -31.49989452534));
#3503 = CARTESIAN_POINT('',(13.109501278081,-31.40552163915,
    -31.49990660823));
#3504 = CARTESIAN_POINT('',(13.107775886717,-31.40377844275,
    -31.49991788441));
#3505 = CARTESIAN_POINT('',(13.106050573752,-31.40203522421,
    -31.49992835409));
#3506 = CARTESIAN_POINT('',(13.104325338622,-31.40029198284,
    -31.49993801748));
#3507 = CARTESIAN_POINT('',(13.101737601842,-31.39767708552,
    -31.49995130342));
#3508 = CARTESIAN_POINT('',(13.100875042088,-31.39680544706,
    -31.49995553055));
#3509 = CARTESIAN_POINT('',(13.100012501404,-31.39593380245,
    -31.49995955617));
#3510 = CARTESIAN_POINT('',(13.099149979684,-31.39506215158,
    -31.49996338031));
#3511 = CARTESIAN_POINT('',(13.098287476834,-31.39419049434,
    -31.49996700299));
#3512 = CARTESIAN_POINT('',(13.097424992741,-31.39331883058,
    -31.49997042425));
#3513 = CARTESIAN_POINT('',(13.096562527312,-31.39244716022,
    -31.49997364409));
#3514 = CARTESIAN_POINT('',(13.095700080437,-31.39157548312,
    -31.49997666255));
#3515 = CARTESIAN_POINT('',(13.094837652018,-31.39070379917,
    -31.49997947964));
#3516 = CARTESIAN_POINT('',(13.093975241951,-31.38983210825,
    -31.4999820954));
#3517 = CARTESIAN_POINT('',(13.093112850135,-31.38896041024,
    -31.49998450983));
#3518 = CARTESIAN_POINT('',(13.09181928963,-31.38765285242,
    -31.49998782955));
#3519 = CARTESIAN_POINT('',(13.091388107334,-31.38721699801,
    -31.49998888579));
#3520 = CARTESIAN_POINT('',(13.090956929566,-31.38678114179,
    -31.49998989172));
#3521 = CARTESIAN_POINT('',(13.090525756317,-31.38634528374,
    -31.49999084733));
#3522 = CARTESIAN_POINT('',(13.090094587571,-31.38590942386,
    -31.49999175262));
#3523 = CARTESIAN_POINT('',(13.089663423327,-31.38547356213,
    -31.4999926076));
#3524 = CARTESIAN_POINT('',(13.089232263563,-31.38503769854,
    -31.49999341227));
#3525 = CARTESIAN_POINT('',(13.08880110828,-31.38460183306,
    -31.49999416663));
#3526 = CARTESIAN_POINT('',(13.088369957458,-31.38416596571,
    -31.49999487069));
#3527 = CARTESIAN_POINT('',(13.087938811091,-31.38373009645,
    -31.49999552445));
#3528 = CARTESIAN_POINT('',(13.087507669168,-31.38329422528,
    -31.4999961279));
#3529 = CARTESIAN_POINT('',(13.086860962933,-31.38264041564,
    -31.49999695764));
#3530 = CARTESIAN_POINT('',(13.086645395296,-31.38242247861,
    -31.49999722165));
#3531 = CARTESIAN_POINT('',(13.086429828767,-31.3822045411,
    -31.49999747308));
#3532 = CARTESIAN_POINT('',(13.086214263345,-31.38198660311,
    -31.49999771194));
#3533 = CARTESIAN_POINT('',(13.085998699027,-31.38176866463,
    -31.49999793823));
#3534 = CARTESIAN_POINT('',(13.085783135814,-31.38155072566,
    -31.49999815194));
#3535 = CARTESIAN_POINT('',(13.085567573703,-31.38133278621,
    -31.49999835308));
#3536 = CARTESIAN_POINT('',(13.085352012695,-31.38111484627,
    -31.49999854165));
#3537 = CARTESIAN_POINT('',(13.085136452786,-31.38089690583,
    -31.49999871764));
#3538 = CARTESIAN_POINT('',(13.084920893977,-31.38067896491,
    -31.49999888107));
#3539 = CARTESIAN_POINT('',(13.084705336266,-31.38046102349,
    -31.49999903192));
#3540 = CARTESIAN_POINT('',(13.084382001346,-31.38013411062,
    -31.49999923935));
#3541 = CARTESIAN_POINT('',(13.084274223313,-31.38002513954,
    -31.49999930535));
#3542 = CARTESIAN_POINT('',(13.084166445555,-31.37991616833,
    -31.4999993682));
#3543 = CARTESIAN_POINT('',(13.08405866807,-31.379807197,-31.49999942791
    ));
#3544 = CARTESIAN_POINT('',(13.083950890861,-31.37969822555,
    -31.49999948449));
#3545 = CARTESIAN_POINT('',(13.083843113922,-31.37958925397,
    -31.49999953791));
#3546 = CARTESIAN_POINT('',(13.083735337261,-31.37948028227,
    -31.4999995882));
#3547 = CARTESIAN_POINT('',(13.08362756087,-31.37937131045,
    -31.49999963534));
#3548 = CARTESIAN_POINT('',(13.083519784754,-31.3792623385,
    -31.49999967934));
#3549 = CARTESIAN_POINT('',(13.083412008911,-31.37915336642,
    -31.4999997202));
#3550 = CARTESIAN_POINT('',(13.083304233341,-31.37904439422,
    -31.49999975792));
#3551 = CARTESIAN_POINT('',(13.083088682747,-31.37882644957,
    -31.49999982707));
#3552 = CARTESIAN_POINT('',(13.082947494267,-31.37878520911,
    -31.49999985851));
#3553 = CARTESIAN_POINT('',(13.083089650874,-31.37816960386,
    -31.49999988674));
#3554 = CARTESIAN_POINT('',(13.082059675883,-31.37993001204,
    -31.4999999121));
#3555 = CARTESIAN_POINT('',(13.084127741911,-31.37541042126,
    -31.4999999336));
#3556 = CARTESIAN_POINT('',(13.080423360779,-31.38259208483,
    -31.49999995329));
#3557 = CARTESIAN_POINT('',(13.084647201252,-31.37370255205,
    -31.49999996801));
#3558 = CARTESIAN_POINT('',(13.080687789604,-31.38140118557,
    -31.49999998148));
#3559 = CARTESIAN_POINT('',(13.083092448409,-31.37619929357,
    -31.49999999034));
#3560 = CARTESIAN_POINT('',(13.081818067862,-31.37845513569,
    -31.4999999969));
#3561 = CARTESIAN_POINT('',(13.082067460012,-31.37762215805,
    -31.49999999997));
#3562 = CARTESIAN_POINT('',(13.08190313598,-31.37762748973,-31.5));
#3563 = CARTESIAN_POINT('',(15.465921584663,-32.54750007521,-29.5));
#3564 = CARTESIAN_POINT('',(15.465921584663,-32.54750007521,
    -29.66115898541));
#3565 = CARTESIAN_POINT('',(15.455859433889,-32.54053794748,
    -29.81930994586));
#3566 = CARTESIAN_POINT('',(15.435703400992,-32.52678638582,
    -29.97487681664));
#3567 = CARTESIAN_POINT('',(15.404765734968,-32.50675113377,
    -30.13001465194));
#3568 = CARTESIAN_POINT('',(15.349436845999,-32.47642162432,
    -30.28770150423));
#3569 = CARTESIAN_POINT('',(15.275316457163,-32.43884423314,
    -30.43165008956));
#3570 = CARTESIAN_POINT('',(15.188281170141,-32.39589678039,
    -30.56278721784));
#3571 = CARTESIAN_POINT('',(15.089875776887,-32.34801329829,
    -30.68571541145));
#3572 = CARTESIAN_POINT('',(14.983862396944,-32.29710234451,
    -30.79380332358));
#3573 = CARTESIAN_POINT('',(14.871638011953,-32.24330974697,
    -30.89289444228));
#3574 = CARTESIAN_POINT('',(14.754698717177,-32.18739399313,
    -30.98143481552));
#3575 = CARTESIAN_POINT('',(14.574744405185,-32.10133654563,
    -31.09966657254));
#3576 = CARTESIAN_POINT('',(14.514372607406,-32.07246431511,
    -31.13648046735));
#3577 = CARTESIAN_POINT('',(14.453113233397,-32.04315690063,
    -31.17116689299));
#3578 = CARTESIAN_POINT('',(14.391072495862,-32.01345676157,
    -31.20378430132));
#3579 = CARTESIAN_POINT('',(14.32834758966,-31.98340306224,
    -31.23438604376));
#3580 = CARTESIAN_POINT('',(14.265026789149,-31.95303167992,
    -31.2630212226));
#3581 = CARTESIAN_POINT('',(14.201189460388,-31.92237517872,
    -31.28973544076));
#3582 = CARTESIAN_POINT('',(14.136905999893,-31.89146275359,
    -31.31457146178));
#3583 = CARTESIAN_POINT('',(14.07223770992,-31.8603201485,
    -31.33756978952));
#3584 = CARTESIAN_POINT('',(14.007236618485,-31.82896955162,
    -31.35876917624));
#3585 = CARTESIAN_POINT('',(13.94194525096,-31.7974294702,
    -31.37820706552));
#3586 = CARTESIAN_POINT('',(13.843724223089,-31.74990664735,
    -31.40474878478));
#3587 = CARTESIAN_POINT('',(13.81098238675,-31.73405210409,
    -31.41315075502));
#3588 = CARTESIAN_POINT('',(13.77817547398,-31.71815302653,
    -31.42112932557));
#3589 = CARTESIAN_POINT('',(13.745308140634,-31.70221149566,
    -31.42868777526));
#3590 = CARTESIAN_POINT('',(13.712385076582,-31.68622960559,
    -31.43582922772));
#3591 = CARTESIAN_POINT('',(13.679411008223,-31.67020946484,
    -31.44255665591));
#3592 = CARTESIAN_POINT('',(13.64639070094,-31.65415319746,
    -31.44887288633));
#3593 = CARTESIAN_POINT('',(13.613328961542,-31.63806294425,
    -31.4547806032));
#3594 = CARTESIAN_POINT('',(13.580230640657,-31.62194086389,
    -31.4602823524));
#3595 = CARTESIAN_POINT('',(13.547100635113,-31.6057891341,
    -31.46538054532));
#3596 = CARTESIAN_POINT('',(13.513943890278,-31.58960995275,
    -31.47007746255));
#3597 = CARTESIAN_POINT('',(13.464188555446,-31.56530938685,
    -31.47652254899));
#3598 = CARTESIAN_POINT('',(13.447604732121,-31.55720621406,
    -31.47857036751));
#3599 = CARTESIAN_POINT('',(13.431014395147,-31.54909623553,
    -31.48051894634));
#3600 = CARTESIAN_POINT('',(13.41441800822,-31.54097966639,
    -31.4823685116));
#3601 = CARTESIAN_POINT('',(13.397816036056,-31.53285672204,
    -31.48411928214));
#3602 = CARTESIAN_POINT('',(13.381208944424,-31.52472761814,
    -31.48577146968));
#3603 = CARTESIAN_POINT('',(13.364597200233,-31.51659257066,
    -31.4873252788));
#3604 = CARTESIAN_POINT('',(13.347981271543,-31.50845179591,
    -31.48878090705));
#3605 = CARTESIAN_POINT('',(13.331361627662,-31.50030551056,
    -31.49013854496));
#3606 = CARTESIAN_POINT('',(13.314738739163,-31.49215393167,
    -31.49139837614));
#3607 = CARTESIAN_POINT('',(13.298113077962,-31.48399727669,
    -31.4925605773));
#3608 = CARTESIAN_POINT('',(13.273172675743,-31.47175576219,
    -31.4941575903));
#3609 = CARTESIAN_POINT('',(13.264859506971,-31.46767447345,
    -31.49466551248));
#3610 = CARTESIAN_POINT('',(13.256545668369,-31.46359192449,
    -31.49514910301));
#3611 = CARTESIAN_POINT('',(13.24823121729,-31.45950814251,
    -31.49560837964));
#3612 = CARTESIAN_POINT('',(13.239916211097,-31.45542315469,
    -31.49604335971));
#3613 = CARTESIAN_POINT('',(13.2316007072,-31.45133698821,
    -31.49645406013));
#3614 = CARTESIAN_POINT('',(13.223284763003,-31.44724967024,
    -31.49684049742));
#3615 = CARTESIAN_POINT('',(13.214968435975,-31.44316122797,
    -31.49720268764));
#3616 = CARTESIAN_POINT('',(13.206651783578,-31.43907168855,
    -31.49754064648));
#3617 = CARTESIAN_POINT('',(13.198334863331,-31.43498107918,
    -31.4978543892));
#3618 = CARTESIAN_POINT('',(13.190017732772,-31.43088942702,
    -31.49814393066));
#3619 = CARTESIAN_POINT('',(13.177541999892,-31.42475051986,
    -31.49854195648));
#3620 = CARTESIAN_POINT('',(13.173383485125,-31.42270401346,
    -31.49866858189));
#3621 = CARTESIAN_POINT('',(13.169224918697,-31.42065724658,
    -31.49878916314));
#3622 = CARTESIAN_POINT('',(13.165066314125,-31.41861022579,
    -31.49890370177));
#3623 = CARTESIAN_POINT('',(13.160907684934,-31.41656295763,
    -31.49901219936));
#3624 = CARTESIAN_POINT('',(13.156749044635,-31.41451544865,
    -31.49911465741));
#3625 = CARTESIAN_POINT('',(13.152590406756,-31.4124677054,
    -31.49921107743));
#3626 = CARTESIAN_POINT('',(13.148431784809,-31.41041973444,
    -31.49930146088));
#3627 = CARTESIAN_POINT('',(13.144273192318,-31.40837154229,
    -31.49938580921));
#3628 = CARTESIAN_POINT('',(13.140114642801,-31.40632313552,
    -31.49946412384));
#3629 = CARTESIAN_POINT('',(13.135956149779,-31.40427452067,
    -31.49953640616));
#3630 = CARTESIAN_POINT('',(13.129718539268,-31.4012013079,
    -31.49963578286));
#3631 = CARTESIAN_POINT('',(13.127639368606,-31.40017686081,
    -31.49966740056));
#3632 = CARTESIAN_POINT('',(13.125560215752,-31.39915236346,
    -31.49969751084));
#3633 = CARTESIAN_POINT('',(13.123481081676,-31.39812781634,
    -31.49972611392));
#3634 = CARTESIAN_POINT('',(13.121401967343,-31.39710321992,
    -31.49975320999));
#3635 = CARTESIAN_POINT('',(13.119322873723,-31.39607857465,
    -31.49977879925));
#3636 = CARTESIAN_POINT('',(13.117243801779,-31.39505388104,
    -31.4998028819));
#3637 = CARTESIAN_POINT('',(13.115164752484,-31.39402913954,
    -31.49982545812));
#3638 = CARTESIAN_POINT('',(13.1130857268,-31.39300435063,
    -31.49984652813));
#3639 = CARTESIAN_POINT('',(13.1110067257,-31.39197951478,-31.4998660921
    ));
#3640 = CARTESIAN_POINT('',(13.108927750147,-31.39095463246,
    -31.49988415022));
#3641 = CARTESIAN_POINT('',(13.105809329593,-31.38941724147,
    -31.49990897891));
#3642 = CARTESIAN_POINT('',(13.104769864246,-31.38890476707,
    -31.49991687872));
#3643 = CARTESIAN_POINT('',(13.103730405149,-31.38839228099,
    -31.49992440214));
#3644 = CARTESIAN_POINT('',(13.102690952376,-31.38787978327,
    -31.4999315492));
#3645 = CARTESIAN_POINT('',(13.10165150601,-31.38736727395,
    -31.49993831993));
#3646 = CARTESIAN_POINT('',(13.100612066121,-31.38685475306,
    -31.49994471433));
#3647 = CARTESIAN_POINT('',(13.099572632795,-31.38634222064,
    -31.49995073245));
#3648 = CARTESIAN_POINT('',(13.0985332061,-31.38582967674,
    -31.49995637429));
#3649 = CARTESIAN_POINT('',(13.097493786122,-31.3853171214,
    -31.49996163989));
#3650 = CARTESIAN_POINT('',(13.096454372933,-31.38480455464,
    -31.49996652926));
#3651 = CARTESIAN_POINT('',(13.095414966613,-31.38429197652,
    -31.49997104243));
#3652 = CARTESIAN_POINT('',(13.093855867925,-31.38352309253,
    -31.49997724791));
#3653 = CARTESIAN_POINT('',(13.093336170316,-31.38326679514,
    -31.49997922236));
#3654 = CARTESIAN_POINT('',(13.092816474425,-31.38301049491,
    -31.49998110277));
#3655 = CARTESIAN_POINT('',(13.092296780259,-31.38275419184,
    -31.49998288913));
#3656 = CARTESIAN_POINT('',(13.091777087839,-31.38249788595,
    -31.49998458146));
#3657 = CARTESIAN_POINT('',(13.091257397165,-31.38224157723,
    -31.49998617975));
#3658 = CARTESIAN_POINT('',(13.090737708263,-31.3819852657,
    -31.49998768401));
#3659 = CARTESIAN_POINT('',(13.090218021131,-31.38172895135,
    -31.49998909425));
#3660 = CARTESIAN_POINT('',(13.089698335794,-31.3814726342,
    -31.49999041045));
#3661 = CARTESIAN_POINT('',(13.089178652255,-31.38121631425,
    -31.49999163264));
#3662 = CARTESIAN_POINT('',(13.088658970531,-31.38095999151,
    -31.4999927608));
#3663 = CARTESIAN_POINT('',(13.087879450729,-31.38057550324,
    -31.49999431201));
#3664 = CARTESIAN_POINT('',(13.087619611279,-31.3804473398,
    -31.49999480558));
#3665 = CARTESIAN_POINT('',(13.087359772283,-31.38031917567,
    -31.49999527564));
#3666 = CARTESIAN_POINT('',(13.087099933744,-31.38019101084,
    -31.4999957222));
#3667 = CARTESIAN_POINT('',(13.086840095661,-31.38006284531,
    -31.49999614525));
#3668 = CARTESIAN_POINT('',(13.08658025804,-31.37993467908,
    -31.4999965448));
#3669 = CARTESIAN_POINT('',(13.086320420876,-31.37980651216,
    -31.49999692085));
#3670 = CARTESIAN_POINT('',(13.086060584179,-31.37967834455,
    -31.4999972734));
#3671 = CARTESIAN_POINT('',(13.085800747944,-31.37955017625,
    -31.49999760244));
#3672 = CARTESIAN_POINT('',(13.085540912176,-31.37942200726,
    -31.49999790798));
#3673 = CARTESIAN_POINT('',(13.085281076876,-31.37929383757,
    -31.49999819002));
#3674 = CARTESIAN_POINT('',(13.084891324636,-31.37910158201,
    -31.49999857783));
#3675 = CARTESIAN_POINT('',(13.084761407344,-31.37903749666,
    -31.49999870122));
#3676 = CARTESIAN_POINT('',(13.084631490168,-31.37897341113,
    -31.49999881874));
#3677 = CARTESIAN_POINT('',(13.084501573112,-31.37890932543,
    -31.49999893038));
#3678 = CARTESIAN_POINT('',(13.084371656167,-31.37884523955,
    -31.49999903615));
#3679 = CARTESIAN_POINT('',(13.084241739351,-31.37878115351,
    -31.49999913604));
#3680 = CARTESIAN_POINT('',(13.08411182264,-31.37871706728,
    -31.49999923006));
#3681 = CARTESIAN_POINT('',(13.083981906059,-31.3786529809,
    -31.4999993182));
#3682 = CARTESIAN_POINT('',(13.083851989587,-31.37858889433,
    -31.49999940047));
#3683 = CARTESIAN_POINT('',(13.08372207324,-31.3785248076,
    -31.49999947686));
#3684 = CARTESIAN_POINT('',(13.083592157009,-31.37846072069,
    -31.49999954738));
#3685 = CARTESIAN_POINT('',(13.083332324789,-31.37833254654,
    -31.49999967667));
#3686 = CARTESIAN_POINT('',(13.083168995285,-31.3783361914,
    -31.49999973543));
#3687 = CARTESIAN_POINT('',(13.083289011196,-31.37776547046,
    -31.49999978832));
#3688 = CARTESIAN_POINT('',(13.082236893376,-31.37957076689,
    -31.49999983535));
#3689 = CARTESIAN_POINT('',(13.084282821634,-31.37509605378,
    -31.49999987647));
#3690 = CARTESIAN_POINT('',(13.080556292893,-31.38232261457,
    -31.49999991178));
#3691 = CARTESIAN_POINT('',(13.084757998881,-31.37347795211,
    -31.49999994113));
#3692 = CARTESIAN_POINT('',(13.080776438917,-31.38122148357,
    -31.49999996468));
#3693 = CARTESIAN_POINT('',(13.083158959877,-31.37606446798,
    -31.4999999823));
#3694 = CARTESIAN_POINT('',(13.0818624352,-31.37836519887,
    -31.49999999408));
#3695 = CARTESIAN_POINT('',(13.082089685606,-31.37757710483,
    -31.49999999997));
#3696 = CARTESIAN_POINT('',(13.08190326439,-31.37762755933,-31.5));
#3697 = CARTESIAN_POINT('',(16.878761195301,-31.80303563908,-29.5));
#3698 = CARTESIAN_POINT('',(16.878761195302,-31.80303563908,
    -29.76137488995));
#3699 = CARTESIAN_POINT('',(16.814883586827,-31.79454797772,
    -30.02286709753));
#3700 = CARTESIAN_POINT('',(16.687102903819,-31.77772418521,
    -30.26633170885));
#3701 = CARTESIAN_POINT('',(16.509703378525,-31.75472260125,
    -30.47345535558));
#3702 = CARTESIAN_POINT('',(16.311097216911,-31.73319394004,
    -30.63849083666));
#3703 = CARTESIAN_POINT('',(16.115581917912,-31.7133075708,
    -30.77283150736));
#3704 = CARTESIAN_POINT('',(15.921452914792,-31.69363147278,
    -30.88613905307));
#3705 = CARTESIAN_POINT('',(15.727384939001,-31.67469713996,
    -30.98101098084));
#3706 = CARTESIAN_POINT('',(15.543556586985,-31.65633690974,
    -31.06075948759));
#3707 = CARTESIAN_POINT('',(15.361483414886,-31.6380395409,
    -31.12975116764));
#3708 = CARTESIAN_POINT('',(15.18477020306,-31.61991662033,
    -31.18887459549));
#3709 = CARTESIAN_POINT('',(14.925279550883,-31.59276534417,
    -31.26552501537));
#3710 = CARTESIAN_POINT('',(14.839753404297,-31.58372138178,
    -31.28907745619));
#3711 = CARTESIAN_POINT('',(14.755119217137,-31.5746754787,-31.310792818
    ));
#3712 = CARTESIAN_POINT('',(14.671301844458,-31.5656201002,
    -31.33081681984));
#3713 = CARTESIAN_POINT('',(14.58822977443,-31.55654858058,
    -31.34928027963));
#3714 = CARTESIAN_POINT('',(14.505835128315,-31.54745512309,
    -31.36629911423));
#3715 = CARTESIAN_POINT('',(14.424053660497,-31.53833479997,
    -31.38197433939));
#3716 = CARTESIAN_POINT('',(14.34282475845,-31.52918355247,
    -31.3963920698));
#3717 = CARTESIAN_POINT('',(14.262091442766,-31.5199981908,
    -31.40962351901));
#3718 = CARTESIAN_POINT('',(14.181800367137,-31.51077639417,
    -31.42172499953));
#3719 = CARTESIAN_POINT('',(14.101901818361,-31.50151671077,
    -31.43273792274));
#3720 = CARTESIAN_POINT('',(13.982573665336,-31.48756948128,
    -31.44766423707));
#3721 = CARTESIAN_POINT('',(13.942883828881,-31.48291048239,
    -31.45238049867));
#3722 = CARTESIAN_POINT('',(13.90327524201,-31.47824133995,
    -31.45684148233));
#3723 = CARTESIAN_POINT('',(13.863742939754,-31.47356183286,
    -31.46105108659));
#3724 = CARTESIAN_POINT('',(13.824281957146,-31.46887173995,
    -31.46501321002));
#3725 = CARTESIAN_POINT('',(13.784887329217,-31.46417084012,
    -31.46873175118));
#3726 = CARTESIAN_POINT('',(13.745554090998,-31.45945891221,
    -31.47221060862));
#3727 = CARTESIAN_POINT('',(13.70627727752,-31.4547357351,-31.4754536809
    ));
#3728 = CARTESIAN_POINT('',(13.667051923815,-31.45000108765,
    -31.47846486657));
#3729 = CARTESIAN_POINT('',(13.627873064915,-31.44525474873,
    -31.48124806419));
#3730 = CARTESIAN_POINT('',(13.58873573585,-31.44049649721,
    -31.48380717233));
#3731 = CARTESIAN_POINT('',(13.530084589555,-31.43334091932,
    -31.48731554813));
#3732 = CARTESIAN_POINT('',(13.510543486272,-31.43095269105,
    -31.48842951374));
#3733 = CARTESIAN_POINT('',(13.491011098118,-31.42856139643,
    -31.48948824985));
#3734 = CARTESIAN_POINT('',(13.471486861412,-31.42616700478,
    -31.49049201996));
#3735 = CARTESIAN_POINT('',(13.451970212461,-31.42376948539,
    -31.49144108758));
#3736 = CARTESIAN_POINT('',(13.43246058759,-31.4213688076,
    -31.49233571618));
#3737 = CARTESIAN_POINT('',(13.412957423101,-31.41896494069,
    -31.49317616928));
#3738 = CARTESIAN_POINT('',(13.393460155322,-31.41655785398,
    -31.49396271037));
#3739 = CARTESIAN_POINT('',(13.373968220557,-31.41414751677,
    -31.49469560295));
#3740 = CARTESIAN_POINT('',(13.354481055127,-31.41173389837,
    -31.49537511051));
#3741 = CARTESIAN_POINT('',(13.334998095343,-31.40931696808,
    -31.49600149655));
#3742 = CARTESIAN_POINT('',(13.305779118612,-31.40568655879,
    -31.49686178858));
#3743 = CARTESIAN_POINT('',(13.296040374069,-31.40447558625,
    -31.4971353179));
#3744 = CARTESIAN_POINT('',(13.286302478827,-31.40326377394,
    -31.49739563417));
#3745 = CARTESIAN_POINT('',(13.276565367818,-31.40205111821,
    -31.49764275905));
#3746 = CARTESIAN_POINT('',(13.266828975978,-31.40083761542,
    -31.49787671417));
#3747 = CARTESIAN_POINT('',(13.257093238234,-31.39962326191,
    -31.49809752119));
#3748 = CARTESIAN_POINT('',(13.247358089525,-31.39840805402,
    -31.49830520174));
#3749 = CARTESIAN_POINT('',(13.237623464777,-31.39719198812,
    -31.49849977748));
#3750 = CARTESIAN_POINT('',(13.227889298931,-31.39597506054,
    -31.49868127004));
#3751 = CARTESIAN_POINT('',(13.218155526913,-31.39475726764,
    -31.49884970109));
#3752 = CARTESIAN_POINT('',(13.208422083659,-31.39353860577,
    -31.49900509225));
#3753 = CARTESIAN_POINT('',(13.193822314323,-31.39170930402,
    -31.49921865165));
#3754 = CARTESIAN_POINT('',(13.188955779759,-31.39109931721,
    -31.49928658244));
#3755 = CARTESIAN_POINT('',(13.184089299938,-31.39048911133,
    -31.49935125961));
#3756 = CARTESIAN_POINT('',(13.179222874395,-31.38987868687,
    -31.49941268519));
#3757 = CARTESIAN_POINT('',(13.174356502651,-31.38926804432,
    -31.49947086124));
#3758 = CARTESIAN_POINT('',(13.169490184249,-31.38865718417,
    -31.4995257898));
#3759 = CARTESIAN_POINT('',(13.164623918703,-31.3880461069,
    -31.49957747291));
#3760 = CARTESIAN_POINT('',(13.159757705558,-31.38743481301,
    -31.49962591262));
#3761 = CARTESIAN_POINT('',(13.154891544332,-31.38682330298,
    -31.49967111097));
#3762 = CARTESIAN_POINT('',(13.150025434563,-31.38621157731,
    -31.49971307001));
#3763 = CARTESIAN_POINT('',(13.145159375776,-31.38559963648,
    -31.49975179178));
#3764 = CARTESIAN_POINT('',(13.137860363366,-31.38468140323,
    -31.49980502161));
#3765 = CARTESIAN_POINT('',(13.135427373703,-31.38437527205,
    -31.49982195605));
#3766 = CARTESIAN_POINT('',(13.132994397601,-31.38406908739,
    -31.49983808188));
#3767 = CARTESIAN_POINT('',(13.130561434151,-31.38376284921,
    -31.49985339936));
#3768 = CARTESIAN_POINT('',(13.128128482438,-31.38345655745,
    -31.49986790872));
#3769 = CARTESIAN_POINT('',(13.125695541557,-31.38315021208,
    -31.4998816102));
#3770 = CARTESIAN_POINT('',(13.12326261059,-31.38284381304,
    -31.49989450404));
#3771 = CARTESIAN_POINT('',(13.120829688634,-31.3825373603,
    -31.49990659047));
#3772 = CARTESIAN_POINT('',(13.11839677477,-31.3822308538,
    -31.49991786975));
#3773 = CARTESIAN_POINT('',(13.115963868092,-31.3819242935,
    -31.49992834211));
#3774 = CARTESIAN_POINT('',(13.113530967687,-31.38161767936,
    -31.49993800778));
#3775 = CARTESIAN_POINT('',(13.109881625123,-31.3811576773,
    -31.49995129663));
#3776 = CARTESIAN_POINT('',(13.108665178721,-31.38100432978,
    -31.49995552463));
#3777 = CARTESIAN_POINT('',(13.107448733272,-31.38085096875,
    -31.49995955104));
#3778 = CARTESIAN_POINT('',(13.106232288606,-31.38069759419,
    -31.4999633759));
#3779 = CARTESIAN_POINT('',(13.105015844556,-31.38054420609,
    -31.49996699923));
#3780 = CARTESIAN_POINT('',(13.103799400956,-31.38039080444,
    -31.49997042106));
#3781 = CARTESIAN_POINT('',(13.102582957637,-31.38023738922,
    -31.4999736414));
#3782 = CARTESIAN_POINT('',(13.101366514432,-31.38008396043,
    -31.49997666031));
#3783 = CARTESIAN_POINT('',(13.100150071172,-31.37993051805,
    -31.49997947779));
#3784 = CARTESIAN_POINT('',(13.098933627691,-31.37977706207,
    -31.49998209388));
#3785 = CARTESIAN_POINT('',(13.097717183821,-31.37962359247,
    -31.4999845086));
#3786 = CARTESIAN_POINT('',(13.09589251718,-31.37939336763,
    -31.49998782868));
#3787 = CARTESIAN_POINT('',(13.095284294828,-31.37931662261,
    -31.49998888504));
#3788 = CARTESIAN_POINT('',(13.094676072322,-31.37923987419,
    -31.49998989107));
#3789 = CARTESIAN_POINT('',(13.094067849641,-31.37916312235,
    -31.49999084677));
#3790 = CARTESIAN_POINT('',(13.09345962677,-31.37908636711,
    -31.49999175214));
#3791 = CARTESIAN_POINT('',(13.092851403686,-31.37900960845,
    -31.49999260719));
#3792 = CARTESIAN_POINT('',(13.092243180377,-31.37893284638,
    -31.49999341193));
#3793 = CARTESIAN_POINT('',(13.091634956817,-31.3788560809,
    -31.49999416635));
#3794 = CARTESIAN_POINT('',(13.091026732997,-31.378779312,
    -31.49999487045));
#3795 = CARTESIAN_POINT('',(13.09041850889,-31.37870253968,
    -31.49999552425));
#3796 = CARTESIAN_POINT('',(13.089810284485,-31.37862576395,
    -31.49999612774));
#3797 = CARTESIAN_POINT('',(13.088897947396,-31.37851059522,
    -31.49999695753));
#3798 = CARTESIAN_POINT('',(13.088593834954,-31.37847220479,
    -31.49999722155));
#3799 = CARTESIAN_POINT('',(13.088289722429,-31.3784338135,-31.499997473
    ));
#3800 = CARTESIAN_POINT('',(13.087985609825,-31.37839542136,
    -31.49999771187));
#3801 = CARTESIAN_POINT('',(13.087681497127,-31.37835702837,
    -31.49999793816));
#3802 = CARTESIAN_POINT('',(13.087377384352,-31.37831863452,
    -31.49999815189));
#3803 = CARTESIAN_POINT('',(13.087073271476,-31.37828023981,
    -31.49999835303));
#3804 = CARTESIAN_POINT('',(13.086769158519,-31.37824184425,
    -31.49999854161));
#3805 = CARTESIAN_POINT('',(13.08646504546,-31.37820344783,
    -31.49999871761));
#3806 = CARTESIAN_POINT('',(13.08616093231,-31.37816505056,
    -31.49999888104));
#3807 = CARTESIAN_POINT('',(13.08585681906,-31.37812665243,
    -31.4999990319));
#3808 = CARTESIAN_POINT('',(13.085400649036,-31.37806905396,
    -31.49999923933));
#3809 = CARTESIAN_POINT('',(13.085248592336,-31.37804985425,
    -31.49999930533));
#3810 = CARTESIAN_POINT('',(13.085096535611,-31.37803065433,
    -31.49999936819));
#3811 = CARTESIAN_POINT('',(13.084944478861,-31.3780114542,
    -31.4999994279));
#3812 = CARTESIAN_POINT('',(13.084792422084,-31.37799225385,
    -31.49999948448));
#3813 = CARTESIAN_POINT('',(13.084640365283,-31.37797305329,
    -31.49999953791));
#3814 = CARTESIAN_POINT('',(13.084488308453,-31.37795385251,
    -31.49999958819));
#3815 = CARTESIAN_POINT('',(13.0843362516,-31.37793465152,
    -31.49999963534));
#3816 = CARTESIAN_POINT('',(13.084184194717,-31.37791545032,
    -31.49999967934));
#3817 = CARTESIAN_POINT('',(13.084032137809,-31.3778962489,
    -31.4999997202));
#3818 = CARTESIAN_POINT('',(13.083880080874,-31.37787704726,
    -31.49999975792));
#3819 = CARTESIAN_POINT('',(13.083575966948,-31.37783864357,
    -31.49999982706));
#3820 = CARTESIAN_POINT('',(13.08339049639,-31.37788717373,
    -31.49999985849));
#3821 = CARTESIAN_POINT('',(13.083488371561,-31.3773613371,
    -31.49999988683));
#3822 = CARTESIAN_POINT('',(13.082414110937,-31.37921152171,
    -31.49999991178));
#3823 = CARTESIAN_POINT('',(13.08443790133,-31.3747816864,
    -31.49999993425));
#3824 = CARTESIAN_POINT('',(13.08068922507,-31.38205314423,
    -31.49999995235));
#3825 = CARTESIAN_POINT('',(13.084868796478,-31.37325335222,
    -31.49999996899));
#3826 = CARTESIAN_POINT('',(13.080865088249,-31.38104178155,
    -31.49999998075));
#3827 = CARTESIAN_POINT('',(13.083225471338,-31.3759296424,
    -31.49999999072));
#3828 = CARTESIAN_POINT('',(13.081906802538,-31.37827526206,
    -31.49999999677));
#3829 = CARTESIAN_POINT('',(13.0821119112,-31.37753205161,-31.5));
#3830 = CARTESIAN_POINT('',(13.081903135558,-31.37762748952,-31.5));
#3831 = ADVANCED_FACE('',(#3832),#3837,.T.);
#3832 = FACE_BOUND('',#3833,.T.);
#3833 = EDGE_LOOP('',(#3834,#3835,#3836));
#3834 = ORIENTED_EDGE('',*,*,#2237,.T.);
#3835 = ORIENTED_EDGE('',*,*,#2977,.F.);
#3836 = ORIENTED_EDGE('',*,*,#2083,.F.);
#3837 = ( BOUNDED_SURFACE() B_SPLINE_SURFACE(2,12,(
    (#3838,#3839,#3840,#3841,#3842,#3843,#3844,#3845,#3846,#3847,#3848
      ,#3849,#3850,#3851,#3852,#3853,#3854,#3855,#3856,#3857,#3858,#3859
      ,#3860,#3861,#3862,#3863,#3864,#3865,#3866,#3867,#3868,#3869,#3870
      ,#3871,#3872,#3873,#3874,#3875,#3876,#3877,#3878,#3879,#3880,#3881
      ,#3882,#3883,#3884,#3885,#3886,#3887,#3888,#3889,#3890,#3891,#3892
      ,#3893,#3894,#3895,#3896,#3897,#3898,#3899,#3900,#3901,#3902,#3903
      ,#3904,#3905,#3906,#3907,#3908,#3909,#3910,#3911,#3912,#3913,#3914
      ,#3915,#3916,#3917,#3918,#3919,#3920,#3921,#3922,#3923,#3924,#3925
      ,#3926,#3927,#3928,#3929,#3930,#3931,#3932,#3933,#3934,#3935,#3936
      ,#3937,#3938,#3939,#3940,#3941,#3942,#3943,#3944,#3945,#3946,#3947
      ,#3948,#3949,#3950,#3951,#3952,#3953,#3954,#3955,#3956,#3957,#3958
      ,#3959,#3960,#3961,#3962,#3963,#3964,#3965,#3966,#3967,#3968,#3969
      ,#3970,#3971)
    ,(#3972,#3973,#3974,#3975,#3976,#3977,#3978,#3979,#3980,#3981,#3982
      ,#3983,#3984,#3985,#3986,#3987,#3988,#3989,#3990,#3991,#3992,#3993
      ,#3994,#3995,#3996,#3997,#3998,#3999,#4000,#4001,#4002,#4003,#4004
      ,#4005,#4006,#4007,#4008,#4009,#4010,#4011,#4012,#4013,#4014,#4015
      ,#4016,#4017,#4018,#4019,#4020,#4021,#4022,#4023,#4024,#4025,#4026
      ,#4027,#4028,#4029,#4030,#4031,#4032,#4033,#4034,#4035,#4036,#4037
      ,#4038,#4039,#4040,#4041,#4042,#4043,#4044,#4045,#4046,#4047,#4048
      ,#4049,#4050,#4051,#4052,#4053,#4054,#4055,#4056,#4057,#4058,#4059
      ,#4060,#4061,#4062,#4063,#4064,#4065,#4066,#4067,#4068,#4069,#4070
      ,#4071,#4072,#4073,#4074,#4075,#4076,#4077,#4078,#4079,#4080,#4081
      ,#4082,#4083,#4084,#4085,#4086,#4087,#4088,#4089,#4090,#4091,#4092
      ,#4093,#4094,#4095,#4096,#4097,#4098,#4099,#4100,#4101,#4102,#4103
      ,#4104,#4105)
    ,(#4106,#4107,#4108,#4109,#4110,#4111,#4112,#4113,#4114,#4115,#4116
      ,#4117,#4118,#4119,#4120,#4121,#4122,#4123,#4124,#4125,#4126,#4127
      ,#4128,#4129,#4130,#4131,#4132,#4133,#4134,#4135,#4136,#4137,#4138
      ,#4139,#4140,#4141,#4142,#4143,#4144,#4145,#4146,#4147,#4148,#4149
      ,#4150,#4151,#4152,#4153,#4154,#4155,#4156,#4157,#4158,#4159,#4160
      ,#4161,#4162,#4163,#4164,#4165,#4166,#4167,#4168,#4169,#4170,#4171
      ,#4172,#4173,#4174,#4175,#4176,#4177,#4178,#4179,#4180,#4181,#4182
      ,#4183,#4184,#4185,#4186,#4187,#4188,#4189,#4190,#4191,#4192,#4193
      ,#4194,#4195,#4196,#4197,#4198,#4199,#4200,#4201,#4202,#4203,#4204
      ,#4205,#4206,#4207,#4208,#4209,#4210,#4211,#4212,#4213,#4214,#4215
      ,#4216,#4217,#4218,#4219,#4220,#4221,#4222,#4223,#4224,#4225,#4226
      ,#4227,#4228,#4229,#4230,#4231,#4232,#4233,#4234,#4235,#4236,#4237
      ,#4238,#4239
)),.UNSPECIFIED.,.F.,.F.,.F.) B_SPLINE_SURFACE_WITH_KNOTS((3,3),(13,11,
    11,11,11,11,11,11,11,11,11,11,13),(0.,3.657814353862),(0.,
    1.786042164972E-03,3.572084329944E-03,7.144168659888E-03,
    1.428833731978E-02,2.857667463955E-02,5.71533492791E-02,
    0.114306698558,0.228613397116,0.457226794233,0.914453588466,
    1.828907176931,3.657814353862),.UNSPECIFIED.) 
GEOMETRIC_REPRESENTATION_ITEM() RATIONAL_B_SPLINE_SURFACE((
    (1.,1.,0.999999999999,1.000000000001,0.999999999998,1.000000000002
      ,0.999999999998,1.000000000002,0.999999999999,1.000000000001,1.,1.
      ,1.,1.,0.999999999999,1.000000000002,0.999999999997,1.000000000003
      ,0.999999999997,1.000000000002,0.999999999999,1.,1.,1.,1.
      ,0.999999999999,1.000000000002,0.999999999997,1.000000000004
      ,0.999999999997,1.000000000002,0.999999999999,1.,1.,1.,1.
      ,0.999999999999,1.000000000003,0.999999999996,1.000000000005
      ,0.999999999996,1.000000000003,0.999999999998,1.000000000001,1.,1.
      ,1.,0.999999999999,1.000000000003,0.999999999996,1.000000000005
      ,0.999999999996,1.000000000003,0.999999999999,1.,1.,1.,1.
      ,0.999999999999,1.000000000003,0.999999999996,1.000000000005
      ,0.999999999996,1.000000000003,0.999999999999,1.,1.,1.,1.
      ,0.999999999999,1.000000000003,0.999999999996,1.000000000005
      ,0.999999999996,1.000000000003,0.999999999999,1.,1.,1.,1.
      ,0.999999999999,1.000000000003,0.999999999996,1.000000000004
      ,0.999999999996,1.000000000003,0.999999999999,1.,1.,1.,1.
      ,0.999999999999,1.000000000003,0.999999999996,1.000000000005
      ,0.999999999996,1.000000000003,0.999999999999,1.,1.,1.,1.
      ,0.999999999999,1.000000000002,0.999999999996,1.000000000004
      ,0.999999999996,1.000000000002,0.999999999999,1.,1.,1.,1.
      ,0.999999999999,1.000000000003,0.999999999996,1.000000000004
      ,0.999999999996,1.000000000003,0.999999999999,1.,1.,1.,1.
      ,0.999999999999,1.000000000002,0.999999999996,1.000000000004
      ,0.999999999996,1.000000000003,0.999999999999,1.000000000001,1.,1.
      )
    ,(1.,1.,0.999999999316,0.999999997952,0.999999995898,0.999999993171
      ,0.999999989749,0.999999985655,0.999999980869,0.999999975406
      ,0.999999969256,0.999999962424,0.999999947394,0.999999939196
      ,0.999999930313,0.999999920752,0.999999910499,0.999999899575
      ,0.999999887954,0.999999875662,0.999999862678,0.999999849016
      ,0.999999834669,0.99999978958,0.999999756788,0.999999721261
      ,0.999999683008,0.999999642011,0.999999598297,0.999999551834
      ,0.999999502653,0.99999945073,0.999999396079,0.999999338694
      ,0.999999158343,0.999999027181,0.999998885087,0.999998732068
      ,0.999998568112,0.99999839324,0.999998207424,0.999998010694
      ,0.999997803025,0.999997584434,0.999997354912,0.999996633565
      ,0.999996108956,0.999995540635,0.999994928609,0.999994272867
      ,0.999993573429,0.999992830272,0.99999204342,0.999991212857
      ,0.999990338594,0.999989420627,0.999986535622,0.999984437484
      ,0.999982164545,0.999979716815,0.999977094283,0.999974296976
      ,0.999971324868,0.999968177991,0.999964856325,0.999961359889
      ,0.999957688678,0.99994615074,0.999937759762,0.99992866972
      ,0.999918880577,0.999908392273,0.99989720479,0.999885318052
      ,0.999872732049,0.999859446709,0.999845462007,0.99983077789
      ,0.999784627169,0.999751063088,0.999714700629,0.999675538358
      ,0.999633574821,0.9995888086,0.999541238226,0.999490862286
      ,0.999437679318,0.999381687894,0.999322886569,0.999138048569
      ,0.999003591911,0.998857875431,0.998700870641,0.998532549028
      ,0.998352882123,0.998161841396,0.997959398387,0.997745524571
      ,0.99752019147,0.99728337058,0.996538359064,0.995995894136
      ,0.995407116366,0.994771503499,0.994088533268,0.99335768343
      ,0.992578431708,0.991750255863,0.990872633622,0.989945042737
      ,0.988966960945,0.985879676077,0.983615890352,0.981140454897
      ,0.978446331951,0.975525349575,0.972368051399,0.968963546242
      ,0.965299357894,0.961361274724,0.957133199448,0.952596998771
      ,0.938003061796,0.926965016419,0.914414095314,0.90038718584
      ,0.884273232663,0.866432162196,0.846819218715,0.825226460454
      ,0.804182731648,0.789075002523,0.781444201016,0.781444201016)
    ,(1.,1.,0.999999999999,1.000000000001,0.999999999998,1.000000000002
      ,0.999999999998,1.000000000002,0.999999999999,1.000000000001,1.,1.
      ,1.,1.,0.999999999999,1.000000000002,0.999999999997,1.000000000003
      ,0.999999999997,1.000000000002,0.999999999999,1.,1.,1.,1.
      ,0.999999999999,1.000000000002,0.999999999997,1.000000000004
      ,0.999999999997,1.000000000002,0.999999999999,1.,1.,1.,1.
      ,0.999999999999,1.000000000003,0.999999999996,1.000000000005
      ,0.999999999996,1.000000000003,0.999999999998,1.000000000001,1.,1.
      ,1.,0.999999999999,1.000000000003,0.999999999996,1.000000000005
      ,0.999999999996,1.000000000003,0.999999999999,1.,1.,1.,1.
      ,0.999999999999,1.000000000003,0.999999999996,1.000000000005
      ,0.999999999996,1.000000000003,0.999999999999,1.,1.,1.,1.
      ,0.999999999999,1.000000000003,0.999999999996,1.000000000005
      ,0.999999999996,1.000000000003,0.999999999999,1.,1.,1.,1.
      ,0.999999999999,1.000000000003,0.999999999996,1.000000000004
      ,0.999999999996,1.000000000003,0.999999999999,1.,1.,1.,1.
      ,0.999999999999,1.000000000003,0.999999999996,1.000000000005
      ,0.999999999996,1.000000000003,0.999999999999,1.,1.,1.,1.
      ,0.999999999999,1.000000000002,0.999999999996,1.000000000004
      ,0.999999999996,1.000000000002,0.999999999999,1.,1.,1.,1.
      ,0.999999999999,1.000000000003,0.999999999996,1.000000000004
      ,0.999999999996,1.000000000003,0.999999999999,1.,1.,1.,1.
      ,0.999999999999,1.000000000002,0.999999999996,1.000000000004
      ,0.999999999996,1.000000000003,0.999999999999,1.000000000001,1.,1.
))) REPRESENTATION_ITEM('') SURFACE() );
#3838 = CARTESIAN_POINT('',(-13.08190276842,-31.37762733713,4.4E-16));
#3839 = CARTESIAN_POINT('',(-13.08206705189,-31.37762176726,-1.421E-14)
  );
#3840 = CARTESIAN_POINT('',(-13.08181780119,-31.37845447247,
    -3.1420222E-09));
#3841 = CARTESIAN_POINT('',(-13.08309158969,-31.37619982583,
    -9.42648648E-09));
#3842 = CARTESIAN_POINT('',(-13.08068836569,-31.38139884958,
    -1.885227352E-08));
#3843 = CARTESIAN_POINT('',(-13.08464545163,-31.37370489231,
    -3.142182747E-08));
#3844 = CARTESIAN_POINT('',(-13.08042432941,-31.382588977,
    -4.713123247E-08));
#3845 = CARTESIAN_POINT('',(-13.08412640378,-31.37541195392,
    -6.598568125E-08));
#3846 = CARTESIAN_POINT('',(-13.08205976196,-31.37992869275,
    -8.797980988E-08));
#3847 = CARTESIAN_POINT('',(-13.08308912933,-31.37816951305,
    -1.131181524E-07));
#3848 = CARTESIAN_POINT('',(-13.08294714236,-31.37878478532,
    -1.4139778282E-07));
#3849 = CARTESIAN_POINT('',(-13.08308831083,-31.37882607352,
    -1.7282020781E-07));
#3850 = CARTESIAN_POINT('',(-13.08330386623,-31.37904402304,
    -2.4194972337E-07));
#3851 = CARTESIAN_POINT('',(-13.08341164412,-31.37915299759,
    -2.7965671723E-07));
#3852 = CARTESIAN_POINT('',(-13.0835194222,-31.37926197193,
    -3.2050691379E-07));
#3853 = CARTESIAN_POINT('',(-13.08362720047,-31.37937094605,
    -3.6449769525E-07));
#3854 = CARTESIAN_POINT('',(-13.08373497893,-31.37947991997,
    -4.1163439568E-07));
#3855 = CARTESIAN_POINT('',(-13.08384275757,-31.37958889367,
    -4.6190889058E-07));
#3856 = CARTESIAN_POINT('',(-13.0839505364,-31.37969786717,
    -5.1533121326E-07));
#3857 = CARTESIAN_POINT('',(-13.08405831542,-31.37980684045,
    -5.7189148339E-07));
#3858 = CARTESIAN_POINT('',(-13.08416609463,-31.37991581353,
    -6.3159769559E-07));
#3859 = CARTESIAN_POINT('',(-13.08427387403,-31.3800247864,
    -6.944447547E-07));
#3860 = CARTESIAN_POINT('',(-13.08438165362,-31.38013375905,
    -7.6043526298E-07));
#3861 = CARTESIAN_POINT('',(-13.08470499296,-31.38046067639,
    -9.6783445702E-07));
#3862 = CARTESIAN_POINT('',(-13.08492055327,-31.38067862045,
    -1.11867158248E-06));
#3863 = CARTESIAN_POINT('',(-13.08513611435,-31.38089656367,
    -1.2820799089E-06));
#3864 = CARTESIAN_POINT('',(-13.08535167619,-31.38111450606,
    -1.45805966634E-06));
#3865 = CARTESIAN_POINT('',(-13.0855672388,-31.38133244761,
    -1.6466113073E-06));
#3866 = CARTESIAN_POINT('',(-13.08578280217,-31.38155038834,
    -1.84773480583E-06));
#3867 = CARTESIAN_POINT('',(-13.0859983663,-31.38176832824,
    -2.0614307219E-06));
#3868 = CARTESIAN_POINT('',(-13.08621393121,-31.38198626732,
    -2.28769912192E-06));
#3869 = CARTESIAN_POINT('',(-13.08642949689,-31.38220420557,
    -2.52654036459E-06));
#3870 = CARTESIAN_POINT('',(-13.08664506334,-31.38242214301,
    -2.77795469827E-06));
#3871 = CARTESIAN_POINT('',(-13.08686063056,-31.38264007962,
    -3.04194238254E-06));
#3872 = CARTESIAN_POINT('',(-13.08750733456,-31.38329388701,
    -3.87162630633E-06));
#3873 = CARTESIAN_POINT('',(-13.08793847367,-31.38372975533,
    -4.47504337764E-06));
#3874 = CARTESIAN_POINT('',(-13.08836961589,-31.3841656204,
    -5.12875698033E-06));
#3875 = CARTESIAN_POINT('',(-13.08880076124,-31.38460148224,
    -5.83276967348E-06));
#3876 = CARTESIAN_POINT('',(-13.08923190974,-31.38503734085,
    -6.58708321366E-06));
#3877 = CARTESIAN_POINT('',(-13.08966306139,-31.38547319625,
    -7.39170020669E-06));
#3878 = CARTESIAN_POINT('',(-13.09009421622,-31.38590904847,
    -8.24662286703E-06));
#3879 = CARTESIAN_POINT('',(-13.09052537423,-31.38634489751,
    -9.1518529739E-06));
#3880 = CARTESIAN_POINT('',(-13.09095653544,-31.38678074339,
    -1.010739345864E-05));
#3881 = CARTESIAN_POINT('',(-13.09138769987,-31.38721658613,
    -1.111324590108E-05));
#3882 = CARTESIAN_POINT('',(-13.09181886752,-31.38765242574,
    -1.216941292348E-05));
#3883 = CARTESIAN_POINT('',(-13.09311238019,-31.38895993523,
    -1.548886392233E-05));
#3884 = CARTESIAN_POINT('',(-13.09397473492,-31.38983159577,
    -1.790309685379E-05));
#3885 = CARTESIAN_POINT('',(-13.09483710273,-31.39070324398,
    -2.051861441754E-05));
#3886 = CARTESIAN_POINT('',(-13.09569948371,-31.39157488,
    -2.33354362178E-05));
#3887 = CARTESIAN_POINT('',(-13.09656187796,-31.39244650393,
    -2.635358070724E-05));
#3888 = CARTESIAN_POINT('',(-13.09742428562,-31.39331811592,
    -2.957306814189E-05));
#3889 = CARTESIAN_POINT('',(-13.09828670676,-31.39418971607,
    -3.299391656608E-05));
#3890 = CARTESIAN_POINT('',(-13.09914914151,-31.39506130452,
    -3.661614613482E-05));
#3891 = CARTESIAN_POINT('',(-13.10001158997,-31.39593288138,
    -4.043977548596E-05));
#3892 = CARTESIAN_POINT('',(-13.10087405225,-31.39680444678,
    -4.446482400422E-05));
#3893 = CARTESIAN_POINT('',(-13.10173652846,-31.39767600085,
    -4.869131090901E-05));
#3894 = CARTESIAN_POINT('',(-13.10432399919,-31.40029062942,
    -6.197514419237E-05));
#3895 = CARTESIAN_POINT('',(-13.10604903583,-31.40203367029,
    -7.163684497413E-05));
#3896 = CARTESIAN_POINT('',(-13.10777412947,-31.40377666731,
    -8.21045329551E-05));
#3897 = CARTESIAN_POINT('',(-13.10949928095,-31.40551962145,
    -9.337838506707E-05));
#3898 = CARTESIAN_POINT('',(-13.11122449112,-31.40726253368,
    -1.05458574906E-04));
#3899 = CARTESIAN_POINT('',(-13.11294976084,-31.40900540499,
    -1.183452812349E-04));
#3900 = CARTESIAN_POINT('',(-13.11467509095,-31.41074823633,
    -1.320386765029E-04));
#3901 = CARTESIAN_POINT('',(-13.11640048229,-31.4124910287,
    -1.465389392782E-04));
#3902 = CARTESIAN_POINT('',(-13.11812593573,-31.41423378306,
    -1.618462434662E-04));
#3903 = CARTESIAN_POINT('',(-13.11985145209,-31.4159765004,
    -1.779607656948E-04));
#3904 = CARTESIAN_POINT('',(-13.12157703224,-31.41771918168,
    -1.948826814488E-04));
#3905 = CARTESIAN_POINT('',(-13.12675396658,-31.42294712031,
    -2.480711365631E-04));
#3906 = CARTESIAN_POINT('',(-13.13020551481,-31.42643227259,
    -2.867600934371E-04));
#3907 = CARTESIAN_POINT('',(-13.1336573283,-31.42991729233,
    -3.286807930848E-04));
#3908 = CARTESIAN_POINT('',(-13.13710941365,-31.43340218711,
    -3.738349956787E-04));
#3909 = CARTESIAN_POINT('',(-13.14056177746,-31.43688696453,
    -4.222244520985E-04));
#3910 = CARTESIAN_POINT('',(-13.14401442633,-31.44037163217,
    -4.73850929227E-04));
#3911 = CARTESIAN_POINT('',(-13.14746736684,-31.44385619763,
    -5.287161718865E-04));
#3912 = CARTESIAN_POINT('',(-13.15092060561,-31.4473406685,
    -5.868219495415E-04));
#3913 = CARTESIAN_POINT('',(-13.15437414922,-31.45082505238,
    -6.4817000929E-04));
#3914 = CARTESIAN_POINT('',(-13.15782800427,-31.45430935684,
    -7.127621146454E-04));
#3915 = CARTESIAN_POINT('',(-13.16128217737,-31.45779358948,
    -7.806000195195E-04));
#3916 = CARTESIAN_POINT('',(-13.17164567056,-31.46824609474,
    -9.938564074193E-04));
#3917 = CARTESIAN_POINT('',(-13.17855596629,-31.47521417664,
    -1.149012952398E-03));
#3918 = CARTESIAN_POINT('',(-13.1854676126,-31.4821820615,
    -1.317174732471E-03));
#3919 = CARTESIAN_POINT('',(-13.19238065979,-31.48914980722,
    -1.498361361597E-03));
#3920 = CARTESIAN_POINT('',(-13.19929515817,-31.49611747169,
    -1.692592456002E-03));
#3921 = CARTESIAN_POINT('',(-13.20621115806,-31.50308511279,
    -1.899887629092E-03));
#3922 = CARTESIAN_POINT('',(-13.21312870976,-31.51005278844,
    -2.120266496958E-03));
#3923 = CARTESIAN_POINT('',(-13.22004786358,-31.51702055651,
    -2.353748673838E-03));
#3924 = CARTESIAN_POINT('',(-13.22696866984,-31.5239884749,
    -2.600353774744E-03));
#3925 = CARTESIAN_POINT('',(-13.23389117884,-31.53095660151,
    -2.860101414693E-03));
#3926 = CARTESIAN_POINT('',(-13.24081544089,-31.53792499423,
    -3.133011208436E-03));
#3927 = CARTESIAN_POINT('',(-13.26159363714,-31.55883114439,
    -3.99128589584E-03));
#3928 = CARTESIAN_POINT('',(-13.27545299059,-31.57276988506,
    -4.616119167836E-03));
#3929 = CARTESIAN_POINT('',(-13.28931994573,-31.58671036885,
    -5.293849581709E-03));
#3930 = CARTESIAN_POINT('',(-13.30319488163,-31.60065303164,
    -6.024724134989E-03));
#3931 = CARTESIAN_POINT('',(-13.31707817737,-31.61459830931,
    -6.80898981951E-03));
#3932 = CARTESIAN_POINT('',(-13.33097021201,-31.62854663777,
    -7.64689363632E-03));
#3933 = CARTESIAN_POINT('',(-13.34487136464,-31.64249845288,
    -8.538682574575E-03));
#3934 = CARTESIAN_POINT('',(-13.35878201431,-31.65645419055,
    -9.484603635847E-03));
#3935 = CARTESIAN_POINT('',(-13.3727025401,-31.67041428665,
    -1.048490381122E-02));
#3936 = CARTESIAN_POINT('',(-13.38663332109,-31.68437917708,
    -1.153983009886E-02));
#3937 = CARTESIAN_POINT('',(-13.40057473634,-31.69834929772,
    -1.264962949321E-02));
#3938 = CARTESIAN_POINT('',(-13.44243202211,-31.74027665791,
    -1.614438798405E-02));
#3939 = CARTESIAN_POINT('',(-13.47038040868,-31.76825037699,
    -1.869303110574E-02));
#3940 = CARTESIAN_POINT('',(-13.4983755275,-31.79624987565,
    -2.146415360818E-02));
#3941 = CARTESIAN_POINT('',(-13.52642058141,-31.82427878788,
    -2.446143074612E-02));
#3942 = CARTESIAN_POINT('',(-13.55451877327,-31.85234074764,
    -2.768853777036E-02));
#3943 = CARTESIAN_POINT('',(-13.58267330595,-31.88043938891,
    -3.114914993833E-02));
#3944 = CARTESIAN_POINT('',(-13.61088738228,-31.90857834567,
    -3.484694249872E-02));
#3945 = CARTESIAN_POINT('',(-13.63916420513,-31.9367612519,
    -3.878559070939E-02));
#3946 = CARTESIAN_POINT('',(-13.66750697735,-31.96499174156,
    -4.296876982054E-02));
#3947 = CARTESIAN_POINT('',(-13.69591890179,-31.99327344864,
    -4.74001550874E-02));
#3948 = CARTESIAN_POINT('',(-13.72440318131,-32.0216100071,
    -5.208342176267E-02));
#3949 = CARTESIAN_POINT('',(-13.81008269365,-32.10679513858,
    -6.689989177458E-02));
#3950 = CARTESIAN_POINT('',(-13.86750808591,-32.16382290309,
    -7.78066866506E-02));
#3951 = CARTESIAN_POINT('',(-13.92526788817,-32.22111971788,
    -8.978834312759E-02));
#3952 = CARTESIAN_POINT('',(-13.98339442089,-32.27872108969,
    -0.10289293999));
#3953 = CARTESIAN_POINT('',(-14.04192393993,-32.3366665146,
    -0.117174024442));
#3954 = CARTESIAN_POINT('',(-14.10089694423,-32.39499933408,
    -0.132693715165));
#3955 = CARTESIAN_POINT('',(-14.16035848337,-32.45376659103,
    -0.149525805344));
#3956 = CARTESIAN_POINT('',(-14.22035846526,-32.51301888586,
    -0.167758865724));
#3957 = CARTESIAN_POINT('',(-14.28095196371,-32.57281023248,
    -0.187499347647));
#3958 = CARTESIAN_POINT('',(-14.34219952609,-32.6331979144,
    -0.208874686095));
#3959 = CARTESIAN_POINT('',(-14.40416748092,-32.69424234074,
    -0.232036402738));
#3960 = CARTESIAN_POINT('',(-14.59244977473,-32.87953602543,
    -0.307416821433));
#3961 = CARTESIAN_POINT('',(-14.72104959113,-33.00593389367,
    -0.365428699597));
#3962 = CARTESIAN_POINT('',(-14.8539767006,-33.13578312032,
    -0.433474890922));
#3963 = CARTESIAN_POINT('',(-14.98916259346,-33.26855889671,
    -0.51108895875));
#3964 = CARTESIAN_POINT('',(-15.13150935231,-33.40608631033,
    -0.604490257455));
#3965 = CARTESIAN_POINT('',(-15.27732219979,-33.54615326894,
    -0.715747426841));
#3966 = CARTESIAN_POINT('',(-15.42505698843,-33.68745367357,
    -0.847624797444));
#3967 = CARTESIAN_POINT('',(-15.57757814284,-33.82824999856,
    -1.010864027156));
#3968 = CARTESIAN_POINT('',(-15.72251340561,-33.95534587336,
    -1.217795444193));
#3969 = CARTESIAN_POINT('',(-15.82683237925,-34.04490168305,
    -1.465848583606));
#3970 = CARTESIAN_POINT('',(-15.87925025651,-34.09006367879,
    -1.732934605094));
#3971 = CARTESIAN_POINT('',(-15.87925025651,-34.09006367879,-2.));
#3972 = CARTESIAN_POINT('',(-13.08190276842,-31.37762733713,2.2E-16));
#3973 = CARTESIAN_POINT('',(-13.08208919494,-31.3775768811,-2.864E-14));
#3974 = CARTESIAN_POINT('',(-13.08186208713,-31.37836470012,
    -5.87477922E-09));
#3975 = CARTESIAN_POINT('',(-13.08315801834,-31.37606516731,
    -1.762508517E-08));
#3976 = CARTESIAN_POINT('',(-13.0807769369,-31.38121930486,
    -3.524890424E-08));
#3977 = CARTESIAN_POINT('',(-13.08475616523,-31.37348046139,
    -5.875015119E-08));
#3978 = CARTESIAN_POINT('',(-13.08055718521,-31.38231965991,
    -8.812324626E-08));
#3979 = CARTESIAN_POINT('',(-13.08428140164,-31.37509775056,
    -1.2337452859E-07));
#3980 = CARTESIAN_POINT('',(-13.08223690169,-31.37956960321,
    -1.6449837192E-07));
#3981 = CARTESIAN_POINT('',(-13.08328841078,-31.37776553724,
    -2.1149885188E-07));
#3982 = CARTESIAN_POINT('',(-13.08316856534,-31.37833592329,
    -2.6437366685E-07));
#3983 = CARTESIAN_POINT('',(-13.08333187518,-31.37833232522,
    -3.2312389231E-07));
#3984 = CARTESIAN_POINT('',(-13.083591713,-31.37846050222,
    -4.5237452673E-07));
#3985 = CARTESIAN_POINT('',(-13.08372163192,-31.37852459049,
    -5.2287494035E-07));
#3986 = CARTESIAN_POINT('',(-13.08385155087,-31.37858867854,
    -5.9925078622E-07));
#3987 = CARTESIAN_POINT('',(-13.08398146983,-31.37865276637,
    -6.8150118537E-07));
#3988 = CARTESIAN_POINT('',(-13.08411138882,-31.37871685398,
    -7.6962804252E-07));
#3989 = CARTESIAN_POINT('',(-13.08424130781,-31.37878094136,
    -8.636282598E-07));
#3990 = CARTESIAN_POINT('',(-13.08437122683,-31.37884502853,
    -9.6350613965E-07));
#3991 = CARTESIAN_POINT('',(-13.08450114586,-31.37890911547,
    -1.06925688215E-06));
#3992 = CARTESIAN_POINT('',(-13.08463106491,-31.37897320219,
    -1.18088492651E-06));
#3993 = CARTESIAN_POINT('',(-13.08476098398,-31.37903728868,
    -1.29838708873E-06));
#3994 = CARTESIAN_POINT('',(-13.08489090306,-31.37910137495,
    -1.42176519602E-06));
#3995 = CARTESIAN_POINT('',(-13.08528066038,-31.37929363311,
    -1.80952521667E-06));
#3996 = CARTESIAN_POINT('',(-13.08554049866,-31.37942180433,
    -2.0915338147E-06));
#3997 = CARTESIAN_POINT('',(-13.08580033701,-31.37954997465,
    -2.39704321925E-06));
#3998 = CARTESIAN_POINT('',(-13.08606017543,-31.37967814409,
    -2.72605698581E-06));
#3999 = CARTESIAN_POINT('',(-13.08632001391,-31.37980631263,
    -3.07856880111E-06));
#4000 = CARTESIAN_POINT('',(-13.08657985247,-31.37993448028,
    -3.45458889184E-06));
#4001 = CARTESIAN_POINT('',(-13.08683969107,-31.38006264704,
    -3.85410506842E-06));
#4002 = CARTESIAN_POINT('',(-13.08709952975,-31.38019081291,
    -4.27712994366E-06));
#4003 = CARTESIAN_POINT('',(-13.08735936849,-31.38031897788,
    -4.72365368187E-06));
#4004 = CARTESIAN_POINT('',(-13.08761920728,-31.38044714196,
    -5.19368299301E-06));
#4005 = CARTESIAN_POINT('',(-13.08787904614,-31.38057530514,
    -5.68721480509E-06));
#4006 = CARTESIAN_POINT('',(-13.08865856297,-31.38095979205,
    -7.23832213756E-06));
#4007 = CARTESIAN_POINT('',(-13.08917824113,-31.3812161131,
    -8.36640830915E-06));
#4008 = CARTESIAN_POINT('',(-13.08969791953,-31.38147243057,
    -9.58851115895E-06));
#4009 = CARTESIAN_POINT('',(-13.09021759817,-31.38172874446,
    -1.090463156317E-05));
#4010 = CARTESIAN_POINT('',(-13.09073727702,-31.38198505476,
    -1.231477262698E-05));
#4011 = CARTESIAN_POINT('',(-13.09125695608,-31.38224136147,
    -1.381893410701E-05));
#4012 = CARTESIAN_POINT('',(-13.09177663534,-31.38249766458,
    -1.541712004283E-05));
#4013 = CARTESIAN_POINT('',(-13.09229631479,-31.3827539641,
    -1.710932989418E-05));
#4014 = CARTESIAN_POINT('',(-13.09281599443,-31.38301026001,
    -1.889556723444E-05));
#4015 = CARTESIAN_POINT('',(-13.09333567424,-31.38326655231,
    -2.07758326306E-05));
#4016 = CARTESIAN_POINT('',(-13.09385535421,-31.383522841,
    -2.275012838193E-05));
#4017 = CARTESIAN_POINT('',(-13.09541439533,-31.38429169659,
    -2.895511454271E-05));
#4018 = CARTESIAN_POINT('',(-13.09645375708,-31.3848042527,
    -3.34679011883E-05));
#4019 = CARTESIAN_POINT('',(-13.0974931195,-31.38531679436,
    -3.83568323451E-05));
#4020 = CARTESIAN_POINT('',(-13.09853248252,-31.38582932155,
    -4.362191874807E-05));
#4021 = CARTESIAN_POINT('',(-13.09957184607,-31.38634183423,
    -4.926318344112E-05));
#4022 = CARTESIAN_POINT('',(-13.10061121006,-31.38685433236,
    -5.528062901639E-05));
#4023 = CARTESIAN_POINT('',(-13.10165057442,-31.3873668159,
    -6.167428613368E-05));
#4024 = CARTESIAN_POINT('',(-13.10268993907,-31.38787928482,
    -6.844415431484E-05));
#4025 = CARTESIAN_POINT('',(-13.10372930395,-31.38839173909,
    -7.559026188464E-05));
#4026 = CARTESIAN_POINT('',(-13.10476866896,-31.38890417865,
    -8.311261572247E-05));
#4027 = CARTESIAN_POINT('',(-13.10580803404,-31.38941660349,
    -9.10112357605E-05));
#4028 = CARTESIAN_POINT('',(-13.10892613523,-31.39095383665,
    -1.158359843478E-04));
#4029 = CARTESIAN_POINT('',(-13.11100487242,-31.39197860122,
    -1.338909656727E-04));
#4030 = CARTESIAN_POINT('',(-13.11308361003,-31.39300330695,
    -1.534512158624E-04));
#4031 = CARTESIAN_POINT('',(-13.11516234744,-31.39402795357,
    -1.745168729419E-04));
#4032 = CARTESIAN_POINT('',(-13.11724108402,-31.39505254075,
    -1.970880759465E-04));
#4033 = CARTESIAN_POINT('',(-13.11931981915,-31.39607706822,
    -2.211649657531E-04));
#4034 = CARTESIAN_POINT('',(-13.12139855218,-31.39710153566,
    -2.467476851634E-04));
#4035 = CARTESIAN_POINT('',(-13.1234772825,-31.39812594277,
    -2.738363774926E-04));
#4036 = CARTESIAN_POINT('',(-13.12555600947,-31.39915028927,
    -3.024311892051E-04));
#4037 = CARTESIAN_POINT('',(-13.12763473246,-31.40017457484,
    -3.325322667601E-04));
#4038 = CARTESIAN_POINT('',(-13.12971345084,-31.4011987992,
    -3.641397593586E-04));
#4039 = CARTESIAN_POINT('',(-13.13594963826,-31.40427131132,
    -4.634826970222E-04));
#4040 = CARTESIAN_POINT('',(-13.14010710056,-31.40631941893,
    -5.35738021294E-04));
#4041 = CARTESIAN_POINT('',(-13.14426454555,-31.40836728233,
    -6.140211570692E-04));
#4042 = CARTESIAN_POINT('',(-13.1484219679,-31.41041489899,
    -6.983334954055E-04));
#4043 = CARTESIAN_POINT('',(-13.15257936228,-31.4124622664,
    -7.886764556965E-04));
#4044 = CARTESIAN_POINT('',(-13.15673672336,-31.41450938203,
    -8.850514777394E-04));
#4045 = CARTESIAN_POINT('',(-13.1608940458,-31.41655624335,
    -9.874600332872E-04));
#4046 = CARTESIAN_POINT('',(-13.16505132428,-31.41860284785,
    -1.095903612469E-03));
#4047 = CARTESIAN_POINT('',(-13.16920855345,-31.42064919298,
    -1.210383736983E-03));
#4048 = CARTESIAN_POINT('',(-13.173365728,-31.42269527624,
    -1.330901949545E-03));
#4049 = CARTESIAN_POINT('',(-13.17752284258,-31.42474109508,
    -1.457459820863E-03));
#4050 = CARTESIAN_POINT('',(-13.18999437424,-31.43087793964,
    -1.855269437961E-03));
#4051 = CARTESIAN_POINT('',(-13.19830866951,-31.43496820054,
    -2.144648273441E-03));
#4052 = CARTESIAN_POINT('',(-13.20662273011,-31.43905740742,
    -2.458210501942E-03));
#4053 = CARTESIAN_POINT('',(-13.2149365085,-31.44314553799,
    -2.795971581833E-03));
#4054 = CARTESIAN_POINT('',(-13.2232499572,-31.44723257,
    -3.157947384754E-03));
#4055 = CARTESIAN_POINT('',(-13.23156302873,-31.45131848115,
    -3.544154190425E-03));
#4056 = CARTESIAN_POINT('',(-13.23987567568,-31.45540324919,
    -3.954608695563E-03));
#4057 = CARTESIAN_POINT('',(-13.24818785063,-31.45948685183,
    -4.389328006388E-03));
#4058 = CARTESIAN_POINT('',(-13.25649950623,-31.46356926682,
    -4.848329646564E-03));
#4059 = CARTESIAN_POINT('',(-13.26481059513,-31.46765047188,
    -5.331631553464E-03));
#4060 = CARTESIAN_POINT('',(-13.27312107004,-31.47173044473,
    -5.839252081667E-03));
#4061 = CARTESIAN_POINT('',(-13.2980535855,-31.48396810895,
    -7.435322666716E-03));
#4062 = CARTESIAN_POINT('',(-13.31467427932,-31.49212234181,
    -8.596849311102E-03));
#4063 = CARTESIAN_POINT('',(-13.33129250228,-31.50027164861,
    -9.855967339364E-03));
#4064 = CARTESIAN_POINT('',(-13.34790779303,-31.50841581678,
    -1.12128609983E-02));
#4065 = CARTESIAN_POINT('',(-13.36451969162,-31.51655463417,
    -1.266772141934E-02));
#4066 = CARTESIAN_POINT('',(-13.38112773948,-31.52468788908,
    -1.422074669622E-02));
#4067 = CARTESIAN_POINT('',(-13.39773147935,-31.5328153702,
    -1.587214190786E-02));
#4068 = CARTESIAN_POINT('',(-13.41433045522,-31.5409368666,
    -1.762211921673E-02));
#4069 = CARTESIAN_POINT('',(-13.43092421231,-31.54905216771,
    -1.947089788691E-02));
#4070 = CARTESIAN_POINT('',(-13.44751229698,-31.55716106328,
    -2.141870437906E-02));
#4071 = CARTESIAN_POINT('',(-13.46409425672,-31.56526334336,
    -2.346577238849E-02));
#4072 = CARTESIAN_POINT('',(-13.51384519018,-31.58956181238,
    -2.990869353886E-02));
#4073 = CARTESIAN_POINT('',(-13.54700050631,-31.60574032891,
    -3.460435573947E-02));
#4074 = CARTESIAN_POINT('',(-13.58013042282,-31.62189204574,
    -3.970147646885E-02));
#4075 = CARTESIAN_POINT('',(-13.61322982481,-31.63801468196,
    -4.520232997693E-02));
#4076 = CARTESIAN_POINT('',(-13.64629364579,-31.65410597674,
    -5.110932139232E-02));
#4077 = CARTESIAN_POINT('',(-13.67931686516,-31.67016368816,
    -5.7424990383E-02));
#4078 = CARTESIAN_POINT('',(-13.71229450583,-31.68618559201,
    -6.415201502071E-02));
#4079 = CARTESIAN_POINT('',(-13.7452216317,-31.70216948062,
    -7.129321570483E-02));
#4080 = CARTESIAN_POINT('',(-13.77809334518,-31.71811316162,
    -7.885155932685E-02));
#4081 = CARTESIAN_POINT('',(-13.81090478458,-31.73401445671,
    -8.683016351595E-02));
#4082 = CARTESIAN_POINT('',(-13.8436511216,-31.74987120046,
    -9.523230110853E-02));
#4083 = CARTESIAN_POINT('',(-13.94188508538,-31.79740033427,
    -0.121774908787));
#4084 = CARTESIAN_POINT('',(-14.00719699492,-31.82894931226,
    -0.141219349194));
#4085 = CARTESIAN_POINT('',(-14.07221380445,-31.86030667842,
    -0.162424015107));
#4086 = CARTESIAN_POINT('',(-14.13688507588,-31.89145067841,
    -0.185422659416));
#4087 = CARTESIAN_POINT('',(-14.20115756503,-31.92235858519,
    -0.210253074863));
#4088 = CARTESIAN_POINT('',(-14.26497337763,-31.95300599327,
    -0.236956734579));
#4089 = CARTESIAN_POINT('',(-14.32826811851,-31.98336611453,
    -0.265578505274));
#4090 = CARTESIAN_POINT('',(-14.39096901847,-32.01340906943,
    -0.296166442517));
#4091 = CARTESIAN_POINT('',(-14.45299302001,-32.04310116622,
    -0.328771678925));
#4092 = CARTESIAN_POINT('',(-14.51424479964,-32.07240415938,
    -0.363448417722));
#4093 = CARTESIAN_POINT('',(-14.57461469983,-32.10127447683,
    -0.400254046116));
#4094 = CARTESIAN_POINT('',(-14.75454737744,-32.18732160381,
    -0.518453483064));
#4095 = CARTESIAN_POINT('',(-14.87153206165,-32.24325986849,
    -0.607090044017));
#4096 = CARTESIAN_POINT('',(-14.98365389813,-32.29700072016,
    -0.705632651377));
#4097 = CARTESIAN_POINT('',(-15.0902442571,-32.34819296795,
    -0.815335909731));
#4098 = CARTESIAN_POINT('',(-15.18768453228,-32.39560622174,
    -0.93590270406));
#4099 = CARTESIAN_POINT('',(-15.27540693653,-32.43888404523,
    -1.068433589605));
#4100 = CARTESIAN_POINT('',(-15.34995790078,-32.47667627358,
    -1.213536213451));
#4101 = CARTESIAN_POINT('',(-15.4039973786,-32.50638066344,
    -1.368320467642));
#4102 = CARTESIAN_POINT('',(-15.43610968192,-32.52697629783,
    -1.525869535873));
#4103 = CARTESIAN_POINT('',(-15.45576553804,-32.54049353502,
    -1.680490973223));
#4104 = CARTESIAN_POINT('',(-15.46592158466,-32.54750007521,
    -1.838826947554));
#4105 = CARTESIAN_POINT('',(-15.46592158466,-32.54750007521,-2.));
#4106 = CARTESIAN_POINT('',(-13.08190276842,-31.37762733713,0.));
#4107 = CARTESIAN_POINT('',(-13.08211133799,-31.37753199493,-5.618E-14)
  );
#4108 = CARTESIAN_POINT('',(-13.08190637306,-31.37827492778,
    -3.14184201E-09));
#4109 = CARTESIAN_POINT('',(-13.08322444698,-31.37593050879,
    -9.42695244E-09));
#4110 = CARTESIAN_POINT('',(-13.08086550812,-31.38103976012,
    -1.885149248E-08));
#4111 = CARTESIAN_POINT('',(-13.08486687879,-31.37325603053,
    -3.142301341E-08));
#4112 = CARTESIAN_POINT('',(-13.08069004105,-31.38205034273,
    -4.71302426E-08));
#4113 = CARTESIAN_POINT('',(-13.08443639949,-31.37478354729,
    -6.598694757E-08));
#4114 = CARTESIAN_POINT('',(-13.08241404147,-31.37921051363,
    -8.797966367E-08));
#4115 = CARTESIAN_POINT('',(-13.08348769227,-31.37736156149,
    -1.1311918446E-07));
#4116 = CARTESIAN_POINT('',(-13.08338998841,-31.37788706128,
    -1.4139870352E-07));
#4117 = CARTESIAN_POINT('',(-13.08357543966,-31.37783857699,
    -1.7282164699E-07));
#4118 = CARTESIAN_POINT('',(-13.08387955996,-31.37787698149,
    -2.4195206927E-07));
#4119 = CARTESIAN_POINT('',(-13.08403161997,-31.37789618351,
    -2.7965969507E-07));
#4120 = CARTESIAN_POINT('',(-13.08418367983,-31.3779153853,
    -3.2051036392E-07));
#4121 = CARTESIAN_POINT('',(-13.08433573955,-31.37793458686,
    -3.6450221219E-07));
#4122 = CARTESIAN_POINT('',(-13.08448779913,-31.3779537882,
    -4.1163940701E-07));
#4123 = CARTESIAN_POINT('',(-13.08463985856,-31.3779729893,
    -4.6191519043E-07));
#4124 = CARTESIAN_POINT('',(-13.08479191786,-31.37799219018,
    -5.1533850498E-07));
#4125 = CARTESIAN_POINT('',(-13.08494397701,-31.37801139083,
    -5.7190000102E-07));
#4126 = CARTESIAN_POINT('',(-13.08509603602,-31.37803059125,
    -6.3160769659E-07));
#4127 = CARTESIAN_POINT('',(-13.08524809489,-31.37804979144,
    -6.9445625595E-07));
#4128 = CARTESIAN_POINT('',(-13.08540015361,-31.3780689914,
    -7.6044849728E-07));
#4129 = CARTESIAN_POINT('',(-13.08585632937,-31.37812659061,
    -9.6785338033E-07));
#4130 = CARTESIAN_POINT('',(-13.08616044598,-31.37816498916,
    -1.11869487451E-06));
#4131 = CARTESIAN_POINT('',(-13.08646456203,-31.3782033868,
    -1.28210875472E-06));
#4132 = CARTESIAN_POINT('',(-13.08676867752,-31.37824178352,
    -1.4580938581E-06));
#4133 = CARTESIAN_POINT('',(-13.08707279246,-31.37828017934,
    -1.64665357805E-06));
#4134 = CARTESIAN_POINT('',(-13.08737690685,-31.37831857423,
    -1.84778357137E-06));
#4135 = CARTESIAN_POINT('',(-13.08768102068,-31.37835696822,
    -2.06148982396E-06));
#4136 = CARTESIAN_POINT('',(-13.08798513397,-31.37839536129,
    -2.28776717237E-06));
#4137 = CARTESIAN_POINT('',(-13.08828924671,-31.37843375345,
    -2.52662029432E-06));
#4138 = CARTESIAN_POINT('',(-13.08859335892,-31.3784721447,
    -2.77804677218E-06));
#4139 = CARTESIAN_POINT('',(-13.08889747058,-31.37851053503,
    -3.04204830093E-06));
#4140 = CARTESIAN_POINT('',(-13.08980980396,-31.37862570329,
    -3.87177760741E-06));
#4141 = CARTESIAN_POINT('',(-13.09041802406,-31.37870247849,
    -4.47523043168E-06));
#4142 = CARTESIAN_POINT('',(-13.09102624204,-31.37877925003,
    -5.12898590133E-06));
#4143 = CARTESIAN_POINT('',(-13.09163445792,-31.37885601793,
    -5.83304699775E-06));
#4144 = CARTESIAN_POINT('',(-13.09224267171,-31.37893278218,
    -6.58741595772E-06));
#4145 = CARTESIAN_POINT('',(-13.09285088344,-31.37900954279,
    -7.39209674838E-06));
#4146 = CARTESIAN_POINT('',(-13.09345909312,-31.37908629976,
    -8.24709009994E-06));
#4147 = CARTESIAN_POINT('',(-13.09406730078,-31.37916305309,
    -9.15240149513E-06));
#4148 = CARTESIAN_POINT('',(-13.09467550644,-31.37923980278,
    -1.010803096602E-05));
#4149 = CARTESIAN_POINT('',(-13.09528371012,-31.37931654884,
    -1.111398340359E-05));
#4150 = CARTESIAN_POINT('',(-13.09589191184,-31.37939329125,
    -1.217026038114E-05));
#4151 = CARTESIAN_POINT('',(-13.09771651118,-31.37962350761,
    -1.549007465029E-05));
#4152 = CARTESIAN_POINT('',(-13.09893290298,-31.37977697064,
    -1.790459382034E-05));
#4153 = CARTESIAN_POINT('',(-13.10014928719,-31.37993041916,
    -2.052044584822E-05));
#4154 = CARTESIAN_POINT('',(-13.10136566398,-31.38008385316,
    -2.333765562668E-05));
#4155 = CARTESIAN_POINT('',(-13.10258203349,-31.38023727267,
    -2.635624399461E-05));
#4156 = CARTESIAN_POINT('',(-13.10379839592,-31.38039067769,
    -2.957623915523E-05));
#4157 = CARTESIAN_POINT('',(-13.1050147514,-31.38054406824,
    -3.299765863252E-05));
#4158 = CARTESIAN_POINT('',(-13.10623110012,-31.38069744433,
    -3.662053254472E-05));
#4159 = CARTESIAN_POINT('',(-13.10744744223,-31.38085080597,
    -4.044487890265E-05));
#4160 = CARTESIAN_POINT('',(-13.1086637779,-31.38100415318,
    -4.447072512148E-05));
#4161 = CARTESIAN_POINT('',(-13.10988010729,-31.38115748596,
    -4.869809283026E-05));
#4162 = CARTESIAN_POINT('',(-13.11352907713,-31.38161744109,
    -6.198483345077E-05));
#4163 = CARTESIAN_POINT('',(-13.11596169925,-31.3819240202,
    -7.164882470401E-05));
#4164 = CARTESIAN_POINT('',(-13.11839429823,-31.38223054177,
    -8.211919151557E-05));
#4165 = CARTESIAN_POINT('',(-13.12082687538,-31.3825370059,
    -9.339614446169E-05));
#4166 = CARTESIAN_POINT('',(-13.12325943197,-31.38284341268,
    -1.054798956668E-04));
#4167 = CARTESIAN_POINT('',(-13.12569196931,-31.38314976221,
    -1.183706546769E-04));
#4168 = CARTESIAN_POINT('',(-13.1281244887,-31.38345605459,
    -1.320686347105E-04));
#4169 = CARTESIAN_POINT('',(-13.13055699142,-31.3837622899,
    -1.465740445651E-04));
#4170 = CARTESIAN_POINT('',(-13.13298947878,-31.38406846826,
    -1.618870974961E-04));
#4171 = CARTESIAN_POINT('',(-13.13542195206,-31.38437458975,
    -1.780080030394E-04));
#4172 = CARTESIAN_POINT('',(-13.13785441257,-31.38468065447,
    -1.9493697324E-04));
#4173 = CARTESIAN_POINT('',(-13.14515175966,-31.38559867861,
    -2.481487100245E-04));
#4174 = CARTESIAN_POINT('',(-13.15001661203,-31.38621046806,
    -2.868560101285E-04));
#4175 = CARTESIAN_POINT('',(-13.15488142877,-31.38682203157,
    -3.287981612317E-04));
#4176 = CARTESIAN_POINT('',(-13.15974621996,-31.38743336989,
    -3.739772064537E-04));
#4177 = CARTESIAN_POINT('',(-13.16461099567,-31.38804448371,
    -4.223951869194E-04));
#4178 = CARTESIAN_POINT('',(-13.16947576599,-31.3886553738,
    -4.740541467936E-04));
#4179 = CARTESIAN_POINT('',(-13.17434054096,-31.38926604083,
    -5.289561265714E-04));
#4180 = CARTESIAN_POINT('',(-13.17920533069,-31.38987648557,
    -5.871031702651E-04));
#4181 = CARTESIAN_POINT('',(-13.18407014522,-31.39048670871,
    -6.484973192104E-04));
#4182 = CARTESIAN_POINT('',(-13.18893499463,-31.39109671099,
    -7.131406163529E-04));
#4183 = CARTESIAN_POINT('',(-13.19379988901,-31.39170649314,
    -7.810351038804E-04));
#4184 = CARTESIAN_POINT('',(-13.20839473723,-31.39353518132,
    -9.944782650209E-04));
#4185 = CARTESIAN_POINT('',(-13.21812485887,-31.39475342964,
    -1.149781959185E-03));
#4186 = CARTESIAN_POINT('',(-13.22785528005,-31.39597080592,
    -1.318115866314E-03));
#4187 = CARTESIAN_POINT('',(-13.23758607754,-31.39718731526,
    -1.499501944334E-03));
#4188 = CARTESIAN_POINT('',(-13.24731732805,-31.39840296276,
    -1.693962154645E-03));
#4189 = CARTESIAN_POINT('',(-13.25704910832,-31.39961775351,
    -1.901518452941E-03));
#4190 = CARTESIAN_POINT('',(-13.2667814951,-31.40083169262,
    -2.122192802417E-03));
#4191 = CARTESIAN_POINT('',(-13.27651456512,-31.40204478518,
    -2.356007158212E-03));
#4192 = CARTESIAN_POINT('',(-13.28624839511,-31.40325703629,
    -2.602983482632E-03));
#4193 = CARTESIAN_POINT('',(-13.29598306182,-31.40446845105,
    -2.863143732673E-03));
#4194 = CARTESIAN_POINT('',(-13.30571864198,-31.40567903456,
    -3.136509868577E-03));
#4195 = CARTESIAN_POINT('',(-13.33492835301,-31.40930830661,
    -3.996291809853E-03));
#4196 = CARTESIAN_POINT('',(-13.35440547078,-31.41172452241,
    -4.622312210963E-03));
#4197 = CARTESIAN_POINT('',(-13.37388714179,-31.41413747142,
    -5.301432584863E-03));
#4198 = CARTESIAN_POINT('',(-13.39337394221,-31.41654718576,
    -6.033920466579E-03));
#4199 = CARTESIAN_POINT('',(-13.41286644819,-31.41895369753,
    -6.820043386156E-03));
#4200 = CARTESIAN_POINT('',(-13.4323652359,-31.42135703886,
    -7.660068881356E-03));
#4201 = CARTESIAN_POINT('',(-13.45187088148,-31.42375724185,
    -8.554264480503E-03));
#4202 = CARTESIAN_POINT('',(-13.47138396111,-31.42615433863,
    -9.502897721051E-03));
#4203 = CARTESIAN_POINT('',(-13.49090505093,-31.4285483613,
    -1.050623613354E-02));
#4204 = CARTESIAN_POINT('',(-13.51043472711,-31.43093934198,
    -1.156454725251E-02));
#4205 = CARTESIAN_POINT('',(-13.52997356581,-31.43332731278,
    -1.267809861081E-02));
#4206 = CARTESIAN_POINT('',(-13.58861929795,-31.44048229191,
    -1.61852760037E-02));
#4207 = CARTESIAN_POINT('',(-13.62775475189,-31.44524036288,
    -1.874368289057E-02));
#4208 = CARTESIAN_POINT('',(-13.666933276,-31.44998671497,
    -2.152627418184E-02));
#4209 = CARTESIAN_POINT('',(-13.7061596413,-31.45472154439,
    -2.453694565658E-02));
#4210 = CARTESIAN_POINT('',(-13.74543861876,-31.45944504734,
    -2.777959309483E-02));
#4211 = CARTESIAN_POINT('',(-13.78477497941,-31.46415742006,
    -3.125811227482E-02));
#4212 = CARTESIAN_POINT('',(-13.82417349421,-31.46885885875,
    -3.497639897743E-02));
#4213 = CARTESIAN_POINT('',(-13.86363893419,-31.47354955964,
    -3.89383489804E-02));
#4214 = CARTESIAN_POINT('',(-13.90317607033,-31.47822971893,
    -4.314785806452E-02));
#4215 = CARTESIAN_POINT('',(-13.94278967364,-31.48289953284,
    -4.760882200814E-02));
#4216 = CARTESIAN_POINT('',(-13.9824845151,-31.48755919759,
    -5.232513659121E-02));
#4217 = CARTESIAN_POINT('',(-14.10182706698,-31.50150833301,
    -6.725181959612E-02));
#4218 = CARTESIAN_POINT('',(-14.18173775682,-31.51076796497,
    -7.824732305957E-02));
#4219 = CARTESIAN_POINT('',(-14.26203817301,-31.51998959601,
    -9.033495435919E-02));
#4220 = CARTESIAN_POINT('',(-14.34277467005,-31.52917514342,
    -0.103565232431));
#4221 = CARTESIAN_POINT('',(-14.42399896024,-31.53832685673,
    -0.117994537555));
#4222 = CARTESIAN_POINT('',(-14.50576785475,-31.54744752334,
    -0.133688200161));
#4223 = CARTESIAN_POINT('',(-14.58814300464,-31.55654067419,
    -0.150723589599));
#4224 = CARTESIAN_POINT('',(-14.67119064202,-31.56561078946,
    -0.169193202952));
#4225 = CARTESIAN_POINT('',(-14.75498132099,-31.5746635042,
    -0.18920775381));
#4226 = CARTESIAN_POINT('',(-14.83958965879,-31.58370581402,
    -0.210899261073));
#4227 = CARTESIAN_POINT('',(-14.92509407685,-31.59274628073,
    -0.234424137733));
#4228 = CARTESIAN_POINT('',(-15.18454147173,-31.61989315262,
    -0.311050563556));
#4229 = CARTESIAN_POINT('',(-15.36136249754,-31.63798690708,
    -0.370114018068));
#4230 = CARTESIAN_POINT('',(-15.54307036318,-31.65643772861,
    -0.439387667584));
#4231 = CARTESIAN_POINT('',(-15.72818257958,-31.67450229158,
    -0.518661846886));
#4232 = CARTESIAN_POINT('',(-15.92024625432,-31.69375492502,
    -0.613910056912));
#4233 = CARTESIAN_POINT('',(-16.11564216538,-31.71332144724,
    -0.727140761622));
#4234 = CARTESIAN_POINT('',(-16.31206864707,-31.73304269371,
    -0.861348957419));
#4235 = CARTESIAN_POINT('',(-16.50844540073,-31.75485683568,
    -1.026680515081));
#4236 = CARTESIAN_POINT('',(-16.68759234806,-31.7776365098,
    -1.233342385766));
#4237 = CARTESIAN_POINT('',(-16.81476298101,-31.79456727267,
    -1.47714486383));
#4238 = CARTESIAN_POINT('',(-16.8787611953,-31.80303563908,
    -1.738602295502));
#4239 = CARTESIAN_POINT('',(-16.8787611953,-31.80303563908,-2.));
#4240 = ADVANCED_FACE('',(#4241),#4246,.T.);
#4241 = FACE_BOUND('',#4242,.T.);
#4242 = EDGE_LOOP('',(#4243,#4244,#4245));
#4243 = ORIENTED_EDGE('',*,*,#2989,.T.);
#4244 = ORIENTED_EDGE('',*,*,#2831,.T.);
#4245 = ORIENTED_EDGE('',*,*,#2540,.F.);
#4246 = ( BOUNDED_SURFACE() B_SPLINE_SURFACE(2,12,(
    (#4247,#4248,#4249,#4250,#4251,#4252,#4253,#4254,#4255,#4256,#4257
      ,#4258,#4259,#4260,#4261,#4262,#4263,#4264,#4265,#4266,#4267,#4268
      ,#4269,#4270,#4271,#4272,#4273,#4274,#4275,#4276,#4277,#4278,#4279
      ,#4280,#4281,#4282,#4283,#4284,#4285,#4286,#4287,#4288,#4289,#4290
      ,#4291,#4292,#4293,#4294,#4295,#4296,#4297,#4298,#4299,#4300,#4301
      ,#4302,#4303,#4304,#4305,#4306,#4307,#4308,#4309,#4310,#4311,#4312
      ,#4313,#4314,#4315,#4316,#4317,#4318,#4319,#4320,#4321,#4322,#4323
      ,#4324,#4325,#4326,#4327,#4328,#4329,#4330,#4331,#4332,#4333,#4334
      ,#4335,#4336,#4337,#4338,#4339,#4340,#4341,#4342,#4343,#4344,#4345
      ,#4346,#4347,#4348,#4349,#4350,#4351,#4352,#4353,#4354,#4355,#4356
      ,#4357,#4358,#4359,#4360,#4361,#4362,#4363,#4364,#4365,#4366,#4367
      ,#4368,#4369,#4370,#4371,#4372,#4373,#4374,#4375,#4376,#4377,#4378
      ,#4379,#4380)
    ,(#4381,#4382,#4383,#4384,#4385,#4386,#4387,#4388,#4389,#4390,#4391
      ,#4392,#4393,#4394,#4395,#4396,#4397,#4398,#4399,#4400,#4401,#4402
      ,#4403,#4404,#4405,#4406,#4407,#4408,#4409,#4410,#4411,#4412,#4413
      ,#4414,#4415,#4416,#4417,#4418,#4419,#4420,#4421,#4422,#4423,#4424
      ,#4425,#4426,#4427,#4428,#4429,#4430,#4431,#4432,#4433,#4434,#4435
      ,#4436,#4437,#4438,#4439,#4440,#4441,#4442,#4443,#4444,#4445,#4446
      ,#4447,#4448,#4449,#4450,#4451,#4452,#4453,#4454,#4455,#4456,#4457
      ,#4458,#4459,#4460,#4461,#4462,#4463,#4464,#4465,#4466,#4467,#4468
      ,#4469,#4470,#4471,#4472,#4473,#4474,#4475,#4476,#4477,#4478,#4479
      ,#4480,#4481,#4482,#4483,#4484,#4485,#4486,#4487,#4488,#4489,#4490
      ,#4491,#4492,#4493,#4494,#4495,#4496,#4497,#4498,#4499,#4500,#4501
      ,#4502,#4503,#4504,#4505,#4506,#4507,#4508,#4509,#4510,#4511,#4512
      ,#4513,#4514)
    ,(#4515,#4516,#4517,#4518,#4519,#4520,#4521,#4522,#4523,#4524,#4525
      ,#4526,#4527,#4528,#4529,#4530,#4531,#4532,#4533,#4534,#4535,#4536
      ,#4537,#4538,#4539,#4540,#4541,#4542,#4543,#4544,#4545,#4546,#4547
      ,#4548,#4549,#4550,#4551,#4552,#4553,#4554,#4555,#4556,#4557,#4558
      ,#4559,#4560,#4561,#4562,#4563,#4564,#4565,#4566,#4567,#4568,#4569
      ,#4570,#4571,#4572,#4573,#4574,#4575,#4576,#4577,#4578,#4579,#4580
      ,#4581,#4582,#4583,#4584,#4585,#4586,#4587,#4588,#4589,#4590,#4591
      ,#4592,#4593,#4594,#4595,#4596,#4597,#4598,#4599,#4600,#4601,#4602
      ,#4603,#4604,#4605,#4606,#4607,#4608,#4609,#4610,#4611,#4612,#4613
      ,#4614,#4615,#4616,#4617,#4618,#4619,#4620,#4621,#4622,#4623,#4624
      ,#4625,#4626,#4627,#4628,#4629,#4630,#4631,#4632,#4633,#4634,#4635
      ,#4636,#4637,#4638,#4639,#4640,#4641,#4642,#4643,#4644,#4645,#4646
      ,#4647,#4648
)),.UNSPECIFIED.,.F.,.F.,.F.) B_SPLINE_SURFACE_WITH_KNOTS((3,3),(13,11,
    11,11,11,11,11,11,11,11,11,11,13),(0.,3.657814353862),(
    31.157814353862,33.001365736327,33.908497222026,34.362062964875,
    34.5888458363,34.702237272012,34.758932989869,34.787280848797,
    34.801454778261,34.808541742993,34.812085225359,34.813856966542,
34.815628707725),.UNSPECIFIED.) GEOMETRIC_REPRESENTATION_ITEM() 
RATIONAL_B_SPLINE_SURFACE((
    (1.,1.,1.,1.000000000001,0.999999999998,1.000000000003
      ,0.999999999996,1.000000000003,0.999999999998,1.000000000001,1.,1.
      ,1.,1.,1.,0.999999999999,1.000000000001,0.999999999999
      ,1.000000000001,0.999999999999,1.,1.,1.,1.,1.000000000001
      ,0.999999999998,1.000000000003,0.999999999996,1.000000000004
      ,0.999999999996,1.000000000002,0.999999999999,1.,1.,1.,1.
      ,1.000000000001,0.999999999999,1.000000000001,0.999999999999,1.,1.
      ,1.,1.,1.,1.,1.,1.,1.000000000001,0.999999999998,1.000000000003
      ,0.999999999997,1.000000000002,0.999999999999,1.,1.,1.,1.,1.,1.,1.
      ,1.,1.,1.,1.,1.,1.,1.,1.,1.000000000001,0.999999999998
      ,1.000000000002,0.999999999998,1.000000000002,0.999999999999
      ,1.000000000001,1.,1.,1.,1.000000000001,0.999999999998
      ,1.000000000003,0.999999999996,1.000000000005,0.999999999996
      ,1.000000000003,0.999999999998,1.000000000001,1.,1.,1.
      ,0.999999999999,1.000000000001,0.999999999999,1.000000000001
      ,0.999999999999,1.000000000001,1.,1.,1.,1.,1.,0.999999999999
      ,1.000000000003,0.999999999996,1.000000000004,0.999999999997
      ,1.000000000002,0.999999999999,1.,1.,1.,1.,1.000000000001
      ,0.999999999999,1.000000000002,0.999999999998,1.000000000002
      ,0.999999999999,1.000000000001,1.,1.,1.,1.,1.,1.000000000001
      ,0.999999999999,1.000000000001,0.999999999999,1.000000000001,1.,1.
      ,1.,1.)
    ,(0.781444201016,0.781444201016,0.78918456686,0.80460855899
      ,0.82575845526,0.84782172681,0.867382389535,0.885132599493
      ,0.901545775782,0.915366928284,0.927972220037,0.938967635856
      ,0.953431027552,0.957879560534,0.962027072265,0.965891448095
      ,0.969488408886,0.972831703623,0.975933302009,0.978803587087
      ,0.981451547829,0.983884971758,0.986110637542,0.989146442638
      ,0.990108281831,0.991020530428,0.991883693685,0.992698276835
      ,0.993464785145,0.994183723839,0.994855598185,0.995480913415
      ,0.996060174786,0.99659388754,0.997326891618,0.997559899435
      ,0.997781607955,0.997992044749,0.998191237405,0.998379213485
      ,0.998556000581,0.998721626256,0.998876118098,0.999019503677
      ,0.999151810572,0.999333694254,0.999391555965,0.999446652882
      ,0.999498986396,0.999548557894,0.999595368771,0.999639420409
      ,0.999680714207,0.999719251546,0.999755033822,0.999788062422
      ,0.999833476893,0.999847926763,0.999861688387,0.999874761808
      ,0.999887147065,0.999898844204,0.99990985326,0.999920174282
      ,0.999929807306,0.999938752377,0.999947009535,0.999958363466
      ,0.999961976127,0.999965416805,0.999968685491,0.999971782191
      ,0.99997470689,0.999977459596,0.999980040296,0.999982448994
      ,0.999984685682,0.99998675036,0.999989589354,0.999990492681
      ,0.999991353,0.99999217032,0.999992944619,0.999993675927
      ,0.999994364208,0.999995009494,0.999995611757,0.999996171015
      ,0.999996687257,0.999997397099,0.99999762296,0.999997838066
      ,0.999998042421,0.999998236016,0.999998418865,0.999998590951
      ,0.99999875229,0.999998902869,0.999999042696,0.999999171768
      ,0.999999349242,0.999999405712,0.99999945949,0.999999510586
      ,0.999999558982,0.999999604704,0.999999647721,0.999999688064
      ,0.999999725707,0.999999760667,0.999999792936,0.999999837306
      ,0.999999851424,0.999999864871,0.999999877641,0.999999889747
      ,0.99999990117,0.999999911932,0.999999922012,0.999999931427
      ,0.999999940165,0.999999948233,0.999999963024,0.999999969747
      ,0.999999975797,0.999999981177,0.99999998588,0.999999989917
      ,0.999999993275,0.999999995967,0.999999997982,0.999999999328,1.,1.
      )
    ,(1.,1.,1.,1.000000000001,0.999999999998,1.000000000003
      ,0.999999999996,1.000000000003,0.999999999998,1.000000000001,1.,1.
      ,1.,1.,1.,0.999999999999,1.000000000001,0.999999999999
      ,1.000000000001,0.999999999999,1.,1.,1.,1.,1.000000000001
      ,0.999999999998,1.000000000003,0.999999999996,1.000000000004
      ,0.999999999996,1.000000000002,0.999999999999,1.,1.,1.,1.
      ,1.000000000001,0.999999999999,1.000000000001,0.999999999999,1.,1.
      ,1.,1.,1.,1.,1.,1.,1.000000000001,0.999999999998,1.000000000003
      ,0.999999999997,1.000000000002,0.999999999999,1.,1.,1.,1.,1.,1.,1.
      ,1.,1.,1.,1.,1.,1.,1.,1.,1.000000000001,0.999999999998
      ,1.000000000002,0.999999999998,1.000000000002,0.999999999999
      ,1.000000000001,1.,1.,1.,1.000000000001,0.999999999998
      ,1.000000000003,0.999999999996,1.000000000005,0.999999999996
      ,1.000000000003,0.999999999998,1.000000000001,1.,1.,1.
      ,0.999999999999,1.000000000001,0.999999999999,1.000000000001
      ,0.999999999999,1.000000000001,1.,1.,1.,1.,1.,0.999999999999
      ,1.000000000003,0.999999999996,1.000000000004,0.999999999997
      ,1.000000000002,0.999999999999,1.,1.,1.,1.,1.000000000001
      ,0.999999999999,1.000000000002,0.999999999998,1.000000000002
      ,0.999999999999,1.000000000001,1.,1.,1.,1.,1.,1.000000000001
      ,0.999999999999,1.000000000001,0.999999999999,1.000000000001,1.,1.
,1.,1.))) REPRESENTATION_ITEM('') SURFACE() );
#4247 = CARTESIAN_POINT('',(-15.87925025651,-34.09006367879,-29.5));
#4248 = CARTESIAN_POINT('',(-15.87925025651,-34.09006367879,
    -29.76920380883));
#4249 = CARTESIAN_POINT('',(-15.82601142129,-34.04427919306,
    -30.03851777666));
#4250 = CARTESIAN_POINT('',(-15.71986690251,-33.95270191238,
    -30.28774887225));
#4251 = CARTESIAN_POINT('',(-15.57332287143,-33.82524584134,
    -30.49624346669));
#4252 = CARTESIAN_POINT('',(-15.41860742068,-33.68082455142,
    -30.65853152187));
#4253 = CARTESIAN_POINT('',(-15.27007672811,-33.53925764348,
    -30.79062488133));
#4254 = CARTESIAN_POINT('',(-15.12372611454,-33.39924585879,
    -30.90207697837));
#4255 = CARTESIAN_POINT('',(-14.97989174261,-33.25884161397,
    -30.99427669247));
#4256 = CARTESIAN_POINT('',(-14.84415364603,-33.12657228594,
    -31.07251833128));
#4257 = CARTESIAN_POINT('',(-14.71052365444,-32.99551855602,
    -31.13982411918));
#4258 = CARTESIAN_POINT('',(-14.58115810484,-32.86844749224,
    -31.19765852866));
#4259 = CARTESIAN_POINT('',(-14.39275139561,-32.68299531353,
    -31.27221991481));
#4260 = CARTESIAN_POINT('',(-14.33140070099,-32.62254930226,
    -31.29489831955));
#4261 = CARTESIAN_POINT('',(-14.27075503566,-32.56274706807,
    -31.31583947252));
#4262 = CARTESIAN_POINT('',(-14.21074524324,-32.50352482756,
    -31.33518991461));
#4263 = CARTESIAN_POINT('',(-14.1513100241,-32.44482406841,
    -31.35307238867));
#4264 = CARTESIAN_POINT('',(-14.09239513458,-32.38659121158,
    -31.36958900407));
#4265 = CARTESIAN_POINT('',(-14.03395258619,-32.32877727351,
    -31.38482440112));
#4266 = CARTESIAN_POINT('',(-13.97593984482,-32.27133752835,
    -31.39884891567));
#4267 = CARTESIAN_POINT('',(-13.91831902993,-32.21423117013,
    -31.41172174354));
#4268 = CARTESIAN_POINT('',(-13.86105611377,-32.15742097502,
    -31.42349410507));
#4269 = CARTESIAN_POINT('',(-13.8041201206,-32.10087296347,
    -31.43421240962));
#4270 = CARTESIAN_POINT('',(-13.71916342847,-32.01639761197,
    -31.44877592529));
#4271 = CARTESIAN_POINT('',(-13.69091843695,-31.98829620004,
    -31.45337967106));
#4272 = CARTESIAN_POINT('',(-13.66274422851,-31.96024828343,
    -31.45773621648));
#4273 = CARTESIAN_POINT('',(-13.63463768037,-31.93225031888,
    -31.46184912066));
#4274 = CARTESIAN_POINT('',(-13.60659566975,-31.90429876313,
    -31.46572194269));
#4275 = CARTESIAN_POINT('',(-13.57861507389,-31.87639007294,
    -31.46935824166));
#4276 = CARTESIAN_POINT('',(-13.55069277,-31.84852070503,-31.4727615767)
  );
#4277 = CARTESIAN_POINT('',(-13.52282563532,-31.82068711617,
    -31.47593550689));
#4278 = CARTESIAN_POINT('',(-13.49501054706,-31.79288576308,
    -31.47888359135));
#4279 = CARTESIAN_POINT('',(-13.46724438245,-31.76511310252,
    -31.48160938916));
#4280 = CARTESIAN_POINT('',(-13.43952401871,-31.73736559122,
    -31.48411645943));
#4281 = CARTESIAN_POINT('',(-13.39800749025,-31.6957767333,
    -31.48755431219));
#4282 = CARTESIAN_POINT('',(-13.38417943508,-31.68191929818,
    -31.48864606811));
#4283 = CARTESIAN_POINT('',(-13.37036179643,-31.66806695391,
    -31.48968386882));
#4284 = CARTESIAN_POINT('',(-13.35655420321,-31.65421927382,
    -31.49066795407));
#4285 = CARTESIAN_POINT('',(-13.3427562843,-31.64037583123,
    -31.49159856365));
#4286 = CARTESIAN_POINT('',(-13.32896766861,-31.62653619949,
    -31.4924759373));
#4287 = CARTESIAN_POINT('',(-13.31518798501,-31.61269995192,
    -31.49330031481));
#4288 = CARTESIAN_POINT('',(-13.3014168624,-31.59886666185,
    -31.49407193593));
#4289 = CARTESIAN_POINT('',(-13.28765392967,-31.5850359026,
    -31.49479104046));
#4290 = CARTESIAN_POINT('',(-13.27389881571,-31.57120724752,
    -31.49545786813));
#4291 = CARTESIAN_POINT('',(-13.26015114941,-31.55738026993,
    -31.49607265874));
#4292 = CARTESIAN_POINT('',(-13.2395402648,-31.53664167976,
    -31.4969171487));
#4293 = CARTESIAN_POINT('',(-13.23267173698,-31.5297291265,
    -31.49718567739));
#4294 = CARTESIAN_POINT('',(-13.22580492704,-31.52281682679,
    -31.49744125718));
#4295 = CARTESIAN_POINT('',(-13.21893978582,-31.51590472406,
    -31.49768390713));
#4296 = CARTESIAN_POINT('',(-13.21207626415,-31.50899276172,
    -31.49791364631));
#4297 = CARTESIAN_POINT('',(-13.20521431286,-31.50208088322,
    -31.49813049377));
#4298 = CARTESIAN_POINT('',(-13.1983538828,-31.49516903198,
    -31.49833446858));
#4299 = CARTESIAN_POINT('',(-13.1914949248,-31.48825715141,
    -31.4985255898));
#4300 = CARTESIAN_POINT('',(-13.1846373897,-31.48134518496,
    -31.49870387649));
#4301 = CARTESIAN_POINT('',(-13.17778122832,-31.47443307604,
    -31.49886934772));
#4302 = CARTESIAN_POINT('',(-13.1709263915,-31.46752076807,
    -31.49902202255));
#4303 = CARTESIAN_POINT('',(-13.16064604939,-31.45715192271,
    -31.49923186877));
#4304 = CARTESIAN_POINT('',(-13.15721958712,-31.45369557654,
    -31.49929862206));
#4305 = CARTESIAN_POINT('',(-13.15379343684,-31.45023915859,
    -31.4993621816));
#4306 = CARTESIAN_POINT('',(-13.15036759212,-31.44678266142,
    -31.49942254912));
#4307 = CARTESIAN_POINT('',(-13.14694204651,-31.44332607765,
    -31.49947972631));
#4308 = CARTESIAN_POINT('',(-13.14351679356,-31.43986939983,
    -31.49953371489));
#4309 = CARTESIAN_POINT('',(-13.14009182685,-31.43641262057,
    -31.49958451656));
#4310 = CARTESIAN_POINT('',(-13.1366671399,-31.43295573245,
    -31.49963213305));
#4311 = CARTESIAN_POINT('',(-13.1332427263,-31.42949872806,
    -31.49967656604));
#4312 = CARTESIAN_POINT('',(-13.12981857959,-31.42604159998,
    -31.49971781727));
#4313 = CARTESIAN_POINT('',(-13.12639469333,-31.4225843408,
    -31.49975588843));
#4314 = CARTESIAN_POINT('',(-13.12125924496,-31.41739824426,
    -31.49980822764));
#4315 = CARTESIAN_POINT('',(-13.11954749231,-31.41566951074,
    -31.49982487938));
#4316 = CARTESIAN_POINT('',(-13.11783580229,-31.41394074161,
    -31.49984073664));
#4317 = CARTESIAN_POINT('',(-13.11612417408,-31.4122119359,
    -31.49985579958));
#4318 = CARTESIAN_POINT('',(-13.11441260686,-31.41048309266,
    -31.49987006837));
#4319 = CARTESIAN_POINT('',(-13.11270109979,-31.40875421094,
    -31.49988354319));
#4320 = CARTESIAN_POINT('',(-13.11098965205,-31.40702528979,
    -31.49989622421));
#4321 = CARTESIAN_POINT('',(-13.1092782628,-31.40529632825,
    -31.4999081116));
#4322 = CARTESIAN_POINT('',(-13.10756693123,-31.40356732537,
    -31.49991920552));
#4323 = CARTESIAN_POINT('',(-13.1058556565,-31.4018382802,
    -31.49992950616));
#4324 = CARTESIAN_POINT('',(-13.10414443778,-31.40010919179,
    -31.49993901368));
#4325 = CARTESIAN_POINT('',(-13.10157769249,-31.39751549288,
    -31.49995208553));
#4326 = CARTESIAN_POINT('',(-13.10072212452,-31.39665091553,
    -31.49995624458));
#4327 = CARTESIAN_POINT('',(-13.09986657024,-31.395786327,-31.4999602054
    ));
#4328 = CARTESIAN_POINT('',(-13.09901102954,-31.39492172718,
    -31.49996396802));
#4329 = CARTESIAN_POINT('',(-13.09815550233,-31.39405711594,
    -31.49996753245));
#4330 = CARTESIAN_POINT('',(-13.09729998848,-31.39319249317,
    -31.49997089872));
#4331 = CARTESIAN_POINT('',(-13.09644448791,-31.39232785874,
    -31.49997406684));
#4332 = CARTESIAN_POINT('',(-13.09558900049,-31.39146321253,
    -31.49997703683));
#4333 = CARTESIAN_POINT('',(-13.09473352614,-31.39059855443,
    -31.49997980871));
#4334 = CARTESIAN_POINT('',(-13.09387806474,-31.3897338843,
    -31.4999823825));
#4335 = CARTESIAN_POINT('',(-13.09302261619,-31.38886920204,
    -31.49998475822));
#4336 = CARTESIAN_POINT('',(-13.09173946248,-31.38757216025,
    -31.49998802471));
#4337 = CARTESIAN_POINT('',(-13.09131174776,-31.38713980992,
    -31.49998906403));
#4338 = CARTESIAN_POINT('',(-13.09088403622,-31.38670745651,
    -31.49999005384));
#4339 = CARTESIAN_POINT('',(-13.09045632783,-31.38627510001,
    -31.49999099413));
#4340 = CARTESIAN_POINT('',(-13.09002862259,-31.3858427404,
    -31.49999188492));
#4341 = CARTESIAN_POINT('',(-13.08960092048,-31.38541037765,
    -31.49999272621));
#4342 = CARTESIAN_POINT('',(-13.0891732215,-31.38497801177,
    -31.49999351799));
#4343 = CARTESIAN_POINT('',(-13.08874552561,-31.38454564273,
    -31.49999426027));
#4344 = CARTESIAN_POINT('',(-13.08831783283,-31.38411327052,
    -31.49999495305));
#4345 = CARTESIAN_POINT('',(-13.08789014312,-31.38368089512,
    -31.49999559634));
#4346 = CARTESIAN_POINT('',(-13.08746245648,-31.38324851652,
    -31.49999619013));
#4347 = CARTESIAN_POINT('',(-13.08682093109,-31.38259994379,
    -31.49999700658));
#4348 = CARTESIAN_POINT('',(-13.08660709006,-31.38238375207,
    -31.49999726635));
#4349 = CARTESIAN_POINT('',(-13.08639324979,-31.38216755955,
    -31.49999751376));
#4350 = CARTESIAN_POINT('',(-13.08617941028,-31.38195136622,
    -31.49999774879));
#4351 = CARTESIAN_POINT('',(-13.08596557153,-31.38173517209,
    -31.49999797145));
#4352 = CARTESIAN_POINT('',(-13.08575173354,-31.38151897713,
    -31.49999818173));
#4353 = CARTESIAN_POINT('',(-13.0855378963,-31.38130278137,
    -31.49999837965));
#4354 = CARTESIAN_POINT('',(-13.08532405981,-31.38108658479,
    -31.49999856519));
#4355 = CARTESIAN_POINT('',(-13.08511022408,-31.38087038739,
    -31.49999873837));
#4356 = CARTESIAN_POINT('',(-13.0848963891,-31.38065418917,
    -31.49999889917));
#4357 = CARTESIAN_POINT('',(-13.08468255486,-31.38043799013,
    -31.4999990476));
#4358 = CARTESIAN_POINT('',(-13.08436180463,-31.38011369034,
    -31.49999925169));
#4359 = CARTESIAN_POINT('',(-13.08425488807,-31.3800055902,
    -31.49999931663));
#4360 = CARTESIAN_POINT('',(-13.0841479717,-31.37989748985,
    -31.49999937847));
#4361 = CARTESIAN_POINT('',(-13.08404105551,-31.3797893893,
    -31.49999943723));
#4362 = CARTESIAN_POINT('',(-13.08393413951,-31.37968128855,
    -31.49999949288));
#4363 = CARTESIAN_POINT('',(-13.0838272237,-31.37957318758,
    -31.49999954545));
#4364 = CARTESIAN_POINT('',(-13.08372030807,-31.37946508641,
    -31.49999959493));
#4365 = CARTESIAN_POINT('',(-13.08361339263,-31.37935698503,
    -31.49999964131));
#4366 = CARTESIAN_POINT('',(-13.08350647737,-31.37924888345,
    -31.4999996846));
#4367 = CARTESIAN_POINT('',(-13.0833995623,-31.37914078166,
    -31.4999997248));
#4368 = CARTESIAN_POINT('',(-13.08329264741,-31.37903267965,
    -31.4999997619));
#4369 = CARTESIAN_POINT('',(-13.08307881801,-31.37881647524,
    -31.49999982993));
#4370 = CARTESIAN_POINT('',(-13.08293877986,-31.37877551771,
    -31.49999986085));
#4371 = CARTESIAN_POINT('',(-13.08307963027,-31.37816517129,
    -31.49999988868));
#4372 = CARTESIAN_POINT('',(-13.08205850397,-31.37991026746,
    -31.49999991342));
#4373 = CARTESIAN_POINT('',(-13.08410860073,-31.37542968903,
    -31.49999993506));
#4374 = CARTESIAN_POINT('',(-13.0804361648,-31.382549254,-31.49999995361
    ));
#4375 = CARTESIAN_POINT('',(-13.08462349335,-31.37373629435,
    -31.49999996908));
#4376 = CARTESIAN_POINT('',(-13.08069808762,-31.38136865461,
    -31.49999998144));
#4377 = CARTESIAN_POINT('',(-13.08308207161,-31.37621125418,
    -31.49999999072));
#4378 = CARTESIAN_POINT('',(-13.08181848128,-31.37844785003,
    -31.4999999969));
#4379 = CARTESIAN_POINT('',(-13.08206573646,-31.37762181186,-31.5));
#4380 = CARTESIAN_POINT('',(-13.08190276842,-31.37762733713,-31.5));
#4381 = CARTESIAN_POINT('',(-15.46592158466,-32.54750007521,-29.5));
#4382 = CARTESIAN_POINT('',(-15.46592158466,-32.54750007521,
    -29.66246357793));
#4383 = CARTESIAN_POINT('',(-15.45569538503,-32.54042425211,
    -29.82185476684));
#4384 = CARTESIAN_POINT('',(-15.43523212685,-32.52646567794,
    -29.97853653886));
#4385 = CARTESIAN_POINT('',(-15.40375974167,-32.50609791178,
    -30.13500617367));
#4386 = CARTESIAN_POINT('',(-15.34727454116,-32.47524284599,
    -30.29381105307));
#4387 = CARTESIAN_POINT('',(-15.27175975444,-32.43704178278,
    -30.43850904606));
#4388 = CARTESIAN_POINT('',(-15.18341828794,-32.39349329687,
    -30.57012403983));
#4389 = CARTESIAN_POINT('',(-15.08364355775,-32.34499028552,
    -30.69338413436));
#4390 = CARTESIAN_POINT('',(-14.97618277532,-32.29340916434,
    -30.80164070743));
#4391 = CARTESIAN_POINT('',(-14.86270169645,-32.23902923287,
    -30.90071909505));
#4392 = CARTESIAN_POINT('',(-14.74437377419,-32.18245705129,
    -30.98920869536));
#4393 = CARTESIAN_POINT('',(-14.56343717613,-32.09592892472,
    -31.10654172939));
#4394 = CARTESIAN_POINT('',(-14.50341587154,-32.06722336704,
    -31.14268883606));
#4395 = CARTESIAN_POINT('',(-14.44254706112,-32.03810046132,
    -31.17674798288));
#4396 = CARTESIAN_POINT('',(-14.38093131681,-32.00859986231,
    -31.20877781217));
#4397 = CARTESIAN_POINT('',(-14.3186577667,-31.97875718738,
    -31.23883221608));
#4398 = CARTESIAN_POINT('',(-14.25580551099,-31.94860449442,
    -31.26696089351));
#4399 = CARTESIAN_POINT('',(-14.19244499154,-31.91817074841,
    -31.29320976454));
#4400 = CARTESIAN_POINT('',(-14.12863933666,-31.88748228487,
    -31.31762126158));
#4401 = CARTESIAN_POINT('',(-14.06444569875,-31.85656327682,
    -31.34023451424));
#4402 = CARTESIAN_POINT('',(-13.9999165995,-31.82543621101,
    -31.36108544204));
#4403 = CARTESIAN_POINT('',(-13.93510129522,-31.7941223783,
    -31.3802067679));
#4404 = CARTESIAN_POINT('',(-13.83761994107,-31.74695069228,
    -31.40631182725));
#4405 = CARTESIAN_POINT('',(-13.80512485846,-31.73121345332,
    -31.41457606208));
#4406 = CARTESIAN_POINT('',(-13.77256658327,-31.7154327581,
    -31.42242399772));
#4407 = CARTESIAN_POINT('',(-13.7399498034,-31.6996107104,
    -31.42985881017));
#4408 = CARTESIAN_POINT('',(-13.70727923897,-31.68374942636,
    -31.43688352593));
#4409 = CARTESIAN_POINT('',(-13.67455964476,-31.66785103571,
    -31.44350102626));
#4410 = CARTESIAN_POINT('',(-13.64179581269,-31.65191768289,
    -31.44971405123));
#4411 = CARTESIAN_POINT('',(-13.60899257415,-31.63595152826,
    -31.45552520365));
#4412 = CARTESIAN_POINT('',(-13.57615480243,-31.6199547492,
    -31.46093695287));
#4413 = CARTESIAN_POINT('',(-13.54328741502,-31.60392954125,
    -31.46595163836));
#4414 = CARTESIAN_POINT('',(-13.51039537593,-31.58787811926,
    -31.47057147332));
#4415 = CARTESIAN_POINT('',(-13.46103995351,-31.56377092546,
    -31.47691053193));
#4416 = CARTESIAN_POINT('',(-13.44458981625,-31.5557324524,
    -31.47892464032));
#4417 = CARTESIAN_POINT('',(-13.42813372484,-31.547687503,-31.4808411072
    ));
#4418 = CARTESIAN_POINT('',(-13.41167211894,-31.53963628125,
    -31.48266015958));
#4419 = CARTESIAN_POINT('',(-13.3952054393,-31.53157899147,
    -31.48438201741));
#4420 = CARTESIAN_POINT('',(-13.37873412775,-31.52351583824,
    -31.48600689376));
#4421 = CARTESIAN_POINT('',(-13.36225862731,-31.51544702652,
    -31.48753499477));
#4422 = CARTESIAN_POINT('',(-13.3457793822,-31.5073727616,
    -31.48896651978));
#4423 = CARTESIAN_POINT('',(-13.32929683792,-31.49929324919,
    -31.49030166132));
#4424 = CARTESIAN_POINT('',(-13.31281144126,-31.49120869537,
    -31.49154060522));
#4425 = CARTESIAN_POINT('',(-13.2963236404,-31.48311930669,
    -31.49268353066));
#4426 = CARTESIAN_POINT('',(-13.27159050777,-31.47097901841,
    -31.49425405462));
#4427 = CARTESIAN_POINT('',(-13.26334648688,-31.46693151549,
    -31.49475355309));
#4428 = CARTESIAN_POINT('',(-13.25510186831,-31.46288280305,
    -31.49522912381));
#4429 = CARTESIAN_POINT('',(-13.24685669814,-31.45883290279,
    -31.4956807846));
#4430 = CARTESIAN_POINT('',(-13.23861102248,-31.45478183641,
    -31.49610855289));
#4431 = CARTESIAN_POINT('',(-13.23036488747,-31.45072962562,
    -31.49651244572));
#4432 = CARTESIAN_POINT('',(-13.2221183393,-31.4466762921,
    -31.49689247969));
#4433 = CARTESIAN_POINT('',(-13.21387142415,-31.44262185755,
    -31.49724867104));
#4434 = CARTESIAN_POINT('',(-13.20562418826,-31.43856634367,
    -31.49758103559));
#4435 = CARTESIAN_POINT('',(-13.1973766779,-31.43450977216,
    -31.49788958877));
#4436 = CARTESIAN_POINT('',(-13.18912893937,-31.43045216472,
    -31.49817434561));
#4437 = CARTESIAN_POINT('',(-13.17675724614,-31.42436432439,
    -31.49856580237));
#4438 = CARTESIAN_POINT('',(-13.17263340976,-31.42233484339,
    -31.49869033938));
#4439 = CARTESIAN_POINT('',(-13.16850951506,-31.42030510252,
    -31.49880893332));
#4440 = CARTESIAN_POINT('',(-13.16438556723,-31.41827510424,
    -31.49892158571));
#4441 = CARTESIAN_POINT('',(-13.16026157149,-31.41624485102,
    -31.49902829806));
#4442 = CARTESIAN_POINT('',(-13.15613753302,-31.41421434532,
    -31.49912907183));
#4443 = CARTESIAN_POINT('',(-13.15201345703,-31.41218358961,
    -31.4992239085));
#4444 = CARTESIAN_POINT('',(-13.14788934872,-31.41015258634,
    -31.49931280948));
#4445 = CARTESIAN_POINT('',(-13.14376521329,-31.40812133798,
    -31.49939577617));
#4446 = CARTESIAN_POINT('',(-13.13964105593,-31.40608984699,
    -31.49947280996));
#4447 = CARTESIAN_POINT('',(-13.13551688185,-31.40405811583,
    -31.49954391221));
#4448 = CARTESIAN_POINT('',(-13.12933062687,-31.40101017405,
    -31.49964166987));
#4449 = CARTESIAN_POINT('',(-13.12726855242,-31.39999414065,
    -31.499672773));
#4450 = CARTESIAN_POINT('',(-13.12520647351,-31.39897804704,
    -31.49970239377));
#4451 = CARTESIAN_POINT('',(-13.12314439076,-31.39796189352,
    -31.49973053231));
#4452 = CARTESIAN_POINT('',(-13.12108230478,-31.39694568037,
    -31.49975718879));
#4453 = CARTESIAN_POINT('',(-13.1190202162,-31.39592940789,
    -31.49978236332));
#4454 = CARTESIAN_POINT('',(-13.11695812561,-31.39491307637,
    -31.49980605607));
#4455 = CARTESIAN_POINT('',(-13.11489603365,-31.39389668611,
    -31.49982826716));
#4456 = CARTESIAN_POINT('',(-13.1128339409,-31.39288023738,
    -31.49984899673));
#4457 = CARTESIAN_POINT('',(-13.11077184801,-31.3918637305,
    -31.49986824491));
#4458 = CARTESIAN_POINT('',(-13.10870975557,-31.39084716575,
    -31.49988601185));
#4459 = CARTESIAN_POINT('',(-13.10561662145,-31.38932223369,
    -31.49991044057));
#4460 = CARTESIAN_POINT('',(-13.10458557869,-31.38881390943,
    -31.49991821318));
#4461 = CARTESIAN_POINT('',(-13.10355453601,-31.38830557069,
    -31.49992561553));
#4462 = CARTESIAN_POINT('',(-13.10252349347,-31.38779721749,
    -31.49993264764));
#4463 = CARTESIAN_POINT('',(-13.10149245115,-31.38728884987,
    -31.49993930951));
#4464 = CARTESIAN_POINT('',(-13.10046140914,-31.38678046786,
    -31.49994560117));
#4465 = CARTESIAN_POINT('',(-13.09943036749,-31.38627207151,
    -31.49995152263));
#4466 = CARTESIAN_POINT('',(-13.09839932629,-31.38576366084,
    -31.4999570739));
#4467 = CARTESIAN_POINT('',(-13.0973682856,-31.38525523589,-31.499962255
    ));
#4468 = CARTESIAN_POINT('',(-13.09633724551,-31.38474679669,
    -31.49996706595));
#4469 = CARTESIAN_POINT('',(-13.09530620609,-31.38423834329,
    -31.49997150675));
#4470 = CARTESIAN_POINT('',(-13.09375964845,-31.38347564211,
    -31.49997761275));
#4471 = CARTESIAN_POINT('',(-13.09324412963,-31.38322140495,
    -31.49997955556));
#4472 = CARTESIAN_POINT('',(-13.09272861097,-31.38296716423,
    -31.49998140583));
#4473 = CARTESIAN_POINT('',(-13.09221309248,-31.38271291995,
    -31.49998316357));
#4474 = CARTESIAN_POINT('',(-13.09169757417,-31.38245867213,
    -31.49998482879));
#4475 = CARTESIAN_POINT('',(-13.09118205605,-31.38220442077,
    -31.49998640148));
#4476 = CARTESIAN_POINT('',(-13.09066653813,-31.38195016588,
    -31.49998788165));
#4477 = CARTESIAN_POINT('',(-13.09015102042,-31.38169590744,
    -31.4999892693));
#4478 = CARTESIAN_POINT('',(-13.08963550292,-31.38144164548,
    -31.49999056443));
#4479 = CARTESIAN_POINT('',(-13.08911998565,-31.38118738,-31.49999176704
    ));
#4480 = CARTESIAN_POINT('',(-13.08860446861,-31.38093311099,
    -31.49999287713));
#4481 = CARTESIAN_POINT('',(-13.08783119347,-31.38055170223,
    -31.49999440349));
#4482 = CARTESIAN_POINT('',(-13.08757343518,-31.38042456512,
    -31.49999488915));
#4483 = CARTESIAN_POINT('',(-13.08731567694,-31.38029742712,
    -31.49999535169));
#4484 = CARTESIAN_POINT('',(-13.08705791877,-31.38017028824,
    -31.49999579109));
#4485 = CARTESIAN_POINT('',(-13.08680016065,-31.38004314848,
    -31.49999620736));
#4486 = CARTESIAN_POINT('',(-13.08654240259,-31.37991600784,
    -31.49999660051));
#4487 = CARTESIAN_POINT('',(-13.0862846446,-31.37978886632,
    -31.49999697053));
#4488 = CARTESIAN_POINT('',(-13.08602688667,-31.37966172393,
    -31.49999731742));
#4489 = CARTESIAN_POINT('',(-13.08576912881,-31.37953458066,
    -31.49999764119));
#4490 = CARTESIAN_POINT('',(-13.08551137101,-31.37940743651,
    -31.49999794182));
#4491 = CARTESIAN_POINT('',(-13.08525361328,-31.37928029149,
    -31.49999821933));
#4492 = CARTESIAN_POINT('',(-13.08486697679,-31.37908957264,
    -31.49999860091));
#4493 = CARTESIAN_POINT('',(-13.08473809799,-31.37902599948,
    -31.49999872232));
#4494 = CARTESIAN_POINT('',(-13.08460921919,-31.37896242609,
    -31.49999883795));
#4495 = CARTESIAN_POINT('',(-13.08448034042,-31.37889885249,
    -31.49999894779));
#4496 = CARTESIAN_POINT('',(-13.08435146166,-31.37883527866,
    -31.49999905186));
#4497 = CARTESIAN_POINT('',(-13.08422258292,-31.37877170462,
    -31.49999915014));
#4498 = CARTESIAN_POINT('',(-13.08409370419,-31.37870813036,
    -31.49999924264));
#4499 = CARTESIAN_POINT('',(-13.08396482549,-31.37864455588,
    -31.49999932936));
#4500 = CARTESIAN_POINT('',(-13.0838359468,-31.37858098118,
    -31.4999994103));
#4501 = CARTESIAN_POINT('',(-13.08370706813,-31.37851740627,
    -31.49999948546));
#4502 = CARTESIAN_POINT('',(-13.08357818947,-31.37845383113,
    -31.49999955484));
#4503 = CARTESIAN_POINT('',(-13.0833204322,-31.37832668043,
    -31.49999968203));
#4504 = CARTESIAN_POINT('',(-13.08315842996,-31.37833024975,
    -31.49999973984));
#4505 = CARTESIAN_POINT('',(-13.08327731611,-31.37776443016,
    -31.49999979187));
#4506 = CARTESIAN_POINT('',(-13.08223422536,-31.37955405318,
    -31.49999983812));
#4507 = CARTESIAN_POINT('',(-13.08426235755,-31.37511800152,
    -31.49999987859));
#4508 = CARTESIAN_POINT('',(-13.08056795682,-31.38228209335,
    -31.49999991327));
#4509 = CARTESIAN_POINT('',(-13.08473332046,-31.37351366047,
    -31.49999994219));
#4510 = CARTESIAN_POINT('',(-13.08078594963,-31.38119054753,
    -31.49999996531));
#4511 = CARTESIAN_POINT('',(-13.08314796836,-31.37607767388,
    -31.49999998265));
#4512 = CARTESIAN_POINT('',(-13.08186241262,-31.3783587965,
    -31.49999999421));
#4513 = CARTESIAN_POINT('',(-13.08208770221,-31.3775772851,-31.5));
#4514 = CARTESIAN_POINT('',(-13.08190276842,-31.37762733713,-31.5));
#4515 = CARTESIAN_POINT('',(-16.8787611953,-31.80303563908,-29.5));
#4516 = CARTESIAN_POINT('',(-16.8787611953,-31.80303563908,
    -29.76349073677));
#4517 = CARTESIAN_POINT('',(-16.8138325617,-31.79440885703,
    -30.02710517505));
#4518 = CARTESIAN_POINT('',(-16.68405001607,-31.7773197329,
    -30.27221860351));
#4519 = CARTESIAN_POINT('',(-16.50379659857,-31.75396210702,
    -30.4801978086));
#4520 = CARTESIAN_POINT('',(-16.30321518759,-31.7323397413,
    -30.64508410018));
#4521 = CARTESIAN_POINT('',(-16.10602635385,-31.71233676084,
    -30.77934726847));
#4522 = CARTESIAN_POINT('',(-15.91032714875,-31.69250531408,
    -30.89257556732));
#4523 = CARTESIAN_POINT('',(-15.71506203252,-31.67349602641,
    -30.98703728052));
#4524 = CARTESIAN_POINT('',(-15.52996957891,-31.65497796075,
    -31.0666079863));
#4525 = CARTESIAN_POINT('',(-15.34686635212,-31.63657221575,
    -31.13526494893));
#4526 = CARTESIAN_POINT('',(-15.16902224514,-31.61829849289,
    -31.19411539495));
#4527 = CARTESIAN_POINT('',(-14.90934094346,-31.59108047563,
    -31.2698987894));
#4528 = CARTESIAN_POINT('',(-14.8246715618,-31.5821127583,
    -31.29292955384));
#4529 = CARTESIAN_POINT('',(-14.74088090975,-31.57314246314,
    -31.31417754403));
#4530 = CARTESIAN_POINT('',(-14.65788567708,-31.56416077855,
    -31.33379408584));
#4531 = CARTESIAN_POINT('',(-14.5756094505,-31.55516072982,
    -31.35190637205));
#4532 = CARTESIAN_POINT('',(-14.49398226657,-31.54613689758,
    -31.36862062365));
#4533 = CARTESIAN_POINT('',(-14.41294016458,-31.5370851363,
    -31.38402525111));
#4534 = CARTESIAN_POINT('',(-14.33242473952,-31.5280022928,
    -31.39819401565));
#4535 = CARTESIAN_POINT('',(-14.25238269495,-31.51888592475,
    -31.41118919049));
#4536 = CARTESIAN_POINT('',(-14.17276539597,-31.5097340191,
    -31.42306472214));
#4537 = CARTESIAN_POINT('',(-14.09352842208,-31.50054471068,
    -31.43386939166));
#4538 = CARTESIAN_POINT('',(-13.97518246919,-31.48670164554,
    -31.44854026804));
#4539 = CARTESIAN_POINT('',(-13.93581779481,-31.48207748121,
    -31.45317621084));
#4540 = CARTESIAN_POINT('',(-13.89653244337,-31.477443315,
    -31.45756157755));
#4541 = CARTESIAN_POINT('',(-13.85732176124,-31.47279895435,
    -31.46170014144));
#4542 = CARTESIAN_POINT('',(-13.81818109475,-31.46814420667,
    -31.46559567578));
#4543 = CARTESIAN_POINT('',(-13.7791057903,-31.46347887938,
    -31.46925195381));
#4544 = CARTESIAN_POINT('',(-13.7400911942,-31.45880277992,
    -31.4726727488));
#4545 = CARTESIAN_POINT('',(-13.70113265286,-31.4541157157,
    -31.47586183401));
#4546 = CARTESIAN_POINT('',(-13.6622255126,-31.44941749414,
    -31.47882298269));
#4547 = CARTESIAN_POINT('',(-13.6233651198,-31.44470792266,
    -31.48155996811));
#4548 = CARTESIAN_POINT('',(-13.58454682082,-31.4399868087,
    -31.48407656352));
#4549 = CARTESIAN_POINT('',(-13.5263755326,-31.43288753515,
    -31.48752653151));
#4550 = CARTESIAN_POINT('',(-13.50699460971,-31.43051817697,
    -31.48862194783));
#4551 = CARTESIAN_POINT('',(-13.48762262935,-31.42814585357,
    -31.48966305093));
#4552 = CARTESIAN_POINT('',(-13.46825902751,-31.42577053337,
    -31.49065010057));
#4553 = CARTESIAN_POINT('',(-13.44890324017,-31.42339218482,
    -31.49158335654));
#4554 = CARTESIAN_POINT('',(-13.42955470336,-31.42101077635,
    -31.49246307861));
#4555 = CARTESIAN_POINT('',(-13.41021285304,-31.4186262764,
    -31.49328952656));
#4556 = CARTESIAN_POINT('',(-13.39087712523,-31.41623865339,
    -31.49406296017));
#4557 = CARTESIAN_POINT('',(-13.3715469559,-31.41384787577,
    -31.49478363922));
#4558 = CARTESIAN_POINT('',(-13.35222178108,-31.41145391197,
    -31.49545182347));
#4559 = CARTESIAN_POINT('',(-13.33290103675,-31.40905673042,
    -31.49606777273));
#4560 = CARTESIAN_POINT('',(-13.30392571997,-31.40545608413,
    -31.49691373376));
#4561 = CARTESIAN_POINT('',(-13.2942682439,-31.404255055,-31.49718270784
    ));
#4562 = CARTESIAN_POINT('',(-13.28461165569,-31.40305320718,
    -31.49743869035));
#4563 = CARTESIAN_POINT('',(-13.27495588035,-31.40185053568,
    -31.49768170263));
#4564 = CARTESIAN_POINT('',(-13.26530084289,-31.40064703552,
    -31.49791176603));
#4565 = CARTESIAN_POINT('',(-13.25564646834,-31.39944270169,
    -31.4981289019));
#4566 = CARTESIAN_POINT('',(-13.24599268169,-31.39823752923,
    -31.49833313159));
#4567 = CARTESIAN_POINT('',(-13.23633940796,-31.39703151312,
    -31.49852447645));
#4568 = CARTESIAN_POINT('',(-13.22668657216,-31.39582464839,
    -31.49870295783));
#4569 = CARTESIAN_POINT('',(-13.21703409931,-31.39461693004,
    -31.49886859707));
#4570 = CARTESIAN_POINT('',(-13.20738191441,-31.39340835309,
    -31.49902141553));
#4571 = CARTESIAN_POINT('',(-13.19290395651,-31.39159419226,
    -31.49923144407));
#4572 = CARTESIAN_POINT('',(-13.18807802313,-31.39098925597,
    -31.49929825259));
#4573 = CARTESIAN_POINT('',(-13.18325213252,-31.39038410293,
    -31.4993618621));
#4574 = CARTESIAN_POINT('',(-13.17842627482,-31.38977873246,
    -31.4994222746));
#4575 = CARTESIAN_POINT('',(-13.17360044021,-31.38917314384,
    -31.49947949208));
#4576 = CARTESIAN_POINT('',(-13.16877461883,-31.38856733637,
    -31.49953351651));
#4577 = CARTESIAN_POINT('',(-13.16394880088,-31.38796130934,
    -31.4995843499));
#4578 = CARTESIAN_POINT('',(-13.15912297648,-31.38735506204,
    -31.49963199422));
#4579 = CARTESIAN_POINT('',(-13.15429713582,-31.38674859376,
    -31.49967645147));
#4580 = CARTESIAN_POINT('',(-13.14947126905,-31.3861419038,
    -31.49971772364));
#4581 = CARTESIAN_POINT('',(-13.14464536635,-31.38553499146,
    -31.4997558127));
#4582 = CARTESIAN_POINT('',(-13.13740644361,-31.38462428829,
    -31.49980817464));
#4583 = CARTESIAN_POINT('',(-13.13499345787,-31.38432066478,
    -31.49982483327));
#4584 = CARTESIAN_POINT('',(-13.13258045936,-31.3840169854,
    -31.49984069676));
#4585 = CARTESIAN_POINT('',(-13.13016744683,-31.38371325005,
    -31.49985576531));
#4586 = CARTESIAN_POINT('',(-13.127754419,-31.38340945862,
    -31.49987003913));
#4587 = CARTESIAN_POINT('',(-13.12534137461,-31.38310561104,
    -31.49988351842));
#4588 = CARTESIAN_POINT('',(-13.12292831239,-31.38280170721,
    -31.4998962034));
#4589 = CARTESIAN_POINT('',(-13.1205152311,-31.38249774702,
    -31.49990809426));
#4590 = CARTESIAN_POINT('',(-13.11810212944,-31.38219373039,
    -31.49991919121));
#4591 = CARTESIAN_POINT('',(-13.11568900617,-31.38188965723,
    -31.49992949446));
#4592 = CARTESIAN_POINT('',(-13.11327586001,-31.38158552743,
    -31.49993900422));
#4593 = CARTESIAN_POINT('',(-13.10965610456,-31.38112924765,
    -31.49995207891));
#4594 = CARTESIAN_POINT('',(-13.10844951336,-31.38097714021,
    -31.49995623882));
#4595 = CARTESIAN_POINT('',(-13.10724291597,-31.38082501857,
    -31.49996020042));
#4596 = CARTESIAN_POINT('',(-13.10603631221,-31.38067288273,
    -31.49996396374));
#4597 = CARTESIAN_POINT('',(-13.10482970194,-31.38052073266,
    -31.4999675288));
#4598 = CARTESIAN_POINT('',(-13.10362308497,-31.38036856837,
    -31.49997089563));
#4599 = CARTESIAN_POINT('',(-13.10241646117,-31.38021638984,
    -31.49997406424));
#4600 = CARTESIAN_POINT('',(-13.10120983036,-31.38006419705,
    -31.49997703466));
#4601 = CARTESIAN_POINT('',(-13.10000319239,-31.37991198999,
    -31.49997980692));
#4602 = CARTESIAN_POINT('',(-13.09879654709,-31.37975976865,
    -31.49998238104));
#4603 = CARTESIAN_POINT('',(-13.09758989431,-31.37960753302,
    -31.49998475704));
#4604 = CARTESIAN_POINT('',(-13.09577990366,-31.37937915812,
    -31.49998802388));
#4605 = CARTESIAN_POINT('',(-13.09517657154,-31.37930302958,
    -31.49998906331));
#4606 = CARTESIAN_POINT('',(-13.09457323748,-31.37922689746,
    -31.49999005321));
#4607 = CARTESIAN_POINT('',(-13.09396990147,-31.37915076176,
    -31.4999909936));
#4608 = CARTESIAN_POINT('',(-13.09336656349,-31.37907462249,
    -31.49999188446));
#4609 = CARTESIAN_POINT('',(-13.09276322351,-31.37899847962,
    -31.49999272582));
#4610 = CARTESIAN_POINT('',(-13.09215988153,-31.37892233318,
    -31.49999351766));
#4611 = CARTESIAN_POINT('',(-13.0915565375,-31.37884618315,-31.49999426)
  );
#4612 = CARTESIAN_POINT('',(-13.09095319143,-31.37877002953,
    -31.49999495283));
#4613 = CARTESIAN_POINT('',(-13.09034984328,-31.37869387233,
    -31.49999559615));
#4614 = CARTESIAN_POINT('',(-13.08974649304,-31.37861771153,
    -31.49999618998));
#4615 = CARTESIAN_POINT('',(-13.08884146451,-31.37850346495,
    -31.49999700647));
#4616 = CARTESIAN_POINT('',(-13.0885397878,-31.37846538186,
    -31.49999726626));
#4617 = CARTESIAN_POINT('',(-13.08823811056,-31.37842729787,
    -31.49999751368));
#4618 = CARTESIAN_POINT('',(-13.08793643279,-31.37838921298,
    -31.49999774872));
#4619 = CARTESIAN_POINT('',(-13.08763475449,-31.3783511272,
    -31.49999797139));
#4620 = CARTESIAN_POINT('',(-13.08733307564,-31.37831304051,
    -31.49999818169));
#4621 = CARTESIAN_POINT('',(-13.08703139625,-31.37827495293,
    -31.49999837961));
#4622 = CARTESIAN_POINT('',(-13.08672971632,-31.37823686445,
    -31.49999856516));
#4623 = CARTESIAN_POINT('',(-13.08642803584,-31.37819877507,
    -31.49999873834));
#4624 = CARTESIAN_POINT('',(-13.08612635482,-31.37816068478,
    -31.49999889914));
#4625 = CARTESIAN_POINT('',(-13.08582467324,-31.3781225936,
    -31.49999904758));
#4626 = CARTESIAN_POINT('',(-13.08537215004,-31.37806545548,
    -31.49999925168));
#4627 = CARTESIAN_POINT('',(-13.08522130884,-31.37804640922,
    -31.49999931662));
#4628 = CARTESIAN_POINT('',(-13.0850704675,-31.37802736273,
    -31.49999937846));
#4629 = CARTESIAN_POINT('',(-13.08491962602,-31.37800831601,
    -31.49999943722));
#4630 = CARTESIAN_POINT('',(-13.08476878439,-31.37798926907,
    -31.49999949288));
#4631 = CARTESIAN_POINT('',(-13.08461794263,-31.37797022191,
    -31.49999954545));
#4632 = CARTESIAN_POINT('',(-13.08446710073,-31.37795117452,
    -31.49999959492));
#4633 = CARTESIAN_POINT('',(-13.08431625869,-31.3779321269,
    -31.49999964131));
#4634 = CARTESIAN_POINT('',(-13.08416541651,-31.37791307906,
    -31.4999996846));
#4635 = CARTESIAN_POINT('',(-13.08401457418,-31.377894031,-31.4999997248
    ));
#4636 = CARTESIAN_POINT('',(-13.08386373172,-31.37787498271,
    -31.4999997619));
#4637 = CARTESIAN_POINT('',(-13.08356204651,-31.37783688567,
    -31.49999982993));
#4638 = CARTESIAN_POINT('',(-13.08337808013,-31.37788498182,
    -31.49999986085));
#4639 = CARTESIAN_POINT('',(-13.08347500198,-31.37736368907,
    -31.49999988868));
#4640 = CARTESIAN_POINT('',(-13.08240994681,-31.37919783887,
    -31.49999991342));
#4641 = CARTESIAN_POINT('',(-13.08441611434,-31.3748063141,
    -31.49999993506));
#4642 = CARTESIAN_POINT('',(-13.0806997489,-31.38201493262,
    -31.49999995362));
#4643 = CARTESIAN_POINT('',(-13.08484314755,-31.37329102664,
    -31.49999996907));
#4644 = CARTESIAN_POINT('',(-13.08087381166,-31.38101244042,
    -31.49999998144));
#4645 = CARTESIAN_POINT('',(-13.08321386511,-31.37594409359,
    -31.49999999072));
#4646 = CARTESIAN_POINT('',(-13.08190634395,-31.37826974297,
    -31.4999999969));
#4647 = CARTESIAN_POINT('',(-13.08210966796,-31.37753275834,-31.5));
#4648 = CARTESIAN_POINT('',(-13.08190276842,-31.37762733713,-31.5));
#4649 = ( GEOMETRIC_REPRESENTATION_CONTEXT(3) 
GLOBAL_UNCERTAINTY_ASSIGNED_CONTEXT((#4653)) 
GLOBAL_UNIT_ASSIGNED_CONTEXT((#4650,#4651,#4652)) REPRESENTATION_CONTEXT
('Context #1','3D Context with UNIT and UNCERTAINTY') );
#4650 = ( LENGTH_UNIT() NAMED_UNIT(*) SI_UNIT(.MILLI.,.METRE.) );
#4651 = ( NAMED_UNIT(*) PLANE_ANGLE_UNIT() SI_UNIT($,.RADIAN.) );
#4652 = ( NAMED_UNIT(*) SI_UNIT($,.STERADIAN.) SOLID_ANGLE_UNIT() );
#4653 = UNCERTAINTY_MEASURE_WITH_UNIT(LENGTH_MEASURE(1.E-03),#4650,
  'distance_accuracy_value','confusion accuracy');
#4654 = PRODUCT_RELATED_PRODUCT_CATEGORY('part',$,(#7));
#4655 = MECHANICAL_DESIGN_GEOMETRIC_PRESENTATION_REPRESENTATION('',(
    #4656),#4649);
#4656 = STYLED_ITEM('color',(#4657),#15);
#4657 = PRESENTATION_STYLE_ASSIGNMENT((#4658,#4666));
#4658 = SURFACE_STYLE_USAGE(.BOTH.,#4659);
#4659 = SURFACE_SIDE_STYLE('',(#4660,#4664));
#4660 = SURFACE_STYLE_FILL_AREA(#4661);
#4661 = FILL_AREA_STYLE('',(#4662));
#4662 = FILL_AREA_STYLE_COLOUR('',#4663);
#4663 = COLOUR_RGB('',0.,0.23137255388,0.921568637116);
#4664 = SURFACE_STYLE_RENDERING_WITH_PROPERTIES(.NORMAL_SHADING.,#4663,(
    #4665));
#4665 = SURFACE_STYLE_TRANSPARENT(0.5);
#4666 = CURVE_STYLE('',#4667,POSITIVE_LENGTH_MEASURE(0.1),#4668);
#4667 = DRAUGHTING_PRE_DEFINED_CURVE_FONT('continuous');
#4668 = COLOUR_RGB('',9.803921802644E-02,9.803921802644E-02,
  9.803921802644E-02);
ENDSEC;
END-ISO-10303-21;
